k,dataset,model,auc_mean,auc_std,accuracy_mean,accuracy_std,sensitivity_mean,sensitivity_std,specificity_mean,specificity_std,precision_mean,precision_std,f1_mean,f1_std
5,BW,Simple Tree,0.6199426328502415,0.08776618742922172,0.6126984126984127,0.07770323606475955,0.4333333333333333,0.14337208778404378,0.7047101449275364,0.08837906462065555,0.43019480519480513,0.11038961038961038,0.4257477305303393,0.11627722116162821
5,BW,Medium Tree,0.5981884057971015,0.09634990634580837,0.6187301587301588,0.1126051480846123,0.5333333333333333,0.08498365855987973,0.6630434782608695,0.1552864905260164,0.4680952380952381,0.11213856022502877,0.49226884226884227,0.09349521558931205
5,BW,Complex Tree,0.5981884057971015,0.09634990634580837,0.6187301587301588,0.1126051480846123,0.5333333333333333,0.08498365855987973,0.6630434782608695,0.1552864905260164,0.4680952380952381,0.11213856022502877,0.49226884226884227,0.09349521558931205
5,BW,Linear Discriminant Analysis,0.6955917874396136,0.09911877210601223,0.669047619047619,0.08722796318325056,0.3166666666666667,0.12247448713915891,0.8485507246376811,0.09619957550884688,0.5331168831168831,0.17871186921319038,0.3905949656750572,0.14454210178510157
5,BW,Quadratic Discriminant Analysis,0.697705314009662,0.0858646284175767,0.6631746031746031,0.051185492559182005,0.3666666666666667,0.11303883305208781,0.8152173913043479,0.10602392797820567,0.5275641025641026,0.10430414990329,0.4148888888888889,0.08918173981286405
5,BW,Logistic Regression,0.702506038647343,0.08135122622010536,0.6688888888888889,0.057746808375450674,0.30000000000000004,0.10000000000000002,0.8568840579710144,0.06101604184064022,0.5202380952380953,0.1359229807256389,0.37556390977443604,0.11456238769768969
5,BW,Linear SVM,0.6984601449275363,0.09273441625688628,0.6409523809523809,0.040551128885862875,0.18333333333333332,0.097182531580755,0.8739130434782609,0.07373522230095651,0.4057142857142857,0.23503557891521248,0.24422232050715023,0.12554801530971577
5,BW,Quadratic SVM,0.48716787439613524,0.12033048479094967,0.6517460317460316,0.020759089173678462,0.03333333333333333,0.06666666666666667,0.9666666666666668,0.06666666666666667,0.06666666666666667,0.13333333333333333,0.04444444444444444,0.08888888888888888
5,BW,Cubic SVM,0.6960446859903382,0.07661521768867992,0.6744444444444445,0.04306358274962806,0.14999999999999997,0.0816496580927726,0.941304347826087,0.05641712727113468,0.5499999999999999,0.348010216963685,0.22992063492063491,0.1252469467972604
5,BW,Fine Gaussian SVM,0.6278985507246377,0.060662518212610934,0.6404761904761905,0.04739098827535982,0.16666666666666669,0.14907119849998599,0.8826086956521738,0.11587067550745567,0.3435897435897436,0.2423924692285726,0.2066666666666667,0.15522385269166736
5,BW,Medium Gaussian SVM,0.7125301932367151,0.09436168566620215,0.68,0.05008785428512969,0.25000000000000006,0.09128709291752769,0.8996376811594203,0.07700958895222214,0.636904761904762,0.22392347656288536,0.33889724310776936,0.09509822204558917
5,BW,Coarse Gaussian SVM,0.7177838164251208,0.07112520484859992,0.663015873015873,0.029744862845695684,0.19999999999999998,0.1247219128924647,0.898913043478261,0.08614049474619168,0.4688888888888889,0.3188250032793058,0.2603921568627451,0.1435968764532559
5,BW,Fine KNN,0.5980072463768116,0.07976035967725706,0.6241269841269841,0.06901130225369112,0.5166666666666666,0.13333333333333336,0.6793478260869564,0.07289725414469155,0.45151172357054714,0.09357654767174133,0.47820004283572504,0.10016429784329549
5,BW,Medium KNN,0.7301177536231884,0.05362553020058447,0.6855555555555555,0.03992434265971428,0.4833333333333334,0.033333333333333326,0.7887681159420291,0.07465526738080884,0.5551648351648352,0.09184972737460902,0.5103540669856459,0.022902414555615702
5,BW,Coarse KNN,0.7064764492753624,0.06713277261012997,0.6628571428571428,0.004665694748158418,0.0,0.0,1.0,0.0,0.0,0.0,0.0,0.0
5,BW,Cosine KNN,0.7134661835748792,0.06914297354443819,0.6914285714285715,0.0665747665897918,0.5333333333333333,0.08498365855987973,0.7721014492753622,0.06572268025143903,0.5490909090909091,0.10643659883755312,0.5396205533596838,0.0903534059919567
5,BW,Weighted KNN,0.7291213768115942,0.0744758216050398,0.6744444444444444,0.05007527717071429,0.4166666666666667,0.11785113019775792,0.8061594202898551,0.08028449205130557,0.530952380952381,0.10795984808337748,0.4573954116059379,0.09378061463362142
5,BW,Boosted Trees,0.6982789855072464,0.10260643424409117,0.6574603174603174,0.076849989504705,0.35,0.14337208778404378,0.8148550724637682,0.10611922372988107,0.5107359307359307,0.16417840091977173,0.4010770910488234,0.12929198728791577
5,BW,Bagged Trees,0.6779287439613527,0.06051291487641737,0.6630158730158731,0.05791280228221029,0.5166666666666667,0.12247448713915891,0.7380434782608696,0.08702895533914451,0.5050505050505051,0.08778295017946242,0.5045962732919255,0.09042284198315047
5,BW,Subspace Discriminant,0.7277173913043478,0.07144198339500168,0.6968253968253968,0.047217886955861016,0.3166666666666667,0.09718253158075502,0.8905797101449275,0.041510419075570015,0.5916666666666667,0.13778701234505036,0.4084795321637428,0.11302446157748239
5,BW,Subspace KNN,0.7290006038647343,0.07367150377167947,0.6687301587301587,0.03519946402395489,0.33333333333333337,0.10540925533894599,0.8394927536231884,0.028885697721731517,0.5027777777777778,0.09638528651609708,0.3972582972582972,0.104682370359227
5,BW,RUSBoosted Trees,0.6982789855072464,0.10260643424409117,0.6574603174603174,0.076849989504705,0.35,0.14337208778404378,0.8148550724637682,0.10611922372988107,0.5107359307359307,0.16417840091977173,0.4010770910488234,0.12929198728791577
5,Doppler,Simple Tree,0.6958635265700484,0.12027267879025652,0.7196825396825396,0.07879701462448574,0.5,0.1178511301977579,0.8307971014492754,0.07854551028203484,0.6156709956709957,0.16762817047908316,0.5466056445461479,0.1230233777976548
5,Doppler,Medium Tree,0.673731884057971,0.0574289649161654,0.7139682539682539,0.06484588392590172,0.55,0.06666666666666668,0.797463768115942,0.0914408342644165,0.5947727272727272,0.10732375519777558,0.567193675889328,0.07549303643518307
5,Doppler,Complex Tree,0.673731884057971,0.0574289649161654,0.7139682539682539,0.06484588392590172,0.55,0.06666666666666668,0.797463768115942,0.0914408342644165,0.5947727272727272,0.10732375519777558,0.567193675889328,0.07549303643518307
5,Doppler,Linear Discriminant Analysis,0.8171799516908212,0.06969080434481018,0.7925396825396825,0.05029417116638047,0.6333333333333334,0.06666666666666665,0.8735507246376812,0.07374234338091913,0.7357503607503608,0.11386929561357842,0.6746711259754739,0.06359842082515815
5,Doppler,Quadratic Discriminant Analysis,0.8073671497584541,0.06991361153941994,0.7701587301587303,0.06286315507562426,0.6333333333333334,0.06666666666666665,0.8398550724637681,0.09554918698217824,0.6949145299145298,0.1363213299671692,0.6538518518518518,0.06942507384162404
5,Doppler,Logistic Regression,0.8086956521739129,0.07740231599152765,0.7814285714285715,0.05516095690378014,0.6166666666666667,0.08498365855987973,0.8652173913043478,0.08817533515132514,0.7245598845598845,0.12126139313276352,0.6564285108907535,0.06781918597803992
5,Doppler,Linear SVM,0.8032004830917874,0.07871664609145469,0.7757142857142857,0.0371767583721839,0.55,0.08498365855987973,0.8909420289855072,0.08523661421758037,0.7546536796536796,0.12549241479238535,0.622242954096501,0.046499665120169995
5,Doppler,Quadratic SVM,0.6488224637681159,0.07313961200931997,0.690952380952381,0.018081309036061137,0.13333333333333336,0.06666666666666667,0.975,0.049999999999999996,0.9,0.20000000000000004,0.2161172161172161,0.07773856934729557
5,Doppler,Cubic SVM,0.7815821256038646,0.09402808007808203,0.6968253968253968,0.03038760272869311,0.25,0.07453559924999298,0.925,0.08079466429027217,0.7531746031746032,0.22369692090251223,0.3496867167919799,0.05458267441509583
5,Doppler,Fine Gaussian SVM,0.7413647342995169,0.07376890537131892,0.6968253968253968,0.025152595516655746,0.16666666666666669,0.13944333775567927,0.9655797101449275,0.03244726547425815,0.6095238095238095,0.32908861986992377,0.24269905533063424,0.1722701449659068
5,Doppler,Medium Gaussian SVM,0.8076992753623188,0.04982052405294976,0.7926984126984127,0.046587774800874004,0.5833333333333333,0.09128709291752765,0.8992753623188406,0.08113515423981255,0.7737301587301586,0.12118722773995844,0.6538417138417139,0.07106730649527566
5,Doppler,Coarse Gaussian SVM,0.8033816425120774,0.07082168494195609,0.7704761904761905,0.07572842701789194,0.5666666666666667,0.0816496580927726,0.8742753623188406,0.1143436012518321,0.7400505050505051,0.16404609508961684,0.6289348976305498,0.09024097213140786
5,Doppler,Fine KNN,0.7067028985507247,0.07974801471956418,0.7361904761904763,0.07966071920291347,0.6166666666666667,0.11303883305208781,0.7967391304347826,0.09620503379564009,0.627973692973693,0.14786044341522345,0.6138976836368141,0.10201697969614079
5,Doppler,Medium KNN,0.80949577294686,0.06412442854912873,0.741904761904762,0.07014256798684643,0.6333333333333334,0.06666666666666665,0.7971014492753624,0.1025368720213541,0.6407342657342657,0.14099208793860152,0.6279613526570047,0.07383837709971562
5,Doppler,Coarse KNN,0.7960295893719807,0.07529309421303883,0.6628571428571428,0.004665694748158418,0.0,0.0,1.0,0.0,0.0,0.0,0.0,0.0
5,Doppler,Cosine KNN,0.7980676328502414,0.07185396280706213,0.7590476190476191,0.08933081753206645,0.6833333333333333,0.08164965809277261,0.7974637681159421,0.12421460888768927,0.6652287581699345,0.16332463681284146,0.6640207812621606,0.09781993056536432
5,Doppler,Weighted KNN,0.8209842995169083,0.07379812610685005,0.7479365079365079,0.07877654803322015,0.5833333333333334,0.09128709291752769,0.8315217391304348,0.10442705325630824,0.6692918192918192,0.15836174019028848,0.6133414304993252,0.09511959605782716
5,Doppler,Boosted Trees,0.7695350241545895,0.0780238659621711,0.7531746031746033,0.046483822775169874,0.5666666666666667,0.062360956446232345,0.8481884057971015,0.05521529913492387,0.6610256410256411,0.08900649681906728,0.608103896103896,0.0672068875025374
5,Doppler,Bagged Trees,0.8007548309178745,0.06611016887574082,0.7531746031746032,0.04933163773107003,0.6,0.06236095644623234,0.8311594202898551,0.09032863754050752,0.6712420912420912,0.12261732745192479,0.6232374700475387,0.04565928592131816
5,Doppler,Subspace Discriminant,0.8030495169082126,0.08449692602177718,0.7536507936507937,0.07761012056302326,0.4833333333333333,0.09718253158075499,0.8909420289855072,0.08523661421758037,0.7178932178932179,0.1775736257763343,0.5720024699429734,0.1165263632103868
5,Doppler,Subspace KNN,0.805163043478261,0.06596815257349,0.7706349206349207,0.08526631911315911,0.5333333333333334,0.1247219128924647,0.8909420289855072,0.08523661421758037,0.7325757575757575,0.17512556167156335,0.6107949055775143,0.13361733233076187
5,Doppler,RUSBoosted Trees,0.7695350241545895,0.0780238659621711,0.7531746031746033,0.046483822775169874,0.5666666666666667,0.062360956446232345,0.8481884057971015,0.05521529913492387,0.6610256410256411,0.08900649681906728,0.608103896103896,0.0672068875025374
5,BW+Doppler,Simple Tree,0.711262077294686,0.0968418285771132,0.703015873015873,0.07544676708543073,0.5666666666666667,0.16158932858054434,0.7717391304347826,0.09306023823045213,0.5658333333333333,0.12299503151663392,0.5571428571428572,0.11990326116970171
5,BW+Doppler,Medium Tree,0.7144927536231884,0.06078809679217803,0.7195238095238096,0.05644101619742359,0.7000000000000001,0.09999999999999999,0.7289855072463768,0.06683383263456526,0.5722727272727273,0.07199417446588852,0.6265010351966873,0.0719812387533964
5,BW+Doppler,Complex Tree,0.7144927536231884,0.06078809679217803,0.7195238095238096,0.05644101619742359,0.7000000000000001,0.09999999999999999,0.7289855072463768,0.06683383263456526,0.5722727272727273,0.07199417446588852,0.6265010351966873,0.0719812387533964
5,BW+Doppler,Linear Discriminant Analysis,0.8002415458937197,0.07382511257510468,0.7644444444444444,0.046693114198779355,0.55,0.08498365855987974,0.8735507246376812,0.07374234338091913,0.7079365079365079,0.12155041091477235,0.6112974744553691,0.07044634658647868
5,BW+Doppler,Quadratic Discriminant Analysis,0.8007850241545894,0.08876331981193603,0.7361904761904762,0.05034674427015301,0.5166666666666666,0.08164965809277258,0.8481884057971014,0.0889372833499553,0.6614285714285714,0.1331495331795836,0.5700291131870079,0.060883792003474255
5,BW+Doppler,Logistic Regression,0.7833635265700483,0.08796705081573945,0.7703174603174604,0.06251752084977716,0.5666666666666667,0.09718253158075499,0.8739130434782607,0.09438805660672168,0.7242063492063492,0.14901752658675002,0.6255269486848434,0.08868045934588153
5,BW+Doppler,Linear SVM,0.7892512077294687,0.08984925886016183,0.7646031746031746,0.049470871176745465,0.5166666666666667,0.097182531580755,0.8909420289855072,0.08523661421758037,0.7384920634920634,0.14358500642140537,0.5957419188998136,0.07542859784202219
5,BW+Doppler,Quadratic SVM,0.6059178743961353,0.022740458718795774,0.6911111111111111,0.023363008879967125,0.13333333333333333,0.08498365855987976,0.975,0.049999999999999996,0.7,0.4,0.21172161172161172,0.12158523918373475
5,BW+Doppler,Cubic SVM,0.7785929951690822,0.07607818559982613,0.7193650793650794,0.04507657044769241,0.31666666666666665,0.08164965809277261,0.925,0.08079466429027217,0.7738888888888888,0.21616466060350187,0.42745098039215684,0.08323335103270078
5,BW+Doppler,Fine Gaussian SVM,0.5941123188405798,0.17336210350981363,0.6573015873015873,0.04421254694235855,0.05,0.06666666666666668,0.9663043478260869,0.04865875931652042,0.3,0.39999999999999997,0.08571428571428572,0.11428571428571428
5,BW+Doppler,Medium Gaussian SVM,0.8056763285024153,0.05139021936094518,0.7647619047619048,0.06284110746239303,0.55,0.08498365855987973,0.8742753623188406,0.10147256461458044,0.7309523809523809,0.16172083390186262,0.6141880341880341,0.07900062463285173
5,BW+Doppler,Coarse Gaussian SVM,0.7927234299516908,0.0707678844168854,0.7479365079365079,0.07050657145823835,0.5,0.07453559924999299,0.8742753623188406,0.1143436012518321,0.7175396825396826,0.17138675268884848,0.5763686995265942,0.08018525644893695
5,BW+Doppler,Fine KNN,0.6610507246376812,0.06000835725595818,0.6915873015873016,0.07042433384620714,0.5666666666666667,0.03333333333333335,0.7554347826086956,0.09457840432237791,0.5572727272727274,0.10977228286920937,0.5582711169667692,0.06900140648813397
5,BW+Doppler,Medium KNN,0.79368961352657,0.0726470138012054,0.714126984126984,0.08868656111525004,0.5833333333333334,0.0,0.7811594202898551,0.13417738512293678,0.6140701128936422,0.1528088046795291,0.588661224943084,0.07577128348348208
5,BW+Doppler,Coarse KNN,0.7833786231884059,0.06648576091295887,0.6628571428571428,0.004665694748158418,0.0,0.0,1.0,0.0,0.0,0.0,0.0,0.0
5,BW+Doppler,Cosine KNN,0.7904589371980675,0.08314643985084817,0.7476190476190476,0.07114405416075772,0.6166666666666667,0.04082482904638627,0.8144927536231885,0.11560526272443751,0.6622645002056767,0.14350846265704043,0.6287479896415429,0.06367099298774659
5,BW+Doppler,Weighted KNN,0.79375,0.07489816543562845,0.7198412698412697,0.07850967590933146,0.5166666666666667,0.06236095644623237,0.8235507246376812,0.13181934230002376,0.6520299145299145,0.1676852231529269,0.5604444444444445,0.06781820288075546
5,BW+Doppler,Boosted Trees,0.7646739130434783,0.07361162196701464,0.736031746031746,0.054619322086374426,0.55,0.08498365855987974,0.8307971014492752,0.058237611624168274,0.628904428904429,0.10233616450664282,0.5840496894409938,0.08411335527148688
5,BW+Doppler,Bagged Trees,0.7853713768115942,0.03731951845568852,0.736031746031746,0.05674819620691681,0.5833333333333333,0.07453559924999298,0.8141304347826088,0.11891346298135826,0.6672727272727272,0.17752921098507812,0.602162410858063,0.035168740248415445
5,BW+Doppler,Subspace Discriminant,0.7872584541062801,0.07705172033886519,0.7422222222222221,0.0646548290043385,0.45,0.04082482904638629,0.8909420289855072,0.08523661421758037,0.7115440115440116,0.17182045470917537,0.5459373070357053,0.07997684564718378
5,BW+Doppler,Subspace KNN,0.7882095410628019,0.06940285721785595,0.7422222222222222,0.07577166638697949,0.4666666666666667,0.06666666666666667,0.8826086956521738,0.09221281423202872,0.7040043290043291,0.18615284900275963,0.5552925132330166,0.10142243625211857
5,BW+Doppler,RUSBoosted Trees,0.7646739130434783,0.07361162196701464,0.736031746031746,0.054619322086374426,0.55,0.08498365855987974,0.8307971014492752,0.058237611624168274,0.628904428904429,0.10233616450664282,0.5840496894409938,0.08411335527148688
10,BW,Simple Tree,0.6806159420289853,0.10148169196833602,0.690952380952381,0.05287787381246225,0.36666666666666664,0.08498365855987976,0.8565217391304347,0.07652908122440698,0.59004329004329,0.1398143749553791,0.4429849715352475,0.08216990698758561
10,BW,Medium Tree,0.6398550724637682,0.08158733270945395,0.6631746031746032,0.08363377435973958,0.5666666666666667,0.1224744871391589,0.7130434782608696,0.11069774504588642,0.510576923076923,0.10942612074069862,0.5308571428571429,0.1076107877150477
10,BW,Complex Tree,0.6398550724637682,0.08158733270945395,0.6631746031746032,0.08363377435973958,0.5666666666666667,0.1224744871391589,0.7130434782608696,0.11069774504588642,0.510576923076923,0.10942612074069862,0.5308571428571429,0.1076107877150477
10,BW,Linear Discriminant Analysis,0.7159420289855072,0.10172865437631802,0.7088888888888889,0.07908426510788555,0.4,0.1527525231651947,0.8652173913043478,0.04710980973738869,0.586111111111111,0.16915936391641076,0.47403508771929814,0.16269657475987775
10,BW,Quadratic Discriminant Analysis,0.7015700483091788,0.07065594151563082,0.6747619047619047,0.059924366539959514,0.5,0.14907119849998596,0.764855072463768,0.10526219751051513,0.5369230769230768,0.10629867489307505,0.49983898454486686,0.10658568386743097
10,BW,Logistic Regression,0.7054045893719806,0.08382675718383992,0.6744444444444444,0.05373760235419449,0.31666666666666665,0.11055415967851333,0.8565217391304347,0.04111001832139233,0.518888888888889,0.1296198678972136,0.39061772077251955,0.1221354409615106
10,BW,Linear SVM,0.702657004830918,0.09629614903262669,0.6857142857142857,0.045883724789453344,0.26666666666666666,0.06236095644623236,0.8992753623188406,0.07206958002256766,0.6183333333333333,0.15867506980549206,0.36245098039215684,0.07257524698154952
10,BW,Quadratic SVM,0.5260869565217392,0.11327677543540018,0.674126984126984,0.02840161174139054,0.13333333333333336,0.1,0.95,0.06123724356957944,0.5357142857142858,0.33502969713024494,0.19749855407750144,0.1337134246773991
10,BW,Cubic SVM,0.7018115942028985,0.10888647367107428,0.6853968253968253,0.03235370780400867,0.2,0.06666666666666667,0.9326086956521739,0.049644292376822774,0.619047619047619,0.1319228112113816,0.295062656641604,0.08623503852166173
10,BW,Fine Gaussian SVM,0.5194444444444445,0.19151880641517524,0.6353968253968254,0.05789539746055071,0.05,0.06666666666666667,0.9333333333333332,0.08579691784155835,0.23333333333333334,0.38873012632302,0.07936507936507936,0.11178931340735879
10,BW,Medium Gaussian SVM,0.7399154589371981,0.08473318619854267,0.6855555555555556,0.04320668742505507,0.2833333333333333,0.08498365855987976,0.8909420289855072,0.06698882463141778,0.6007936507936507,0.1368121379794698,0.37294486215538847,0.08735305210803881
10,BW,Coarse Gaussian SVM,0.7191123188405797,0.05311878552691831,0.6687301587301586,0.024934279956646294,0.19999999999999998,0.1130388330520878,0.9072463768115941,0.06631919529650752,0.4357142857142858,0.24369603013188545,0.2681578947368421,0.14373914507974106
10,BW,Fine KNN,0.6235507246376811,0.08611572678376408,0.6471428571428571,0.09597807761785998,0.55,0.06666666666666668,0.6971014492753623,0.1218889261293226,0.5015196078431373,0.13407059001323704,0.5196119971982041,0.09570898804491079
10,BW,Medium KNN,0.738677536231884,0.06846174112630693,0.6801587301587302,0.05226056391477563,0.5166666666666667,0.06236095644623237,0.7634057971014493,0.09210028049749287,0.5390196078431373,0.07364409357349852,0.5223092998955068,0.04680071025800218
10,BW,Coarse KNN,0.722025966183575,0.06219054818296071,0.6628571428571428,0.004665694748158418,0.0,0.0,1.0,0.0,0.0,0.0,0.0,0.0
10,BW,Cosine KNN,0.7356582125603864,0.07521855820475001,0.7028571428571428,0.0819247545428334,0.6,0.08164965809277258,0.7557971014492753,0.13106430212588563,0.5776223776223776,0.10668312911905377,0.5805691699604744,0.07478171288602671
10,BW,Weighted KNN,0.7507246376811594,0.07635907172359123,0.6746031746031746,0.04207097866888435,0.4166666666666667,0.052704627669472995,0.8061594202898551,0.0754284826616535,0.5357142857142858,0.08502626570900455,0.4637362637362637,0.04391634348791487
10,BW,Boosted Trees,0.6772041062801932,0.08827142117738636,0.6517460317460317,0.041029213025496336,0.39999999999999997,0.12247448713915893,0.7807971014492754,0.05844462333747596,0.48041958041958044,0.0753146051454419,0.4289336384439359,0.09129180255973433
10,BW,Bagged Trees,0.6973731884057971,0.09547211020876599,0.652063492063492,0.06044389422185207,0.45,0.10000000000000002,0.7554347826086957,0.09786633632541525,0.49508021390374335,0.09618678388861657,0.4642987597110536,0.07901076329918662
10,BW,Subspace Discriminant,0.7304347826086957,0.07524192149083136,0.6855555555555555,0.05930733121973333,0.33333333333333337,0.11785113019775792,0.8648550724637681,0.039766040212866303,0.5442857142857143,0.14074510177434021,0.41126934984520125,0.1318607217850654
10,BW,Subspace KNN,0.7464070048309178,0.0584544805753178,0.7023809523809523,0.02051859765150335,0.3833333333333333,0.06666666666666668,0.8652173913043478,0.054547940756638574,0.6087734487734486,0.09612315152747378,0.4621246210154542,0.03793991938398115
10,BW,RUSBoosted Trees,0.6772041062801932,0.08827142117738636,0.6517460317460317,0.041029213025496336,0.39999999999999997,0.12247448713915893,0.7807971014492754,0.05844462333747596,0.48041958041958044,0.0753146051454419,0.4289336384439359,0.09129180255973433
10,Doppler,Simple Tree,0.7305253623188406,0.09268670854995761,0.7195238095238095,0.05644101619742363,0.5999999999999999,0.0816496580927726,0.7800724637681159,0.09563844872981961,0.6005279034690799,0.10385291740620897,0.5916781609195402,0.060047878021693465
10,Doppler,Medium Tree,0.6565217391304348,0.08346201469830773,0.6969841269841269,0.0897540100102785,0.5333333333333333,0.11303883305208781,0.7797101449275361,0.1239988261423796,0.58,0.16456452072509883,0.5460317460317461,0.11603598020633056
10,Doppler,Complex Tree,0.6565217391304348,0.08346201469830773,0.6969841269841269,0.0897540100102785,0.5333333333333333,0.11303883305208781,0.7797101449275361,0.1239988261423796,0.58,0.16456452072509883,0.5460317460317461,0.11603598020633056
10,Doppler,Linear Discriminant Analysis,0.8180857487922705,0.08280998145055919,0.7647619047619049,0.07212115726519404,0.5666666666666667,0.09718253158075502,0.8655797101449275,0.09931370252984698,0.7155844155844157,0.15876059002531037,0.6211934518570674,0.09274300998686512
10,Doppler,Quadratic Discriminant Analysis,0.8118055555555556,0.08799397062707197,0.7696825396825396,0.047783841834226765,0.7166666666666667,0.08498365855987976,0.7963768115942028,0.09322654571460277,0.6658640379228614,0.11439860753809165,0.6787476176441694,0.04324532708031217
10,Doppler,Logistic Regression,0.8159722222222221,0.0894080828635576,0.7703174603174604,0.07395633121431718,0.6000000000000001,0.0816496580927726,0.8568840579710144,0.10328311481720139,0.7112265512265512,0.14322992450945587,0.6416136960759385,0.08584166561148959
10,Doppler,Linear SVM,0.8008605072463768,0.09130282517165807,0.7646031746031747,0.04947087117674547,0.5333333333333334,0.06666666666666668,0.8826086956521738,0.09221281423202872,0.7374542124542125,0.14545676391512077,0.606093567251462,0.05415654813115423
10,Doppler,Quadratic SVM,0.6897644927536233,0.09785124475222029,0.6914285714285715,0.04390087094971593,0.18333333333333332,0.06236095644623236,0.95,0.08079466429027217,0.8083333333333332,0.2522124325070259,0.28124542124542123,0.0786351936069567
10,Doppler,Cubic SVM,0.7714673913043478,0.09772526973853274,0.6973015873015873,0.07125127909015296,0.2666666666666667,0.08164965809277261,0.9166666666666667,0.0950146187582615,0.7166666666666666,0.26666666666666666,0.37359943977591037,0.11237390397673694
10,Doppler,Fine Gaussian SVM,0.6797705314009662,0.025466057681113992,0.6742857142857144,0.009331389496316891,0.03333333333333333,0.0408248290463863,1.0,0.0,0.4,0.48989794855663565,0.06153846153846154,0.07536891516255934
10,Doppler,Medium Gaussian SVM,0.8192934782608695,0.0595460845889642,0.759047619047619,0.05788234040981512,0.5,0.1178511301977579,0.8902173913043478,0.07216969314245124,0.7355555555555556,0.1730481985238381,0.5787878787878789,0.10249414863810766
10,Doppler,Coarse Gaussian SVM,0.8130736714975846,0.06935153152155787,0.7704761904761905,0.07969992853962586,0.55,0.09999999999999998,0.8822463768115943,0.08016995180254685,0.72011544011544,0.16649184311899948,0.6201987181392216,0.11970027642442503
10,Doppler,Fine KNN,0.6856884057971014,0.058584839035703745,0.7247619047619048,0.06896893893389196,0.5666666666666667,0.062360956446232345,0.8047101449275363,0.0982171464434421,0.6254412254412254,0.14270785897379884,0.5856959455494924,0.07108566169431398
10,Doppler,Medium KNN,0.8241847826086957,0.08181271596710794,0.7534920634920634,0.07970024466554695,0.6333333333333333,0.12472191289246473,0.8141304347826088,0.09986863877890896,0.6597402597402597,0.1467934665033225,0.6346769934870621,0.10215814816527008
10,Doppler,Coarse KNN,0.7947916666666666,0.08506340424312445,0.6628571428571428,0.004665694748158418,0.0,0.0,1.0,0.0,0.0,0.0,0.0,0.0
10,Doppler,Cosine KNN,0.8083937198067632,0.08116617361140162,0.7365079365079366,0.08928342148731608,0.65,0.08164965809277258,0.780072463768116,0.12125291102073339,0.6320782159017453,0.1549560539481643,0.6310132625994695,0.09322782717241183
10,Doppler,Weighted KNN,0.8333484299516908,0.08466393546639192,0.7477777777777778,0.07088932249883383,0.5833333333333334,0.12909944487358058,0.8311594202898551,0.09442142991514782,0.6642857142857144,0.14420748111309764,0.6081619433198381,0.09518739052789937
10,Doppler,Boosted Trees,0.7495320048309179,0.11039708514887424,0.7477777777777778,0.0662580067372248,0.6,0.06236095644623234,0.8231884057971014,0.09881146241185661,0.6565656565656566,0.1291587055812568,0.6200828157349896,0.07326384695682381
10,Doppler,Bagged Trees,0.8031400966183575,0.09265171171324367,0.7479365079365079,0.09035999221723973,0.55,0.08498365855987974,0.8485507246376812,0.11390073503588082,0.6896103896103896,0.20902233286992944,0.602703749339905,0.12010000967451812
10,Doppler,Subspace Discriminant,0.8193840579710147,0.07415827737921821,0.7817460317460319,0.0716047210707299,0.6,0.11055415967851331,0.8739130434782609,0.09438805660672168,0.7353535353535354,0.1450682299741113,0.6494452407495885,0.10312403575164011
10,Doppler,Subspace KNN,0.8280193236714976,0.06525137779672674,0.7533333333333334,0.076096833988735,0.5833333333333333,0.10540925533894598,0.839855072463768,0.10255991430302656,0.6802197802197802,0.147357269776293,0.6166234817813765,0.09261439069319066
10,Doppler,RUSBoosted Trees,0.7495320048309179,0.11039708514887424,0.7477777777777778,0.0662580067372248,0.6,0.06236095644623234,0.8231884057971014,0.09881146241185661,0.6565656565656566,0.1291587055812568,0.6200828157349896,0.07326384695682381
10,BW+Doppler,Simple Tree,0.7306914251207729,0.09037840452840103,0.7139682539682539,0.06484588392590172,0.6333333333333333,0.08498365855987973,0.7550724637681159,0.09478222089181845,0.5821245421245421,0.10244142322882033,0.6009137529137529,0.07284803553319794
10,BW+Doppler,Medium Tree,0.6780797101449275,0.10127054649542296,0.7085714285714285,0.11862400823104145,0.5833333333333334,0.05270462766947298,0.7728260869565218,0.15606481885184698,0.6094949494949494,0.1752641395738128,0.5882193169149691,0.11297031972813318
10,BW+Doppler,Complex Tree,0.6780797101449275,0.10127054649542296,0.7085714285714285,0.11862400823104145,0.5833333333333334,0.05270462766947298,0.7728260869565218,0.15606481885184698,0.6094949494949494,0.1752641395738128,0.5882193169149691,0.11297031972813318
10,BW+Doppler,Linear Discriminant Analysis,0.8053442028985506,0.09548883085049928,0.7646031746031746,0.07438942699115626,0.55,0.04082482904638632,0.8739130434782609,0.09438805660672168,0.7178632478632478,0.16282985593580437,0.6184242424242423,0.08957944799057249
10,BW+Doppler,Quadratic Discriminant Analysis,0.7894625603864734,0.09302827771876596,0.7644444444444445,0.06116653845902772,0.6666666666666667,0.13944333775567927,0.8144927536231885,0.1188306376187682,0.6808126084441873,0.132475794922269,0.65487841191067,0.07378400223470188
10,BW+Doppler,Logistic Regression,0.7877415458937198,0.09311973079192146,0.7646031746031746,0.06067895019049616,0.5333333333333334,0.06666666666666668,0.8822463768115941,0.0757151023744817,0.7186507936507937,0.1504925983955081,0.6072248803827751,0.0855750926961591
10,BW+Doppler,Linear SVM,0.7990338164251207,0.08191483548317155,0.7646031746031746,0.05535929050849035,0.4666666666666667,0.06666666666666668,0.9163043478260869,0.07433631292046666,0.775,0.1740051084818425,0.5739529751294457,0.07835155486324172
10,BW+Doppler,Quadratic SVM,0.6595712560386474,0.08662418039384939,0.6855555555555556,0.025144580668840805,0.18333333333333332,0.097182531580755,0.9416666666666667,0.08164965809277262,0.8088888888888889,0.23917553861464375,0.26546003016591246,0.09624654143503374
10,BW+Doppler,Cubic SVM,0.786322463768116,0.09370842524520458,0.7026984126984127,0.06584834114267517,0.2833333333333333,0.08498365855987976,0.9163043478260869,0.07433631292046666,0.6683333333333332,0.21987370112053975,0.3917647058823529,0.1202483653025656
10,BW+Doppler,Fine Gaussian SVM,0.6234903381642514,0.16045414384219706,0.6685714285714286,0.009331389496316875,0.016666666666666666,0.03333333333333333,1.0,0.0,0.2,0.4,0.03076923076923077,0.06153846153846154
10,BW+Doppler,Medium Gaussian SVM,0.7944142512077295,0.05384880602755289,0.7422222222222222,0.059690560082503556,0.4666666666666667,0.08498365855987976,0.8822463768115943,0.08016995180254685,0.6978932178932179,0.14897583797189395,0.5498142006958806,0.08929501659964018
10,BW+Doppler,Coarse Gaussian SVM,0.7961654589371981,0.07173244593038196,0.7309523809523808,0.06512580611649278,0.4333333333333334,0.06236095644623236,0.8822463768115943,0.08016995180254685,0.679004329004329,0.16912450928845493,0.5243834223239258,0.09130168766356725
10,BW+Doppler,Fine KNN,0.6563405797101449,0.041145926804309375,0.6853968253968253,0.047763273651433666,0.5666666666666667,0.062360956446232345,0.7460144927536232,0.07451269963608445,0.5396678321678322,0.06544966100058648,0.5491310428701733,0.04805975149293679
10,BW+Doppler,Medium KNN,0.7882397342995169,0.08235866854188123,0.7138095238095239,0.07000989743944051,0.5666666666666667,0.062360956446232345,0.7884057971014492,0.08270398775405077,0.5912698412698413,0.12274676145511876,0.5756410256410256,0.08410881777875241
10,BW+Doppler,Coarse KNN,0.791213768115942,0.06525477267833533,0.6628571428571428,0.004665694748158418,0.0,0.0,1.0,0.0,0.0,0.0,0.0,0.0
10,BW+Doppler,Cosine KNN,0.813647342995169,0.07634188993538774,0.7644444444444445,0.06405976360537964,0.6166666666666668,0.11303883305208781,0.8391304347826086,0.08055709462638273,0.6798201798201797,0.12292259743478742,0.6374863580355571,0.08707388323145776
10,BW+Doppler,Weighted KNN,0.802445652173913,0.08012947988190487,0.7193650793650794,0.06231973247036311,0.5833333333333334,0.05270462766947298,0.7884057971014492,0.08270398775405077,0.5988888888888889,0.11322434846983997,0.587037037037037,0.07066216306792189
10,BW+Doppler,Boosted Trees,0.7571708937198067,0.08878701037864123,0.7417460317460318,0.05336167047646941,0.55,0.12472191289246472,0.8398550724637681,0.07969861576700991,0.648611111111111,0.11262852740396274,0.5861471861471862,0.09046894065694736
10,BW+Doppler,Bagged Trees,0.7922101449275363,0.09017334622296076,0.7536507936507936,0.08368346700837447,0.6166666666666667,0.06666666666666665,0.8235507246376812,0.10243824375114374,0.661025641025641,0.15029578551200062,0.6338855218855219,0.1027093206495337
10,BW+Doppler,Subspace Discriminant,0.7967693236714976,0.06709535057304411,0.7479365079365079,0.07877654803322015,0.4833333333333333,0.11055415967851333,0.8822463768115943,0.08016995180254685,0.6937662337662338,0.17857289255598235,0.5650426461410444,0.1259996114172943
10,BW+Doppler,Subspace KNN,0.808016304347826,0.06772080498723912,0.7417460317460318,0.058557446604032184,0.5333333333333333,0.08498365855987973,0.847463768115942,0.06239252468970993,0.6507575757575756,0.13008261837503804,0.5828759646150949,0.09063817797620569
10,BW+Doppler,RUSBoosted Trees,0.7571708937198067,0.08878701037864123,0.7417460317460318,0.05336167047646941,0.55,0.12472191289246472,0.8398550724637681,0.07969861576700991,0.648611111111111,0.11262852740396274,0.5861471861471862,0.09046894065694736
15,BW,Simple Tree,0.6510869565217392,0.09198920465032866,0.6576190476190475,0.041961841836601725,0.4666666666666667,0.15456030825826172,0.7561594202898549,0.11389497219935361,0.5093222566906778,0.07189131411954694,0.46889791097659994,0.07014970575094949
15,BW,Medium Tree,0.6099637681159421,0.08977468353507419,0.6296825396825396,0.08372109331801827,0.55,0.1130388330520878,0.669927536231884,0.07480282840906632,0.4616208791208791,0.09947345070541244,0.5013772893772894,0.10462794683505619
15,BW,Complex Tree,0.6099637681159421,0.08977468353507419,0.6296825396825396,0.08372109331801827,0.55,0.1130388330520878,0.669927536231884,0.07480282840906632,0.4616208791208791,0.09947345070541244,0.5013772893772894,0.10462794683505619
15,BW,Linear Discriminant Analysis,0.7190821256038648,0.09923922119450096,0.7028571428571428,0.08001889421627156,0.4166666666666667,0.11785113019775792,0.8481884057971014,0.06661544976541113,0.5855555555555555,0.16988921589969255,0.486060606060606,0.13813130389821401
15,BW,Quadratic Discriminant Analysis,0.7251509661835749,0.06027144842038105,0.6917460317460318,0.06043972570616643,0.5833333333333334,0.05270462766947298,0.7478260869565216,0.1028334658422172,0.5608333333333333,0.10526421783092083,0.5637806637806637,0.04954501086541155
15,BW,Logistic Regression,0.7107789855072464,0.0802231742690003,0.6855555555555555,0.050198397013611985,0.33333333333333337,0.11785113019775792,0.864855072463768,0.04770516113226894,0.5507936507936508,0.11746031746031749,0.4088972431077694,0.12239432473082455
15,BW,Linear SVM,0.690006038647343,0.08615075971988137,0.6853968253968254,0.05071571401719715,0.3,0.06666666666666668,0.8815217391304347,0.048333930856963164,0.5723809523809524,0.14847371634213394,0.39222566219470245,0.09026173150984741
15,BW,Quadratic SVM,0.5985205314009662,0.07029719548470625,0.7022222222222222,0.013704214408983735,0.18333333333333332,0.0816496580927726,0.9663043478260869,0.03128555528249697,0.82,0.15684387141358122,0.2821266968325792,0.10504988036798667
15,BW,Cubic SVM,0.6867451690821257,0.04539982622839831,0.7020634920634921,0.049592951327437504,0.2666666666666667,0.08164965809277261,0.9239130434782608,0.04848849570259883,0.6523809523809524,0.1581855737321247,0.3742690058479532,0.10171383711798163
15,BW,Fine Gaussian SVM,0.6009661835748792,0.18530992711502697,0.674126984126984,0.013761090032821109,0.03333333333333333,0.0408248290463863,1.0,0.0,0.4,0.48989794855663565,0.06153846153846154,0.07536891516255934
15,BW,Medium Gaussian SVM,0.7618659420289855,0.0806841928244806,0.6911111111111111,0.038363473641621,0.3,0.08498365855987976,0.8909420289855072,0.06698882463141778,0.615079365079365,0.12088528739466521,0.38978696741854635,0.08270397580161662
15,BW,Coarse Gaussian SVM,0.7115036231884058,0.035376373226755554,0.6966666666666665,0.04445974793218015,0.31666666666666665,0.11055415967851333,0.8905797101449275,0.06708869256146842,0.6148051948051949,0.15573502672649608,0.40574101494144565,0.1041272589502722
15,BW,Fine KNN,0.652536231884058,0.08423153308424042,0.6639682539682541,0.08326996835069488,0.6166666666666667,0.12472191289246473,0.6884057971014493,0.10378395353190223,0.5108771929824562,0.10443180476618254,0.5530574562832627,0.09963558860308601
15,BW,Medium KNN,0.7342995169082126,0.07664550315241372,0.6742857142857144,0.07714449015189724,0.5166666666666667,0.16158932858054428,0.7554347826086957,0.10589384102041792,0.5317216117216117,0.1026074215164818,0.5077392324451149,0.1221836890333793
15,BW,Coarse KNN,0.7161986714975845,0.05105082606742691,0.6628571428571428,0.004665694748158418,0.0,0.0,1.0,0.0,0.0,0.0,0.0,0.0
15,BW,Cosine KNN,0.7247282608695651,0.06555165515530191,0.7082539682539682,0.05015873015873019,0.6,0.09718253158075499,0.7644927536231884,0.0950905779844884,0.580952380952381,0.10255000193786093,0.5802197802197802,0.06274758419154244
15,BW,Weighted KNN,0.7535477053140097,0.08660202457280522,0.707936507936508,0.08130951412613141,0.45,0.08498365855987976,0.8398550724637681,0.1091211478620576,0.6197619047619047,0.13754735321487374,0.5130846930846931,0.09395639901278997
15,BW,Boosted Trees,0.6814764492753623,0.12840208096792569,0.7082539682539682,0.08046476234563726,0.4499999999999999,0.15456030825826172,0.8391304347826087,0.07141818119887323,0.5916666666666666,0.14776106839534334,0.504040404040404,0.14214816712931133
15,BW,Bagged Trees,0.7084390096618357,0.06867109029855377,0.6630158730158731,0.05485866767428123,0.5166666666666667,0.097182531580755,0.7380434782608696,0.07864572574866303,0.5054298642533936,0.07082921836557365,0.5067651628731089,0.07274674101306393
15,BW,Subspace Discriminant,0.7366243961352656,0.06685723524108494,0.6798412698412698,0.041072789640817065,0.35000000000000003,0.12247448713915891,0.8481884057971014,0.048520972930421354,0.5340909090909091,0.0928764397350116,0.4143478260869565,0.11514435749259211
15,BW,Subspace KNN,0.7467693236714976,0.05544727948979286,0.7074603174603173,0.04083285127825658,0.4,0.13333333333333336,0.8648550724637681,0.039766040212866303,0.594090909090909,0.06844796539665841,0.46887545532046815,0.11280781893332227
15,BW,RUSBoosted Trees,0.6814764492753623,0.12840208096792569,0.7082539682539682,0.08046476234563726,0.4499999999999999,0.15456030825826172,0.8391304347826087,0.07141818119887323,0.5916666666666666,0.14776106839534334,0.504040404040404,0.14214816712931133
15,Doppler,Simple Tree,0.6452143719806763,0.1495158472994289,0.7255555555555555,0.07563687767084523,0.5166666666666667,0.14337208778404378,0.8311594202898551,0.07834301914940085,0.6165501165501166,0.12741438703943844,0.5540588493631973,0.12854816929302176
15,Doppler,Medium Tree,0.6989130434782609,0.08236799091471271,0.7422222222222222,0.08198132265214077,0.5666666666666667,0.09718253158075499,0.8311594202898551,0.09168456604758378,0.6487179487179487,0.16285135540259216,0.6006233766233766,0.1164582999817511
15,Doppler,Complex Tree,0.6989130434782609,0.08236799091471271,0.7422222222222222,0.08198132265214077,0.5666666666666667,0.09718253158075499,0.8311594202898551,0.09168456604758378,0.6487179487179487,0.16285135540259216,0.6006233766233766,0.1164582999817511
15,Doppler,Linear Discriminant Analysis,0.7999094202898551,0.09661329055252439,0.759047619047619,0.07628565483619351,0.5666666666666667,0.062360956446232345,0.8568840579710144,0.08882355559515406,0.6905555555555555,0.1588888888888889,0.6187878787878788,0.0988715020672209
15,Doppler,Quadratic Discriminant Analysis,0.8068538647342995,0.08659342385058438,0.7471428571428571,0.058981871571689486,0.75,0.052704627669473016,0.7456521739130435,0.07513727547583508,0.6083823529411764,0.0865176498139823,0.669376026272578,0.06412870996194371
15,Doppler,Logistic Regression,0.8089371980676328,0.08755125514605386,0.7647619047619048,0.07628070054665292,0.6000000000000001,0.0816496580927726,0.8485507246376811,0.10647859719875948,0.7006204906204906,0.1501757856169463,0.6365412323078227,0.08834965919397053
15,Doppler,Linear SVM,0.802475845410628,0.09448064429425629,0.7531746031746032,0.03882891390836995,0.4833333333333334,0.09718253158075502,0.8913043478260869,0.1004544912381417,0.7624542124542125,0.17474255219021084,0.566093567251462,0.04266634605399186
15,Doppler,Quadratic SVM,0.6842693236714976,0.08000168558896605,0.696984126984127,0.03403420389134308,0.19999999999999998,0.04082482904638631,0.95,0.06123724356957944,0.7523809523809524,0.2200803811103113,0.3069674185463659,0.049865592803251514
15,Doppler,Cubic SVM,0.7692330917874396,0.09164866431973213,0.7028571428571428,0.0602100129033127,0.25,0.09128709291752769,0.9333333333333332,0.07728015412913089,0.7283333333333333,0.2419595925861268,0.3587114845938375,0.11828977434155376
15,Doppler,Fine Gaussian SVM,0.5523248792270532,0.19742312771521428,0.646031746031746,0.0339549002085611,0.016666666666666666,0.03333333333333333,0.9659420289855072,0.04172805811271877,0.2,0.4,0.03076923076923077,0.06153846153846154
15,Doppler,Medium Gaussian SVM,0.8257548309178745,0.058253106682332814,0.7646031746031746,0.049831158614451795,0.5166666666666666,0.13333333333333333,0.8902173913043478,0.04930199621209869,0.7136363636363636,0.09543289797825974,0.5888212043710765,0.10527955778464616
15,Doppler,Coarse Gaussian SVM,0.8130736714975846,0.06620588546341356,0.7646031746031747,0.04947087117674547,0.5166666666666667,0.08164965809277258,0.8905797101449275,0.06708869256146842,0.7271861471861473,0.12857722959787635,0.5963201812172064,0.07510412858373906
15,Doppler,Fine KNN,0.6820652173913043,0.05044566141209275,0.7196825396825396,0.058728871714769905,0.5666666666666667,0.09718253158075499,0.797463768115942,0.10219960618469043,0.6097020626432391,0.10663830493161892,0.5764775506983351,0.06959647458695306
15,Doppler,Medium KNN,0.8191123188405797,0.07389417029574595,0.7422222222222222,0.07577166638697949,0.65,0.11055415967851333,0.7887681159420291,0.11386615364180695,0.6417366946778711,0.14259436478693935,0.6315324119316859,0.0839366471949585
15,Doppler,Coarse KNN,0.7805102657004832,0.0546809728495626,0.6628571428571428,0.004665694748158418,0.0,0.0,1.0,0.0,0.0,0.0,0.0,0.0
15,Doppler,Cosine KNN,0.8203955314009661,0.07445773386650431,0.7533333333333334,0.07609683398873504,0.6666666666666667,0.09128709291752769,0.7971014492753624,0.10909949134992536,0.6530004309416074,0.14115227779038583,0.649524314765694,0.08336758098005047
15,Doppler,Weighted KNN,0.8262530193236713,0.0715621176869836,0.7592063492063492,0.08009285364713507,0.6000000000000001,0.12247448713915891,0.8398550724637681,0.09554918698217824,0.6808302808302809,0.1527464231278632,0.6276491228070176,0.1073492472273134
15,Doppler,Boosted Trees,0.7689462560386473,0.09937376985168869,0.7477777777777778,0.06402632363659296,0.5666666666666667,0.062360956446232345,0.8398550724637681,0.09184335952321658,0.6633333333333334,0.1185092588975412,0.6055218855218855,0.07346106927404204
15,Doppler,Bagged Trees,0.8123188405797102,0.0994362877374156,0.730952380952381,0.10005793232479684,0.5333333333333333,0.12472191289246472,0.8315217391304348,0.11143292505534176,0.6458730158730159,0.19554395966444393,0.5762158893737841,0.14035598145871375
15,Doppler,Subspace Discriminant,0.8208031400966185,0.07159490679274803,0.7704761904761905,0.07572842701789194,0.5666666666666667,0.11055415967851333,0.8739130434782609,0.09438805660672168,0.72488344988345,0.15504017649521082,0.6253719806763286,0.10637497047641736
15,Doppler,Subspace KNN,0.8022644927536232,0.07197604080816689,0.7646031746031747,0.06788122658104111,0.6166666666666667,0.08498365855987973,0.839855072463768,0.10255991430302656,0.6933943833943834,0.1375712885535508,0.6413528265107212,0.07433791076379523
15,Doppler,RUSBoosted Trees,0.7689462560386473,0.09937376985168869,0.7477777777777778,0.06402632363659296,0.5666666666666667,0.062360956446232345,0.8398550724637681,0.09184335952321658,0.6633333333333334,0.1185092588975412,0.6055218855218855,0.07346106927404204
15,BW+Doppler,Simple Tree,0.7217542270531402,0.10295378385391768,0.703015873015873,0.08685658590743182,0.6333333333333333,0.08498365855987973,0.738768115942029,0.13084376300443312,0.5766666666666667,0.12543258481484518,0.5953282828282828,0.08450545437545509
15,BW+Doppler,Medium Tree,0.669927536231884,0.07821095093425696,0.6917460317460318,0.10822859638438372,0.6,0.09718253158075499,0.739855072463768,0.1837588862949913,0.5910894660894661,0.15505527245522321,0.5761001317523056,0.08768361328501909
15,BW+Doppler,Complex Tree,0.669927536231884,0.07821095093425696,0.6917460317460318,0.10822859638438372,0.6,0.09718253158075499,0.739855072463768,0.1837588862949913,0.5910894660894661,0.15505527245522321,0.5761001317523056,0.08768361328501909
15,BW+Doppler,Linear Discriminant Analysis,0.815096618357488,0.08490912589401343,0.7647619047619049,0.0698207040427548,0.55,0.08498365855987974,0.8739130434782609,0.09438805660672168,0.7175396825396826,0.15788912107166875,0.6147007378586327,0.09511130215789931
15,BW+Doppler,Quadratic Discriminant Analysis,0.788677536231884,0.1042490922226515,0.7644444444444445,0.07880660650940918,0.6833333333333333,0.13333333333333336,0.8057971014492754,0.10639719624614231,0.664053724053724,0.14639024766876443,0.6628331668331667,0.10514649723550838
15,BW+Doppler,Logistic Regression,0.7855978260869565,0.1055662124701408,0.764920634920635,0.0837358382185716,0.5666666666666667,0.09718253158075499,0.8655797101449275,0.10930025088498321,0.7136507936507936,0.1701468842121567,0.623093086250981,0.11199134412904864
15,BW+Doppler,Linear SVM,0.7967693236714976,0.07746630206566117,0.7420634920634921,0.05185887005737901,0.4,0.06236095644623237,0.9163043478260869,0.07433631292046666,0.7523809523809525,0.18723431667940477,0.5125465178096758,0.07471434438046598
15,BW+Doppler,Quadratic SVM,0.6589975845410627,0.08985206932283403,0.7023809523809523,0.027012123664993854,0.21666666666666665,0.08498365855987974,0.95,0.06666666666666667,0.82,0.22271057451320087,0.3185003232062056,0.09236502233057146
15,BW+Doppler,Cubic SVM,0.7738828502415459,0.1017303928737876,0.7025396825396826,0.05023853406363176,0.2833333333333333,0.08498365855987976,0.9159420289855073,0.0521361578369682,0.6457142857142857,0.15989225397066176,0.3883866529067767,0.10753559005017954
15,BW+Doppler,Fine Gaussian SVM,0.5435990338164252,0.17949889130635202,0.6571428571428573,0.0295084445425327,0.016666666666666666,0.03333333333333333,0.9826086956521738,0.034782608695652195,0.2,0.4,0.03076923076923077,0.06153846153846154
15,BW+Doppler,Medium Gaussian SVM,0.7993659420289856,0.052202875136012405,0.7366666666666666,0.06251913287393426,0.4333333333333333,0.09718253158075503,0.8905797101449275,0.06708869256146842,0.686984126984127,0.15878856068458835,0.5251953412944126,0.10725768222529083
15,BW+Doppler,Coarse Gaussian SVM,0.8025664251207729,0.06890711834321198,0.7309523809523808,0.06512580611649278,0.41666666666666663,0.074535599249993,0.8905797101449275,0.06708869256146842,0.676984126984127,0.1718322701070395,0.5136173767752716,0.10358050974326845
15,BW+Doppler,Fine KNN,0.6561594202898551,0.06390230035576379,0.6853968253968254,0.0753418345827655,0.5666666666666668,0.033333333333333354,0.7456521739130435,0.09905693732696459,0.5483333333333333,0.10754843869934451,0.554012654012654,0.06996917464270182
15,BW+Doppler,Medium KNN,0.779513888888889,0.06944634790502019,0.7138095238095239,0.06347539463732241,0.6333333333333334,0.06666666666666665,0.7547101449275362,0.07056014072659773,0.573397435897436,0.08448659585028559,0.6006666666666667,0.07466666666666665
15,BW+Doppler,Coarse KNN,0.7719806763285024,0.07517623921680062,0.6628571428571428,0.004665694748158418,0.0,0.0,1.0,0.0,0.0,0.0,0.0,0.0
15,BW+Doppler,Cosine KNN,0.8020984299516908,0.05554329640524314,0.7530158730158731,0.06642890330083417,0.6333333333333333,0.08498365855987974,0.8141304347826086,0.09986863877890896,0.6592857142857143,0.135179397053527,0.6364535464535465,0.0773096556550483
15,BW+Doppler,Weighted KNN,0.7994263285024156,0.06801379932323676,0.7417460317460318,0.07900968044761586,0.6166666666666667,0.08498365855987973,0.805072463768116,0.09356388618559862,0.6353302253302254,0.14612812066151518,0.6210991488382793,0.10141898720282813
15,BW+Doppler,Boosted Trees,0.7424969806763285,0.1063004087740434,0.741904761904762,0.06830083293261875,0.5333333333333333,0.1452966314513558,0.8485507246376812,0.089034648660203,0.6569444444444444,0.15313090502597468,0.5780952380952381,0.1198865677031679
15,BW+Doppler,Bagged Trees,0.8061141304347824,0.08633666947285495,0.759047619047619,0.09291424102599742,0.6000000000000001,0.033333333333333305,0.8405797101449275,0.14977403690160945,0.7333333333333334,0.23190036174568116,0.6399989873674083,0.08744118137151614
15,BW+Doppler,Subspace Discriminant,0.8075181159420289,0.07892006145329777,0.7198412698412697,0.08234715029681079,0.4333333333333333,0.09718253158075503,0.8652173913043478,0.09236359345729953,0.6508225108225109,0.19158289275796858,0.5142648452488269,0.11927610928185187
15,BW+Doppler,Subspace KNN,0.8017210144927537,0.07733675636486288,0.7533333333333333,0.0739202105710218,0.5333333333333334,0.12472191289246472,0.8648550724637681,0.08102991738257603,0.6869103119103119,0.16470184024010698,0.5925104064509099,0.11639789038861457
15,BW+Doppler,RUSBoosted Trees,0.7424969806763285,0.1063004087740434,0.741904761904762,0.06830083293261875,0.5333333333333333,0.1452966314513558,0.8485507246376812,0.089034648660203,0.6569444444444444,0.15313090502597468,0.5780952380952381,0.1198865677031679
20,BW,Simple Tree,0.6935537439613527,0.07904806764908819,0.6407936507936508,0.06327661859702459,0.5666666666666667,0.1224744871391589,0.6797101449275362,0.12870430183754225,0.49140350877192984,0.09491600991473886,0.5137480798771121,0.05933814759288639
20,BW,Medium Tree,0.6436594202898551,0.0933711188029095,0.6523809523809524,0.09351752691750322,0.6166666666666667,0.12472191289246472,0.6706521739130434,0.11052447002863336,0.4965625293179473,0.09469649510273169,0.545909041619251,0.09869477214596963
20,BW,Complex Tree,0.6436594202898551,0.0933711188029095,0.6523809523809524,0.09351752691750322,0.6166666666666667,0.12472191289246472,0.6706521739130434,0.11052447002863336,0.4965625293179473,0.09469649510273169,0.545909041619251,0.09869477214596963
20,BW,Linear Discriminant Analysis,0.7121376811594202,0.10846957164622202,0.7085714285714286,0.08742905557150593,0.45,0.11303883305208778,0.8398550724637681,0.09554918698217824,0.615,0.18306040290327977,0.5126262626262627,0.12608067698286807
20,BW,Quadratic Discriminant Analysis,0.7223429951690822,0.06178715219874,0.7139682539682539,0.03777844470533089,0.5666666666666667,0.062360956446232345,0.7894927536231884,0.06712586027316376,0.5876923076923076,0.07989802837079954,0.57207696007696,0.04448601908910242
20,BW,Logistic Regression,0.7072463768115942,0.07730491091412696,0.6968253968253968,0.04321135224057516,0.35,0.097182531580755,0.8731884057971013,0.03652058889378012,0.5819047619047619,0.10512491220226003,0.4332950022114108,0.09910256659185596
20,BW,Linear SVM,0.6872886473429952,0.09524081192646379,0.6855555555555556,0.058395442585784205,0.3,0.06666666666666668,0.8818840579710144,0.060469266914076406,0.5807142857142857,0.16555479462303632,0.3937461300309598,0.09516641284883981
20,BW,Quadratic SVM,0.60618961352657,0.0880909918314009,0.6968253968253968,0.025152595516655746,0.2,0.1452966314513558,0.9492753623188406,0.04143761871158204,0.5828571428571429,0.3260649741185624,0.2772088592522029,0.18198249320190638
20,BW,Cubic SVM,0.6846014492753623,0.07230794185557948,0.6906349206349206,0.055037036019731665,0.25,0.10540925533894599,0.9152173913043479,0.04567804649880586,0.589047619047619,0.18806569991094388,0.34652390780873754,0.13486372782139847
20,BW,Fine Gaussian SVM,0.44447463768115947,0.17576733880304404,0.6574603174603174,0.02496457555725395,0.016666666666666666,0.03333333333333333,0.9833333333333332,0.03333333333333335,0.2,0.4,0.03076923076923077,0.06153846153846154
20,BW,Medium Gaussian SVM,0.7553442028985508,0.07220424541590789,0.6911111111111111,0.038363473641621,0.31666666666666665,0.08164965809277261,0.8822463768115941,0.0604106231903372,0.5984126984126983,0.10595758265573738,0.40367585630743524,0.08485754802435885
20,BW,Coarse Gaussian SVM,0.6972826086956522,0.036180191587018386,0.6741269841269841,0.02840161174139054,0.2833333333333333,0.08498365855987976,0.8731884057971013,0.05845585297027007,0.55,0.10973065354098012,0.3632775119617225,0.07333774882247782
20,BW,Fine KNN,0.6106884057971015,0.08012368025612765,0.6301587301587303,0.08538295750971955,0.55,0.1247219128924647,0.6713768115942029,0.1244426769085625,0.47201465201465204,0.11166084938655849,0.5008298368298367,0.09948380810597189
20,BW,Medium KNN,0.7360658212560388,0.06564563782947716,0.6799999999999999,0.07080752942470195,0.55,0.08498365855987973,0.7467391304347826,0.08522121158744365,0.533041958041958,0.09333175855448723,0.5383625070581592,0.08345596633121156
20,BW,Coarse KNN,0.7221769323671496,0.04745442784491272,0.6628571428571428,0.004665694748158418,0.0,0.0,1.0,0.0,0.0,0.0,0.0,0.0
20,BW,Cosine KNN,0.7171497584541063,0.09219656240821532,0.6968253968253968,0.04984480828608272,0.5666666666666667,0.062360956446232345,0.7634057971014492,0.0541008882751597,0.5528471528471528,0.07292734662546317,0.5583946488294316,0.06311410218776481
20,BW,Weighted KNN,0.7535024154589373,0.08385257089992033,0.7026984126984127,0.06303725997475394,0.4833333333333333,0.06236095644623236,0.8144927536231885,0.07566827525916878,0.5819230769230769,0.1052441511959061,0.5254545454545454,0.07679531666161045
20,BW,Boosted Trees,0.6803442028985507,0.0816393994570379,0.6804761904761905,0.06446203528782839,0.4333333333333333,0.1699673171197595,0.8050724637681158,0.06239462867138914,0.5275757575757576,0.11896554431691102,0.46468761417610516,0.1416230011775503
20,BW,Bagged Trees,0.7169836956521739,0.06333008189198161,0.6857142857142857,0.03834245183867038,0.5666666666666667,0.11055415967851333,0.7467391304347826,0.08522121158744365,0.5389792663476874,0.06172618462528156,0.5455097964214374,0.05719483701847823
20,BW,Subspace Discriminant,0.7409118357487923,0.06909175826393046,0.6973015873015873,0.06169602577861712,0.4,0.097182531580755,0.8481884057971014,0.048520972930421354,0.5722222222222222,0.14038087520548087,0.4704761904761905,0.11394393338238121
20,BW,Subspace KNN,0.7484148550724636,0.07476024665578988,0.7023809523809523,0.036456139929701134,0.45,0.04082482904638629,0.8307971014492754,0.06914121995290759,0.5912759462759463,0.08300913828971657,0.5055921622237411,0.026717666479150824
20,BW,RUSBoosted Trees,0.6803442028985507,0.0816393994570379,0.6804761904761905,0.06446203528782839,0.4333333333333333,0.1699673171197595,0.8050724637681158,0.06239462867138914,0.5275757575757576,0.11896554431691102,0.46468761417610516,0.1416230011775503
20,Doppler,Simple Tree,0.6568085748792271,0.14733539716689187,0.7253968253968254,0.06984126984126983,0.55,0.17159383568311665,0.8134057971014492,0.08826015563358001,0.609469696969697,0.12083511445443247,0.5648911474998431,0.12990309346575465
20,Doppler,Medium Tree,0.6358695652173914,0.08906155285777091,0.6803174603174604,0.08738870112551239,0.5000000000000001,0.12909944487358058,0.7717391304347826,0.10694851900464204,0.5376923076923077,0.1453449274278056,0.5122597402597402,0.1304918520864603
20,Doppler,Complex Tree,0.6358695652173914,0.08906155285777091,0.6803174603174604,0.08738870112551239,0.5000000000000001,0.12909944487358058,0.7717391304347826,0.10694851900464204,0.5376923076923077,0.1453449274278056,0.5122597402597402,0.1304918520864603
20,Doppler,Linear Discriminant Analysis,0.7842693236714976,0.0914320805077868,0.7647619047619048,0.08212594718975277,0.5833333333333334,0.09128709291752769,0.8568840579710144,0.08882355559515406,0.6941919191919192,0.16153801772427676,0.6298550724637682,0.11254666002431926
20,Doppler,Quadratic Discriminant Analysis,0.8026871980676329,0.0873321822148604,0.7301587301587302,0.07013107262076332,0.7833333333333333,0.08498365855987976,0.7028985507246377,0.06672964888823966,0.576078431372549,0.08369035401784632,0.6634555738004013,0.08452556484957464
20,Doppler,Logistic Regression,0.8073067632850242,0.08108902873885308,0.7647619047619048,0.07628070054665292,0.6000000000000001,0.0816496580927726,0.8485507246376811,0.10647859719875948,0.7006204906204906,0.1501757856169463,0.6365412323078227,0.08834965919397053
20,Doppler,Linear SVM,0.798822463768116,0.09310556374929235,0.7474603174603175,0.04147810697860497,0.4833333333333334,0.09718253158075502,0.8826086956521738,0.10319028861659563,0.7439393939393939,0.17010232970528713,0.5605425492382015,0.040133410406111514
20,Doppler,Quadratic SVM,0.7134057971014494,0.07689990375592731,0.6968253968253968,0.04984480828608272,0.23333333333333334,0.06236095644623236,0.9329710144927537,0.07252714619725328,0.7016666666666667,0.20387904911164037,0.3407843137254901,0.08124748243814996
20,Doppler,Cubic SVM,0.7697161835748793,0.08427286651534116,0.7139682539682541,0.060195365148711794,0.2666666666666667,0.08164965809277261,0.9416666666666668,0.07728015412913089,0.775,0.22912878474779202,0.3847899159663865,0.10824695576301914
20,Doppler,Fine Gaussian SVM,0.5375905797101449,0.15785268447632633,0.6403174603174602,0.04253968253968254,0.016666666666666666,0.03333333333333333,0.9572463768115942,0.05443953614780566,0.2,0.4,0.03076923076923077,0.06153846153846154
20,Doppler,Medium Gaussian SVM,0.8166364734299517,0.05981078241121416,0.7646031746031746,0.049831158614451795,0.5,0.13944333775567927,0.8985507246376813,0.041957084925258216,0.7186363636363636,0.08983915838967602,0.5797302952801674,0.11046650400596843
20,Doppler,Coarse Gaussian SVM,0.8068236714975846,0.06612888213635044,0.7701587301587303,0.04232354473459765,0.5333333333333333,0.08498365855987973,0.8905797101449275,0.06708869256146842,0.7347619047619047,0.11835608672690273,0.6086390217969166,0.06640889483739489
20,Doppler,Fine KNN,0.6817028985507247,0.04334823552590586,0.7193650793650793,0.0514701967544623,0.5666666666666667,0.062360956446232345,0.7967391304347826,0.08048372972124533,0.6024242424242424,0.09792427876161536,0.5780515297906602,0.05491364316650612
20,Doppler,Medium KNN,0.82506038647343,0.07614033908722909,0.7423809523809524,0.08683801887303685,0.6666666666666667,0.11785113019775792,0.7804347826086957,0.12638333482699046,0.6416361416361417,0.1504885862389787,0.6385209176788124,0.0947083991736861
20,Doppler,Coarse KNN,0.7821708937198066,0.058499822734925766,0.6628571428571428,0.004665694748158418,0.0,0.0,1.0,0.0,0.0,0.0,0.0,0.0
20,Doppler,Cosine KNN,0.813707729468599,0.06128646958579557,0.7592063492063492,0.08599102884647962,0.6666666666666667,0.09128709291752769,0.8061594202898551,0.10954978420559165,0.6573655103066868,0.137531236735203,0.6556781609195402,0.10174832104258431
20,Doppler,Weighted KNN,0.8247735507246376,0.07847293667993863,0.7534920634920634,0.0736627658578072,0.6,0.097182531580755,0.8311594202898551,0.09032863754050752,0.6668831168831169,0.145198222681053,0.6234462242562929,0.09581016765647238
20,Doppler,Boosted Trees,0.763239734299517,0.09499043237699187,0.7476190476190476,0.06693257626659874,0.5833333333333333,0.07453559924999298,0.8307971014492754,0.10227151264079647,0.6678388278388279,0.14221559712997134,0.6125649477228424,0.07432445883278797
20,Doppler,Bagged Trees,0.819836956521739,0.08180448372986296,0.7366666666666666,0.08086269541762803,0.55,0.1130388330520878,0.8315217391304348,0.0945784043223779,0.6428571428571429,0.15091557309993436,0.5856827383143173,0.11727739561843943
20,Doppler,Subspace Discriminant,0.8194142512077296,0.07004163251122471,0.7760317460317461,0.06630362222367527,0.5833333333333334,0.10540925533894598,0.8739130434782609,0.09438805660672168,0.7325757575757577,0.14220647439214926,0.6370642883686362,0.09199460160644958
20,Doppler,Subspace KNN,0.8259208937198068,0.07385324333886642,0.7480952380952381,0.09620750019607793,0.6,0.097182531580755,0.8231884057971014,0.12093310636496883,0.669120879120879,0.17234903630475953,0.6226592238171186,0.11218369379598954
20,Doppler,RUSBoosted Trees,0.763239734299517,0.09499043237699187,0.7476190476190476,0.06693257626659874,0.5833333333333333,0.07453559924999298,0.8307971014492754,0.10227151264079647,0.6678388278388279,0.14221559712997134,0.6125649477228424,0.07432445883278797
20,BW+Doppler,Simple Tree,0.7427989130434783,0.08853076631446269,0.725873015873016,0.0932485307431955,0.6500000000000001,0.12247448713915891,0.7652173913043478,0.14428571651386038,0.6168109668109668,0.15670962452695206,0.6200415526502483,0.1051362614570302
20,BW+Doppler,Medium Tree,0.6699275362318841,0.11992917814892497,0.6917460317460317,0.13440667747872215,0.6,0.14337208778404378,0.7398550724637681,0.18597088799735478,0.5829059829059828,0.19059254140269327,0.5755151515151515,0.14786660533575516
20,BW+Doppler,Complex Tree,0.6699275362318841,0.11992917814892497,0.6917460317460317,0.13440667747872215,0.6,0.14337208778404378,0.7398550724637681,0.18597088799735478,0.5829059829059828,0.19059254140269327,0.5755151515151515,0.14786660533575516
20,BW+Doppler,Linear Discriminant Analysis,0.7741847826086957,0.09390962570941368,0.7307936507936509,0.0679457789253441,0.4999999999999999,0.11785113019775792,0.8485507246376811,0.10647859719875948,0.6587301587301588,0.15983740793871878,0.5553884711779448,0.09971788271324876
20,BW+Doppler,Quadratic Discriminant Analysis,0.7886171497584542,0.0972282888106349,0.7476190476190477,0.09046365827992894,0.7000000000000001,0.13540064007726602,0.7721014492753623,0.10907181288247408,0.6247436773752563,0.1369253186647233,0.6534469737835796,0.11746390772707938
20,BW+Doppler,Logistic Regression,0.7842089371980676,0.10706547283293463,0.759047619047619,0.06539335789851781,0.5333333333333334,0.08498365855987973,0.8739130434782609,0.0867191809296237,0.7105494505494506,0.15806705863257994,0.6009952153110047,0.09049296046328152
20,BW+Doppler,Linear SVM,0.7717693236714978,0.09979220560503162,0.7419047619047618,0.029828602512366673,0.4,0.062360956446232366,0.9163043478260869,0.07433631292046666,0.7607575757575759,0.1605177001073409,0.5095765842568911,0.028162054676867672
20,BW+Doppler,Quadratic SVM,0.6634359903381642,0.09659418100297774,0.6912698412698413,0.03303342024543654,0.2,0.06666666666666667,0.9416666666666668,0.06236095644623236,0.739047619047619,0.22678668291256715,0.29784869413352383,0.08426267609960167
20,BW+Doppler,Cubic SVM,0.763586956521739,0.10337394400824756,0.7138095238095238,0.05570637125534113,0.2833333333333333,0.08498365855987976,0.9329710144927537,0.05636358400762335,0.699047619047619,0.19223945763108777,0.398844169246646,0.11618284605050368
20,BW+Doppler,Fine Gaussian SVM,0.5360658212560387,0.19132733924235074,0.646031746031746,0.0339549002085611,0.016666666666666666,0.03333333333333333,0.9659420289855072,0.04172805811271877,0.2,0.4,0.03076923076923077,0.06153846153846154
20,BW+Doppler,Medium Gaussian SVM,0.8119565217391305,0.048367133865687126,0.7533333333333333,0.06010279260577124,0.4833333333333334,0.062360956446232366,0.8905797101449275,0.06708869256146842,0.7095238095238096,0.15221551866332508,0.5721120984278878,0.08835842007085669
20,BW+Doppler,Coarse Gaussian SVM,0.8035477053140097,0.06678467548289362,0.741904761904762,0.05539068506470668,0.4666666666666667,0.04082482904638629,0.8818840579710144,0.0664279753448997,0.6873015873015873,0.14869890068102054,0.5530644793802688,0.0752089008888053
20,BW+Doppler,Fine KNN,0.6728260869565218,0.04626628586940548,0.7022222222222222,0.057220846250766164,0.5833333333333333,0.05270462766947298,0.7623188405797101,0.08715556928687326,0.5722222222222222,0.10976968031314195,0.5722222222222222,0.05925925925925925
20,BW+Doppler,Medium KNN,0.7898097826086957,0.08271937969619143,0.6915873015873016,0.10472293647542683,0.6000000000000001,0.12247448713915893,0.7380434782608696,0.1394320402412254,0.5665413533834587,0.14393931234170107,0.5718610421836228,0.10998705492654416
20,BW+Doppler,Coarse KNN,0.7532608695652174,0.06815830444813185,0.6628571428571428,0.004665694748158418,0.0,0.0,1.0,0.0,0.0,0.0,0.0,0.0
20,BW+Doppler,Cosine KNN,0.798143115942029,0.0584921083975423,0.7474603174603176,0.06984559871144383,0.65,0.097182531580755,0.7974637681159421,0.11797025780478758,0.6516666666666666,0.14087031072743628,0.6376094276094275,0.07544233701380902
20,BW+Doppler,Weighted KNN,0.7969655797101449,0.08331815875631952,0.7307936507936509,0.0748078920335711,0.5666666666666667,0.14337208778404378,0.8137681159420289,0.09309126724331895,0.6276190476190476,0.14362965730673413,0.5838656470235417,0.10872548888909753
20,BW+Doppler,Boosted Trees,0.7385869565217391,0.10205454032069737,0.7307936507936509,0.06604281042832642,0.5166666666666666,0.14337208778404378,0.8402173913043478,0.10267376958874501,0.6447712418300654,0.1535629573504654,0.560328407224959,0.1100370345611338
20,BW+Doppler,Bagged Trees,0.802536231884058,0.09414376366482025,0.7479365079365079,0.10008386506001593,0.5666666666666667,0.062360956446232345,0.8405797101449275,0.13255621833280232,0.693974358974359,0.21580682062073472,0.613989417989418,0.11906052181694488
20,BW+Doppler,Subspace Discriminant,0.8087560386473429,0.07482133836429845,0.7477777777777778,0.06854754140083194,0.4833333333333334,0.062360956446232366,0.8822463768115943,0.08016995180254685,0.7004329004329004,0.1652563658194914,0.5681595292579275,0.09380342314458529
20,BW+Doppler,Subspace KNN,0.8160628019323672,0.07477058651055257,0.7361904761904763,0.07099089895856957,0.5833333333333334,0.09128709291752769,0.8137681159420289,0.09309126724331895,0.6358857808857808,0.14032800725415312,0.6011424388815694,0.08959093292080468
20,BW+Doppler,RUSBoosted Trees,0.7385869565217391,0.10205454032069737,0.7307936507936509,0.06604281042832642,0.5166666666666666,0.14337208778404378,0.8402173913043478,0.10267376958874501,0.6447712418300654,0.1535629573504654,0.560328407224959,0.1100370345611338
30,BW,Simple Tree,0.6367753623188406,0.08872806749241424,0.6293650793650793,0.03924841904562849,0.55,0.13540064007726602,0.6706521739130434,0.08160945361632266,0.45897435897435895,0.04122104462149571,0.49321611721611724,0.07339295787024698
30,BW,Medium Tree,0.572463768115942,0.0537314076420092,0.6009523809523809,0.048958412738553496,0.4833333333333333,0.11055415967851333,0.6615942028985506,0.07191276016510678,0.4207664884135472,0.05769070714790143,0.4460019990004997,0.07159530592641773
30,BW,Complex Tree,0.572463768115942,0.0537314076420092,0.6009523809523809,0.048958412738553496,0.4833333333333333,0.11055415967851333,0.6615942028985506,0.07191276016510678,0.4207664884135472,0.05769070714790143,0.4460019990004997,0.07159530592641773
30,BW,Linear Discriminant Analysis,0.6865338164251207,0.11455421444238603,0.6466666666666667,0.05388742780355586,0.41666666666666663,0.07453559924999299,0.7641304347826087,0.08405797101449274,0.49207459207459203,0.11084988391162723,0.44280193236714976,0.06380879978725573
30,BW,Quadratic Discriminant Analysis,0.7353864734299517,0.0697029294585811,0.7025396825396826,0.03997479679669131,0.6333333333333334,0.06666666666666665,0.7376811594202899,0.02791031184430544,0.5505494505494506,0.05331652514597014,0.5889230769230769,0.058852136448025755
30,BW,Logistic Regression,0.7070954106280193,0.08944240721352234,0.7085714285714285,0.06924238176581357,0.4166666666666667,0.11785113019775795,0.8565217391304347,0.06142773754354416,0.5985714285714285,0.1516171332733897,0.488421052631579,0.12739369004388576
30,BW,Linear SVM,0.6843900966183576,0.08852117382107388,0.7025396825396826,0.07040787479720795,0.33333333333333337,0.07453559924999299,0.8902173913043478,0.07216969314245124,0.636904761904762,0.22392347656288536,0.43495700034399726,0.11344158553284037
30,BW,Quadratic SVM,0.6378925120772947,0.09086391604932567,0.685873015873016,0.05167489510952585,0.23333333333333334,0.18559214542766744,0.9155797101449276,0.0597287856086808,0.6266666666666666,0.2225109235770485,0.3016460663519487,0.18332153358201833
30,BW,Cubic SVM,0.7079106280193235,0.10220481539510955,0.7019047619047618,0.05349135697333806,0.26666666666666666,0.11055415967851334,0.923913043478261,0.04848849570259883,0.6323809523809525,0.16036805739360802,0.36754631677232297,0.14095560765352308
30,BW,Fine Gaussian SVM,0.5517361111111111,0.1304391472755603,0.6631746031746031,0.02739003760015616,0.03333333333333333,0.0408248290463863,0.9833333333333332,0.03333333333333335,0.4,0.48989794855663565,0.06153846153846154,0.07536891516255934
30,BW,Medium Gaussian SVM,0.7421195652173913,0.0577267839915069,0.6968253968253968,0.04321135224057516,0.33333333333333337,0.10540925533894599,0.8822463768115941,0.0604106231903372,0.6047619047619047,0.11818736805705578,0.41792663476874,0.10784148858560096
30,BW,Coarse Gaussian SVM,0.7043478260869565,0.043005663343662806,0.6912698412698413,0.03741455369799644,0.3166666666666667,0.09718253158075502,0.8822463768115941,0.0604106231903372,0.5952380952380951,0.11065666703449763,0.401552365762892,0.09566957222310206
30,BW,Fine KNN,0.6398550724637682,0.06442401890056342,0.68,0.0636553455998127,0.5166666666666667,0.09718253158075503,0.7630434782608695,0.08065481069169196,0.5332575757575758,0.10713214122808272,0.5210144927536232,0.09208590809963556
30,BW,Medium KNN,0.7219957729468599,0.08153770084388479,0.6742857142857143,0.0641662617415147,0.5166666666666667,0.11055415967851333,0.7547101449275362,0.053808922364455,0.5176190476190476,0.09825691715450616,0.5155011655011654,0.09889440503151287
30,BW,Coarse KNN,0.7195954106280193,0.04202965790871978,0.6628571428571428,0.004665694748158418,0.0,0.0,1.0,0.0,0.0,0.0,0.0,0.0
30,BW,Cosine KNN,0.7411684782608695,0.09076242139994554,0.7026984126984127,0.07216830361286931,0.6333333333333333,0.08498365855987974,0.7380434782608696,0.06969907110211279,0.5561904761904761,0.0974691066819103,0.5914529914529914,0.09035607033437615
30,BW,Weighted KNN,0.7437047101449276,0.08052171119788193,0.7139682539682539,0.06484588392590172,0.4833333333333333,0.13333333333333336,0.8311594202898551,0.04369511139617778,0.5866666666666667,0.11661903789690599,0.5276190476190475,0.12349562120319595
30,BW,Boosted Trees,0.6840579710144927,0.10538837363867117,0.6799999999999999,0.07080752942470195,0.5666666666666667,0.14337208778404378,0.7376811594202899,0.038385283009127635,0.5174358974358975,0.1010451627630795,0.54,0.11895844279037579
30,BW,Bagged Trees,0.6984299516908212,0.07297886133904997,0.6517460317460317,0.027195252501666104,0.4666666666666666,0.13540064007726602,0.7467391304347826,0.06696922522064941,0.4818099547511312,0.046238410684544755,0.46598119122257053,0.07893053492321651
30,BW,Subspace Discriminant,0.7535929951690822,0.08531223925294429,0.7253968253968253,0.07126789688725338,0.45,0.11303883305208783,0.864855072463768,0.066023599810894,0.6399999999999999,0.16519348924485158,0.5240981240981241,0.1223930652690334
30,BW,Subspace KNN,0.740594806763285,0.06557086495962847,0.7023809523809524,0.03194382824999702,0.5166666666666667,0.06236095644623237,0.7971014492753623,0.028135171968575623,0.5642424242424242,0.05535261372085359,0.5384716732542819,0.05454187420225094
30,BW,RUSBoosted Trees,0.6840579710144927,0.10538837363867117,0.6799999999999999,0.07080752942470195,0.5666666666666667,0.14337208778404378,0.7376811594202899,0.038385283009127635,0.5174358974358975,0.1010451627630795,0.54,0.11895844279037579
30,Doppler,Simple Tree,0.6569142512077295,0.0781749108347693,0.7312698412698413,0.07951192763625063,0.5333333333333334,0.08498365855987973,0.8318840579710145,0.08602612157817423,0.632105672105672,0.1491469974460024,0.5760301148127234,0.10980266617204941
30,Doppler,Medium Tree,0.6699275362318841,0.059965136373898706,0.7198412698412697,0.06078349618867878,0.5166666666666667,0.06236095644623237,0.8231884057971015,0.07001852606888151,0.6078632478632479,0.11871594886109167,0.5566060606060605,0.08352702558856681
30,Doppler,Complex Tree,0.6699275362318841,0.059965136373898706,0.7198412698412697,0.06078349618867878,0.5166666666666667,0.06236095644623237,0.8231884057971015,0.07001852606888151,0.6078632478632479,0.11871594886109167,0.5566060606060605,0.08352702558856681
30,Doppler,Linear Discriminant Analysis,0.7667270531400966,0.07779124401458012,0.7423809523809524,0.0619446351033744,0.6000000000000001,0.12247448713915891,0.8144927536231883,0.054859906359488946,0.6241702741702742,0.10487910791327106,0.6081939799331104,0.09914669197309912
30,Doppler,Quadratic Discriminant Analysis,0.7885265700483091,0.08203360727165739,0.7023809523809523,0.04068882832939341,0.8,0.08498365855987976,0.6528985507246376,0.02673805032970302,0.5386996904024768,0.04231417848487899,0.6433815350389323,0.05559777185907584
30,Doppler,Logistic Regression,0.807427536231884,0.08863525870654598,0.7536507936507937,0.08519330205504172,0.5666666666666667,0.062360956446232345,0.8489130434782608,0.11888033976097362,0.6980952380952381,0.1793591795630344,0.6157337788916736,0.09701164788017594
30,Doppler,Linear SVM,0.8026268115942029,0.09624302474775884,0.7479365079365079,0.09146714353903664,0.5166666666666667,0.03333333333333335,0.8659420289855072,0.135140556326712,0.7412698412698413,0.24133248977774005,0.5923076923076922,0.09187934803676366
30,Doppler,Quadratic SVM,0.7279287439613527,0.07485039182987967,0.7025396825396826,0.04988118914972028,0.23333333333333334,0.06236095644623236,0.9416666666666668,0.07728015412913089,0.7683333333333333,0.2338327987639411,0.34459383753501394,0.0780672620680773
30,Doppler,Cubic SVM,0.7698369565217391,0.09112284825604085,0.7196825396825397,0.058576375237408135,0.2833333333333333,0.04082482904638629,0.9416666666666668,0.07728015412913089,0.775,0.22912878474779202,0.41,0.07842193570679061
30,Doppler,Fine Gaussian SVM,0.5419685990338163,0.161417036436422,0.646031746031746,0.0339549002085611,0.016666666666666666,0.03333333333333333,0.9659420289855072,0.04172805811271877,0.2,0.4,0.03076923076923077,0.06153846153846154
30,Doppler,Medium Gaussian SVM,0.812469806763285,0.06473548245007567,0.758888888888889,0.039448196940728854,0.5,0.10540925533894598,0.8902173913043478,0.04930199621209869,0.71,0.09165151389911684,0.5777540106951873,0.08534839772851034
30,Doppler,Coarse Gaussian SVM,0.7982789855072464,0.06094969827915636,0.7646031746031746,0.049470871176745465,0.5166666666666667,0.06236095644623237,0.8909420289855072,0.08523661421758037,0.7407875457875458,0.1420374671895803,0.5985178096757044,0.059222902207939576
30,Doppler,Fine KNN,0.6643115942028985,0.03551648800169851,0.6963492063492063,0.04950141944006256,0.5666666666666667,0.062360956446232345,0.7619565217391304,0.08810831393374298,0.5666666666666667,0.09944289260117532,0.5588888888888889,0.04128259197953414
30,Doppler,Medium KNN,0.8103260869565219,0.08013165569991625,0.7422222222222222,0.08713895385481493,0.6333333333333334,0.09999999999999999,0.7971014492753623,0.12424419687811175,0.6490196078431373,0.15109922411271967,0.6279957187398203,0.09178502866768999
30,Doppler,Coarse KNN,0.7796497584541063,0.06678743620109015,0.6628571428571428,0.004665694748158418,0.0,0.0,1.0,0.0,0.0,0.0,0.0,0.0
30,Doppler,Cosine KNN,0.8044836956521738,0.06603829988242119,0.7306349206349206,0.05857250396913568,0.65,0.062360956446232345,0.7713768115942028,0.09299956072195152,0.6090138619550384,0.1037366838800084,0.6221396993810788,0.05664782770538537
30,Doppler,Weighted KNN,0.8234450483091788,0.07889565549839703,0.7646031746031747,0.06067895019049616,0.6166666666666667,0.08498365855987973,0.8394927536231884,0.08416878003672884,0.6835497835497837,0.1266457596674513,0.6398051986152673,0.0758802466172623
30,Doppler,Boosted Trees,0.7919384057971015,0.08284322935406947,0.7423809523809524,0.08504233972842744,0.5666666666666667,0.14337208778404378,0.8318840579710145,0.13605735814315198,0.670609857978279,0.1749010214762571,0.5974231767101037,0.11829056646187106
30,Doppler,Bagged Trees,0.8033363526570048,0.06625726073016877,0.7420634920634921,0.051858870057379006,0.55,0.08498365855987974,0.8394927536231884,0.08416878003672884,0.6612121212121214,0.12237922964867498,0.5895544069457113,0.06605021566686796
30,Doppler,Subspace Discriminant,0.8077294685990338,0.07379677961270464,0.7761904761904763,0.08080440880133605,0.6,0.097182531580755,0.8655797101449275,0.09931370252984698,0.721933621933622,0.16481426559038242,0.6472586147643355,0.10890471080584965
30,Doppler,Subspace KNN,0.8141002415458937,0.077992020539102,0.7701587301587303,0.05774506312616431,0.6166666666666667,0.08498365855987973,0.8478260869565217,0.08102505699704049,0.6941558441558442,0.11984698176685014,0.6448776623833832,0.07271745595309886
30,Doppler,RUSBoosted Trees,0.7919384057971015,0.08284322935406947,0.7423809523809524,0.08504233972842744,0.5666666666666667,0.14337208778404378,0.8318840579710145,0.13605735814315198,0.670609857978279,0.1749010214762571,0.5974231767101037,0.11829056646187106
30,BW+Doppler,Simple Tree,0.7043176328502415,0.1370281254257435,0.6925396825396826,0.11568543198516987,0.5999999999999999,0.1615893285805443,0.739855072463768,0.1280867564632052,0.5562087035771246,0.18475270475102298,0.570755565145467,0.16054682044687096
30,BW+Doppler,Medium Tree,0.6579710144927536,0.10669290201936979,0.6923809523809524,0.13575521521492237,0.55,0.08498365855987974,0.7659420289855072,0.20630677854231005,0.6228571428571429,0.22774453604015427,0.5629062555378346,0.12574163778313968
30,BW+Doppler,Complex Tree,0.6579710144927536,0.10669290201936979,0.6923809523809524,0.13575521521492237,0.55,0.08498365855987974,0.7659420289855072,0.20630677854231005,0.6228571428571429,0.22774453604015427,0.5629062555378346,0.12574163778313968
30,BW+Doppler,Linear Discriminant Analysis,0.7554045893719806,0.10440471993554787,0.7306349206349207,0.08997858147757473,0.5166666666666667,0.08164965809277261,0.8398550724637681,0.12678364081142213,0.6680555555555555,0.2027206921168771,0.5716108452950558,0.10981576433862288
30,BW+Doppler,Quadratic Discriminant Analysis,0.7843900966183576,0.09470826678332495,0.7473015873015874,0.05501688968551092,0.7000000000000001,0.13540064007726602,0.7713768115942029,0.0723767593575871,0.6133838383838384,0.08429351937383864,0.6479296066252588,0.0878578936063343
30,BW+Doppler,Logistic Regression,0.78137077294686,0.10038596923941032,0.7420634920634921,0.06505806852475204,0.5,0.07453559924999299,0.8655797101449275,0.10930025088498321,0.6980952380952381,0.1573604393935064,0.5697020328599276,0.07042042168230857
30,BW+Doppler,Linear SVM,0.7596316425120773,0.10565210212297294,0.7025396825396826,0.043253312941009404,0.3,0.04082482904638629,0.9079710144927537,0.08057338886685085,0.6988888888888889,0.20386391006541715,0.4053081232492997,0.03414565826330532
30,BW+Doppler,Quadratic SVM,0.6632246376811594,0.08143482573932077,0.6966666666666667,0.036381423305077015,0.2,0.08498365855987974,0.95,0.06123724356957944,0.779047619047619,0.2161212391753197,0.2985209630410869,0.10199495599065941
30,BW+Doppler,Cubic SVM,0.7797403381642513,0.08885598201538968,0.7025396825396826,0.056046358092921335,0.2833333333333333,0.06666666666666667,0.9163043478260869,0.07433631292046666,0.6826190476190476,0.2105973579262876,0.3916615067079463,0.09258081624635447
30,BW+Doppler,Fine Gaussian SVM,0.5026570048309179,0.17723189741518783,0.646031746031746,0.0339549002085611,0.016666666666666666,0.03333333333333333,0.9659420289855072,0.04172805811271877,0.2,0.4,0.03076923076923077,0.06153846153846154
30,BW+Doppler,Medium Gaussian SVM,0.807759661835749,0.049027866657898884,0.7422222222222221,0.054274109963643645,0.4333333333333334,0.06236095644623236,0.8992753623188406,0.07206958002256765,0.713968253968254,0.15445154064514655,0.5328964121533781,0.08088662454073434
30,BW+Doppler,Coarse Gaussian SVM,0.8073067632850242,0.0592899846722333,0.7533333333333333,0.06010279260577124,0.4666666666666667,0.04082482904638629,0.8992753623188406,0.07206958002256765,0.7253968253968254,0.16230886388779955,0.5650945545682389,0.08171360000155872
30,BW+Doppler,Fine KNN,0.6858695652173914,0.046587919652082845,0.724920634920635,0.05849502480066005,0.5666666666666667,0.09718253158075499,0.805072463768116,0.10738705031766833,0.6266573295985061,0.1311596878476486,0.5818987122979864,0.0659401639385393
30,BW+Doppler,Medium KNN,0.7790760869565216,0.06997244989189558,0.7025396825396825,0.08679709936136104,0.6166666666666666,0.09999999999999999,0.7463768115942029,0.13092199665506765,0.5748717948717949,0.10958531601389193,0.5862857142857143,0.08470645591375775
30,BW+Doppler,Coarse KNN,0.7493357487922705,0.06535303942422219,0.6628571428571428,0.004665694748158418,0.0,0.0,1.0,0.0,0.0,0.0,0.0,0.0
30,BW+Doppler,Cosine KNN,0.8026871980676328,0.051151567022106104,0.7476190476190476,0.07559456109349816,0.6500000000000001,0.12247448713915891,0.7974637681159421,0.11797025780478758,0.6498435774751564,0.14941644051843805,0.6367713884992987,0.09192875659933435
30,BW+Doppler,Weighted KNN,0.788677536231884,0.07485106169291307,0.7077777777777777,0.07044007368573378,0.5333333333333333,0.08498365855987974,0.7967391304347826,0.1133623799836046,0.605546218487395,0.15287137242223708,0.5552376921587053,0.07490438158493784
30,BW+Doppler,Boosted Trees,0.7384057971014494,0.0801181476078316,0.7247619047619047,0.06489210379387204,0.55,0.12472191289246472,0.8141304347826088,0.09331802917104491,0.6169934640522876,0.13171840144996116,0.5726227795193313,0.09786055313616757
30,BW+Doppler,Bagged Trees,0.7881642512077296,0.08716209597000886,0.7534920634920634,0.08593827288985689,0.5499999999999999,0.135400640077266,0.8572463768115941,0.10664367466444377,0.6918614718614718,0.17469544507195411,0.6006903512624336,0.12757677824156988
30,BW+Doppler,Subspace Discriminant,0.8055857487922704,0.08330425085888549,0.7365079365079366,0.06764959441184161,0.4666666666666667,0.06666666666666667,0.8739130434782609,0.09438805660672168,0.6922222222222223,0.16222222222222224,0.5479797979797979,0.07931062017152969
30,BW+Doppler,Subspace KNN,0.8022041062801932,0.07971158309619737,0.7417460317460318,0.03971300417913792,0.5666666666666667,0.09718253158075499,0.8311594202898551,0.09771464398345459,0.663076923076923,0.1088412460009174,0.5949552669552669,0.03578555321725087
30,BW+Doppler,RUSBoosted Trees,0.7384057971014494,0.0801181476078316,0.7247619047619047,0.06489210379387204,0.55,0.12472191289246472,0.8141304347826088,0.09331802917104491,0.6169934640522876,0.13171840144996116,0.5726227795193313,0.09786055313616757
50,BW,Simple Tree,0.6018115942028984,0.06464631107068286,0.6574603174603173,0.017736630385876598,0.36666666666666664,0.12472191289246472,0.8050724637681158,0.06773133788347148,0.49028749028749025,0.03510031672739202,0.4065383022774327,0.09366907780804166
50,BW,Medium Tree,0.5851449275362318,0.0793862821244326,0.6295238095238095,0.06304884987369369,0.45,0.135400640077266,0.7202898550724638,0.04260290308648889,0.44447219447219444,0.09976169789043679,0.44549326036282555,0.11406367618512503
50,BW,Complex Tree,0.5851449275362318,0.0793862821244326,0.6295238095238095,0.06304884987369369,0.45,0.135400640077266,0.7202898550724638,0.04260290308648889,0.44447219447219444,0.09976169789043679,0.44549326036282555,0.11406367618512503
50,BW,Linear Discriminant Analysis,0.6631340579710145,0.10168289611905736,0.6688888888888889,0.057746808375450674,0.4666666666666667,0.08498365855987976,0.7721014492753623,0.060208190929378076,0.515034965034965,0.1036014503926963,0.4874266892527762,0.08588254777134076
50,BW,Logistic Regression,0.7305253623188406,0.10259997705574203,0.6968253968253968,0.05839889415907006,0.4333333333333334,0.12247448713915893,0.8311594202898551,0.05102653431665559,0.5626190476190477,0.11738747204921104,0.485768967874231,0.11740286005240813
50,BW,Linear SVM,0.7033816425120774,0.07270299430953654,0.696984126984127,0.06273838388335556,0.2833333333333333,0.04082482904638629,0.9076086956521738,0.08034987031299597,0.6707142857142857,0.23558871113940616,0.39227554179566565,0.08049941047183817
50,BW,Quadratic SVM,0.6560688405797102,0.08944628023636578,0.7136507936507936,0.039591641925477844,0.3,0.08498365855987976,0.9242753623188407,0.055405173488739926,0.7219047619047619,0.1857899723671855,0.40857044572214846,0.09241110410234243
50,BW,Cubic SVM,0.6890700483091787,0.09386836930525089,0.6857142857142857,0.02920376109995891,0.25,0.05270462766947299,0.9079710144927537,0.060945001564615485,0.65,0.2050385727772475,0.3461779448621554,0.0472889561667745
50,BW,Fine Gaussian SVM,0.4682971014492754,0.09863534777340781,0.646031746031746,0.0339549002085611,0.016666666666666666,0.03333333333333333,0.9659420289855072,0.04172805811271877,0.2,0.4,0.03076923076923077,0.06153846153846154
50,BW,Medium Gaussian SVM,0.717512077294686,0.07493115845672249,0.7022222222222222,0.0780242289119483,0.3666666666666667,0.1452966314513558,0.873550724637681,0.06887299008221544,0.5928571428571429,0.17835701413119676,0.4461722488038277,0.16172291271425795
50,BW,Coarse Gaussian SVM,0.714975845410628,0.05345891406064646,0.6966666666666667,0.06895249788057553,0.35000000000000003,0.12247448713915891,0.873550724637681,0.06887299008221544,0.5892857142857143,0.1727626660349689,0.4324880382775119,0.1412673571569815
50,BW,Fine KNN,0.6313405797101448,0.05861004223714304,0.6685714285714286,0.059312004115520706,0.5166666666666666,0.08164965809277258,0.7460144927536232,0.07451269963608445,0.5153846153846154,0.0819871544275337,0.5128888888888888,0.07264713879306534
50,BW,Medium KNN,0.7245923913043478,0.09215727677777806,0.663015873015873,0.05760308493740477,0.4666666666666667,0.15456030825826172,0.7637681159420289,0.06535412397614195,0.49773559773559767,0.08532243157498137,0.47275808249721296,0.1176699999735943
50,BW,Coarse KNN,0.7225090579710145,0.05222787215070526,0.6628571428571428,0.004665694748158418,0.0,0.0,1.0,0.0,0.0,0.0,0.0,0.0
50,BW,Cosine KNN,0.7490036231884057,0.0939361939178191,0.6966666666666665,0.07584146252309305,0.5833333333333333,0.17480147469502524,0.7554347826086957,0.09049271184394027,0.5449601379013143,0.11111359964335026,0.554539759360086,0.1401832308094423
50,BW,Weighted KNN,0.7479468599033816,0.10030512251090519,0.696984126984127,0.03403420389134308,0.4666666666666667,0.11303883305208783,0.8144927536231883,0.054859906359488946,0.5662781662781662,0.07879171005950397,0.5031663216011042,0.08135841933710138
50,BW,Boosted Trees,0.7142512077294686,0.1277051546056055,0.6803174603174603,0.1133486717645096,0.5166666666666666,0.19293061504650377,0.7630434782608695,0.09267433205071403,0.5243589743589744,0.15922230457702588,0.5166666666666667,0.17387096109215913
50,BW,Bagged Trees,0.7024003623188406,0.0696160974525863,0.6576190476190475,0.05489310255843445,0.4166666666666667,0.052704627669472995,0.7804347826086956,0.07016648369223308,0.5027777777777778,0.0963852865160971,0.4528138528138529,0.06209367837860738
50,BW,Subspace Discriminant,0.756219806763285,0.08012185978677927,0.7252380952380953,0.08725308898205876,0.4833333333333333,0.09718253158075502,0.8481884057971014,0.0849434866556924,0.6347979797979797,0.18263455889799976,0.5473028420854507,0.1300310529820914
50,BW,Subspace KNN,0.731400966183575,0.09819671508476657,0.6746031746031746,0.0549765748690162,0.4,0.13333333333333336,0.814855072463768,0.07079046295252316,0.5283333333333333,0.11249691353790803,0.44487394957983195,0.11438777916231745
50,BW,RUSBoosted Trees,0.7142512077294686,0.1277051546056055,0.6803174603174603,0.1133486717645096,0.5166666666666666,0.19293061504650377,0.7630434782608695,0.09267433205071403,0.5243589743589744,0.15922230457702588,0.5166666666666667,0.17387096109215913
50,Doppler,Simple Tree,0.683725845410628,0.08713184318627969,0.7365079365079366,0.07014903330244705,0.5833333333333333,0.1178511301977579,0.8148550724637682,0.11247301246930946,0.6436904761904763,0.12195706653202802,0.5983367509683297,0.08587741143825235
50,Doppler,Medium Tree,0.7197463768115943,0.06511314131588707,0.7476190476190476,0.0735247964404525,0.6333333333333334,0.06666666666666665,0.8061594202898551,0.09958826178901993,0.6433441558441559,0.11846663624350275,0.6329279416235938,0.07835271390971989
50,Doppler,Complex Tree,0.7197463768115943,0.06511314131588707,0.7476190476190476,0.0735247964404525,0.6333333333333334,0.06666666666666665,0.8061594202898551,0.09958826178901993,0.6433441558441559,0.11846663624350275,0.6329279416235938,0.07835271390971989
50,Doppler,Linear Discriminant Analysis,0.7316123188405796,0.03461011623082159,0.6971428571428572,0.05484488766694487,0.6333333333333333,0.08498365855987973,0.7293478260869566,0.09036641553653,0.5545454545454545,0.0900811623069329,0.5856533271825626,0.06448343959950954
50,Doppler,Logistic Regression,0.8022644927536231,0.07302172970222623,0.7476190476190477,0.08914362591808869,0.5833333333333333,0.07453559924999298,0.8311594202898551,0.12666865650279333,0.6944444444444444,0.21416810411533688,0.6177655677655678,0.09875786670758292
50,Doppler,Linear SVM,0.7951992753623188,0.07537925224722326,0.7534920634920635,0.07366276585780722,0.4833333333333334,0.06236095644623236,0.8913043478260869,0.11940591055965592,0.7763986013986014,0.22899321883749882,0.5756419437340154,0.0746123391790073
50,Doppler,Quadratic SVM,0.7084239130434783,0.04913206910909448,0.7080952380952381,0.025880318377382645,0.19999999999999998,0.04082482904638631,0.9666666666666668,0.0485912657903775,0.8333333333333333,0.21081851067789195,0.3142857142857142,0.048187088154946746
50,Doppler,Cubic SVM,0.7534420289855073,0.07696222279952418,0.7474603174603174,0.03321369307847765,0.29999999999999993,0.0408248290463863,0.975,0.03333333333333334,0.8699999999999999,0.1661324772583615,0.4455882352941177,0.06700462205820304
50,Doppler,Fine Gaussian SVM,0.48158212560386476,0.14537044841065477,0.646031746031746,0.0339549002085611,0.016666666666666666,0.03333333333333333,0.9659420289855072,0.04172805811271877,0.2,0.4,0.03076923076923077,0.06153846153846154
50,Doppler,Medium Gaussian SVM,0.7829106280193237,0.06523031999691231,0.7644444444444444,0.030751894451329018,0.5333333333333333,0.11303883305208781,0.8815217391304347,0.048333930856963164,0.7082828282828283,0.07810217016701568,0.5974114547004572,0.08168048213311087
50,Doppler,Coarse Gaussian SVM,0.777536231884058,0.05227255935929587,0.7588888888888888,0.049640684230419306,0.5,0.074535599249993,0.8905797101449275,0.06708869256146842,0.720923520923521,0.13444824742816247,0.5834084552620021,0.07385556902423872
50,Doppler,Fine KNN,0.6978260869565217,0.09917315959956677,0.7193650793650793,0.09087575375372346,0.6333333333333334,0.15456030825826172,0.7623188405797101,0.09838407691823052,0.59,0.13542910722551568,0.602051282051282,0.12227267037407208
50,Doppler,Medium KNN,0.7991998792270532,0.07706740720973813,0.7420634920634921,0.08733621246977906,0.7,0.06666666666666667,0.7634057971014493,0.1495705537751524,0.6420329670329671,0.14652827358413104,0.6546293706293707,0.0651318084878175
50,Doppler,Coarse KNN,0.7642964975845411,0.06762303672764401,0.6628571428571428,0.004665694748158418,0.0,0.0,1.0,0.0,0.0,0.0,0.0,0.0
50,Doppler,Cosine KNN,0.8053291062801933,0.0751008133909858,0.7250793650793652,0.08772566552059032,0.6833333333333333,0.062360956446232345,0.7463768115942029,0.13865028864550868,0.6061538461538462,0.12831400923353567,0.6336223776223776,0.07714650831325033
50,Doppler,Weighted KNN,0.8198369565217393,0.07797385698265043,0.7701587301587302,0.07226424732306469,0.6833333333333333,0.09718253158075502,0.8141304347826088,0.13054343300871676,0.6917065390749602,0.13704901752866525,0.6707614326570553,0.06730085909018486
50,Doppler,Boosted Trees,0.7853562801932367,0.06209994649480963,0.7642857142857143,0.06713741581764,0.6499999999999999,0.033333333333333305,0.822463768115942,0.0977388231294703,0.6753968253968254,0.1418251969691524,0.656097606097606,0.07381886728780715
50,Doppler,Bagged Trees,0.8282155797101449,0.07715811195243144,0.7585714285714286,0.032188973384663574,0.6333333333333333,0.08498365855987974,0.8221014492753623,0.08057338886685084,0.6672619047619047,0.10399475610362356,0.6382205513784461,0.03064825782676569
50,Doppler,Subspace Discriminant,0.7981582125603864,0.05375744484282879,0.7479365079365079,0.05585091554257475,0.5666666666666667,0.1224744871391589,0.8402173913043478,0.07496060717202897,0.6518192918192918,0.11278153976434756,0.5980753281805913,0.10438689266298985
50,Doppler,Subspace KNN,0.8089673913043478,0.07427288299542129,0.7363492063492064,0.08060210555878143,0.6166666666666667,0.08498365855987973,0.7967391304347826,0.1217003043676383,0.6425927014162307,0.14322289925900739,0.6166066440463979,0.07673262953111996
50,Doppler,RUSBoosted Trees,0.7853562801932367,0.06209994649480963,0.7642857142857143,0.06713741581764,0.6499999999999999,0.033333333333333305,0.822463768115942,0.0977388231294703,0.6753968253968254,0.1418251969691524,0.656097606097606,0.07381886728780715
50,BW+Doppler,Simple Tree,0.6552536231884057,0.08240655313252203,0.6861904761904762,0.08828679302777541,0.5166666666666666,0.1699673171197595,0.772463768115942,0.10559962709894506,0.5471610742198977,0.13673434037889728,0.52056980122379,0.13522498666569988
50,BW+Doppler,Medium Tree,0.6568840579710145,0.0638478380121016,0.6914285714285714,0.0623415603238562,0.5499999999999999,0.11303883305208777,0.763768115942029,0.08799649846960475,0.5507323232323232,0.09683783384962345,0.5437961394483134,0.08932598875305295
50,BW+Doppler,Complex Tree,0.6568840579710145,0.0638478380121016,0.6914285714285714,0.0623415603238562,0.5499999999999999,0.11303883305208777,0.763768115942029,0.08799649846960475,0.5507323232323232,0.09683783384962345,0.5437961394483134,0.08932598875305295
50,BW+Doppler,Linear Discriminant Analysis,0.703713768115942,0.08840322940161204,0.68,0.05008785428512969,0.4666666666666667,0.10000000000000002,0.7894927536231884,0.0853443547939176,0.5432251082251082,0.08721879131108679,0.4929866937876091,0.07083626110198514
50,BW+Doppler,Logistic Regression,0.7669685990338164,0.1042863032087325,0.7307936507936509,0.0748078920335711,0.5000000000000001,0.1178511301977579,0.8485507246376811,0.10647859719875948,0.6580952380952381,0.15586493367983836,0.5552720184299131,0.10879926730421338
50,BW+Doppler,Linear SVM,0.75631038647343,0.10221257519911046,0.7023809523809523,0.03670066451047182,0.3,0.11303883305208781,0.9079710144927537,0.09982130642158009,0.7333333333333333,0.2260776661041756,0.39333333333333337,0.07423685817106696
50,BW+Doppler,Quadratic SVM,0.6522644927536232,0.09397581751916942,0.7023809523809523,0.04068882832939341,0.2333333333333333,0.0816496580927726,0.941304347826087,0.062268263938958936,0.7657142857142857,0.2245358023358686,0.33863300785901407,0.10587806376248529
50,BW+Doppler,Cubic SVM,0.7639190821256039,0.07731888396891662,0.7080952380952381,0.05634451131792994,0.2833333333333333,0.06666666666666667,0.9246376811594204,0.07152104165408853,0.7016666666666667,0.20387904911164037,0.3963398692810457,0.09451857235198978
50,BW+Doppler,Fine Gaussian SVM,0.5129981884057971,0.13929274669437566,0.646031746031746,0.0339549002085611,0.016666666666666666,0.03333333333333333,0.9659420289855072,0.04172805811271877,0.2,0.4,0.03076923076923077,0.06153846153846154
50,BW+Doppler,Medium Gaussian SVM,0.8104166666666666,0.05511092023277987,0.7420634920634921,0.051858870057379006,0.4333333333333333,0.033333333333333326,0.8992753623188406,0.07206958002256765,0.7158730158730159,0.15482497697265457,0.5346851978430924,0.06340907391879778
50,BW+Doppler,Coarse Gaussian SVM,0.7932367149758455,0.04721671993717098,0.7307936507936509,0.07234578650059044,0.4166666666666667,0.09128709291752768,0.8905797101449275,0.06708869256146842,0.6718253968253969,0.18553274263338332,0.5131328320802006,0.1224933439731231
50,BW+Doppler,Fine KNN,0.6817028985507246,0.06840681419656539,0.7196825396825396,0.06830636600777565,0.5666666666666667,0.13333333333333333,0.7967391304347826,0.10648352858988841,0.6160714285714286,0.13844884940015487,0.5738150738150738,0.09237882456757025
50,BW+Doppler,Medium KNN,0.7741847826086956,0.06078299764050588,0.6914285714285715,0.05623036876438015,0.6333333333333334,0.06666666666666665,0.721376811594203,0.11493219648061935,0.5516317016317016,0.06912842291462269,0.5825736292692815,0.02700701080233809
50,BW+Doppler,Coarse KNN,0.7587107487922704,0.06621612584495812,0.6628571428571428,0.004665694748158418,0.0,0.0,1.0,0.0,0.0,0.0,0.0,0.0
50,BW+Doppler,Cosine KNN,0.7882548309178744,0.059742860114572846,0.7026984126984127,0.06346150058053693,0.6,0.06236095644623234,0.755072463768116,0.08785316701178882,0.5668449197860962,0.10171563219389662,0.5792143928035982,0.07126753014789698
50,BW+Doppler,Weighted KNN,0.7911986714975845,0.06894076028030391,0.7023809523809523,0.05133393212635812,0.55,0.06666666666666667,0.7800724637681158,0.09260489661301163,0.576541889483066,0.09101169282590219,0.556251095231605,0.046955574326450936
50,BW+Doppler,Boosted Trees,0.7469655797101449,0.0677725585908555,0.7192063492063492,0.05207800804219315,0.5333333333333333,0.11303883305208781,0.8137681159420289,0.08566676351380667,0.6055555555555555,0.10599324460188285,0.5585714285714286,0.08691748113053607
50,BW+Doppler,Bagged Trees,0.7843599033816425,0.0655880641870744,0.7587301587301588,0.061580346522680164,0.6166666666666667,0.08498365855987973,0.8311594202898551,0.09032863754050752,0.6726923076923076,0.12990766963443223,0.6348042328042327,0.07604541157710357
50,BW+Doppler,Subspace Discriminant,0.7856582125603865,0.08424932409364447,0.7534920634920634,0.062313667820783236,0.5,0.07453559924999299,0.8826086956521738,0.09945899656380774,0.7242063492063493,0.16188336304275605,0.5803573035151983,0.0776648458021573
50,BW+Doppler,Subspace KNN,0.7871225845410628,0.0678552003001697,0.7025396825396826,0.06587856163306866,0.5166666666666667,0.03333333333333335,0.7971014492753622,0.09940354572313526,0.5890909090909091,0.11798507321816469,0.5441890959282264,0.056288744543021976
50,BW+Doppler,RUSBoosted Trees,0.7469655797101449,0.0677725585908555,0.7192063492063492,0.05207800804219315,0.5333333333333333,0.11303883305208781,0.8137681159420289,0.08566676351380667,0.6055555555555555,0.10599324460188285,0.5585714285714286,0.08691748113053607
100,BW,Simple Tree,0.6959541062801933,0.07955612785082473,0.6747619047619049,0.06946580170450772,0.5166666666666667,0.13333333333333333,0.7557971014492754,0.1336873058154359,0.5387301587301587,0.0877110168346876,0.512781954887218,0.08217112184792062
100,BW,Medium Tree,0.598731884057971,0.07882829054904253,0.6353968253968254,0.08112586452970232,0.4833333333333334,0.14337208778404378,0.7141304347826087,0.12530366391912245,0.4805555555555555,0.14635488747021658,0.46843304843304845,0.11350055486534251
100,BW,Complex Tree,0.598731884057971,0.07882829054904253,0.6353968253968254,0.08112586452970232,0.4833333333333334,0.14337208778404378,0.7141304347826087,0.12530366391912245,0.4805555555555555,0.14635488747021658,0.46843304843304845,0.11350055486534251
100,BW,Linear Discriminant Analysis,0.6280193236714976,0.07995982023340532,0.6068253968253968,0.052896929589437626,0.55,0.08498365855987974,0.6365942028985507,0.09142791270729188,0.4413528138528139,0.0637089913026145,0.48497460671373716,0.05099082774500225
100,BW,Logistic Regression,0.7596014492753624,0.10142099221860282,0.7361904761904763,0.06878274318197256,0.5333333333333333,0.14529663145135577,0.8391304347826087,0.0481952158204247,0.6234615384615385,0.11523323402930281,0.5712727272727273,0.12552777836198595
100,BW,Linear SVM,0.713737922705314,0.09006994236679852,0.7136507936507936,0.01824637523237659,0.2833333333333333,0.08498365855987976,0.9322463768115942,0.02061081543960568,0.6795238095238095,0.050655566274179824,0.3930736154110767,0.08753105042751073
100,BW,Quadratic SVM,0.6510567632850243,0.06626487588145039,0.7193650793650793,0.0329860976846852,0.2833333333333333,0.08498365855987976,0.941304347826087,0.04235567684075562,0.7361904761904763,0.16417456557536375,0.3993808049535604,0.09290713949099108
100,BW,Cubic SVM,0.7401871980676329,0.08463159403915393,0.7134920634920635,0.010163689265766431,0.25,0.05270462766947299,0.9496376811594203,0.03109193906221007,0.7533333333333333,0.1355646627177517,0.3666199813258637,0.05085260616785554
100,BW,Fine Gaussian SVM,0.48094806763285014,0.08275868696628969,0.646031746031746,0.0339549002085611,0.016666666666666666,0.03333333333333333,0.9659420289855072,0.04172805811271877,0.2,0.4,0.03076923076923077,0.06153846153846154
100,BW,Medium Gaussian SVM,0.753864734299517,0.07851969337918048,0.7417460317460318,0.04684449435685597,0.3833333333333333,0.1,0.923913043478261,0.04848849570259883,0.7314285714285715,0.12227436529446091,0.4954334365325078,0.10363281698784677
100,BW,Coarse Gaussian SVM,0.753864734299517,0.07851969337918048,0.7417460317460318,0.04684449435685597,0.3833333333333333,0.1,0.923913043478261,0.04848849570259883,0.7314285714285715,0.12227436529446091,0.4954334365325078,0.10363281698784677
100,BW,Fine KNN,0.6356884057971014,0.11629164904261625,0.6577777777777778,0.08982836858403438,0.5666666666666667,0.2260776661041756,0.7047101449275363,0.08942011368690511,0.4862878787878788,0.1442660567602431,0.5145092226613965,0.1618522613077357
100,BW,Medium KNN,0.7177838164251209,0.07551384337362897,0.6579365079365079,0.05624515320234582,0.5166666666666667,0.06236095644623237,0.730072463768116,0.07940488319832974,0.5043589743589744,0.09602760944201373,0.5062002442002441,0.06327713617725203
100,BW,Coarse KNN,0.7251358695652174,0.045413192565252475,0.6628571428571428,0.004665694748158418,0.0,0.0,1.0,0.0,0.0,0.0,0.0,0.0
100,BW,Cosine KNN,0.7516908212560386,0.058366455224910505,0.7026984126984127,0.03432243771078454,0.6,0.06236095644623234,0.7554347826086956,0.06390589529187489,0.563076923076923,0.06679671733264166,0.5761888481888482,0.03797448079772624
100,BW,Weighted KNN,0.7444444444444445,0.08517358487484923,0.6971428571428572,0.048157275720678905,0.5,0.10540925533894596,0.7974637681159421,0.07079973442361873,0.568070818070818,0.09754378461860254,0.5238345864661654,0.0755823009494133
100,BW,Boosted Trees,0.7427385265700484,0.0526538884642693,0.7304761904761905,0.047567697180615855,0.5666666666666667,0.1224744871391589,0.814855072463768,0.07079046295252316,0.6201465201465202,0.08569863042279711,0.5820104106419896,0.0763521746177816
100,BW,Bagged Trees,0.7634510869565216,0.08397826114312551,0.7363492063492064,0.035352310253532686,0.5833333333333334,0.05270462766947298,0.8148550724637682,0.07079046295252316,0.6288888888888888,0.08587961715084265,0.5994708994708995,0.0342630894061294
100,BW,Subspace Discriminant,0.7483091787439614,0.07107935548355397,0.7192063492063492,0.05496144918896677,0.5,0.09128709291752767,0.8307971014492754,0.04475187726563626,0.6008080808080808,0.09356480108917484,0.5447016751364577,0.08975180491584485
100,BW,Subspace KNN,0.7445048309178743,0.07256048547581967,0.7026984126984127,0.0603917670951912,0.45,0.10000000000000002,0.8318840579710145,0.08226632587025334,0.6027272727272728,0.14181170666388507,0.5037261544934178,0.08725265788591714
100,BW,RUSBoosted Trees,0.7427385265700484,0.0526538884642693,0.7304761904761905,0.047567697180615855,0.5666666666666667,0.1224744871391589,0.814855072463768,0.07079046295252316,0.6201465201465202,0.08569863042279711,0.5820104106419896,0.0763521746177816
100,Doppler,Simple Tree,0.6744263285024155,0.047199050370753816,0.7136507936507936,0.06900180928830206,0.55,0.04082482904638632,0.7971014492753623,0.08537203753636605,0.5958152958152958,0.12128459319076922,0.5691192865105908,0.07615665234628556
100,Doppler,Medium Tree,0.6317028985507247,0.07085070582766337,0.6742857142857143,0.07139258352668901,0.5,0.09128709291752767,0.7634057971014492,0.08495275878117592,0.52995670995671,0.11033320008477732,0.5103331451157539,0.08661964458752461
100,Doppler,Complex Tree,0.6317028985507247,0.07085070582766337,0.6742857142857143,0.07139258352668901,0.5,0.09128709291752767,0.7634057971014492,0.08495275878117592,0.52995670995671,0.11033320008477732,0.5103331451157539,0.08661964458752461
100,Doppler,Linear Discriminant Analysis,0.7302234299516909,0.038872546413130066,0.6965079365079365,0.04856883487213261,0.6333333333333333,0.11303883305208781,0.7289855072463768,0.031536311807230356,0.5403113553113552,0.05512243650833002,0.5816377696377697,0.07726743840113687
100,Doppler,Logistic Regression,0.8242451690821255,0.10013314631035738,0.7709523809523808,0.10750801970472454,0.6500000000000001,0.12247448713915891,0.8322463768115942,0.10768613326527493,0.6800732600732601,0.17638625054193216,0.6618834498834499,0.1449095269917779
100,Doppler,Linear SVM,0.8122282608695652,0.10099158820417693,0.7819047619047619,0.09554237107797675,0.5833333333333334,0.09128709291752769,0.8829710144927535,0.11583781548313239,0.7557142857142857,0.1952706128553346,0.6505852042694149,0.12167881063341136
100,Doppler,Quadratic SVM,0.6915458937198068,0.07449782090198324,0.7138095238095239,0.03858024590576973,0.25,0.05270462766947299,0.95,0.06666666666666667,0.819047619047619,0.2340610614751335,0.3691896407685881,0.05896024880257931
100,Doppler,Cubic SVM,0.7666062801932367,0.07283038047846233,0.7419047619047618,0.038820477566073965,0.3166666666666666,0.033333333333333326,0.9583333333333334,0.045643546458763846,0.82,0.1833030277982336,0.4549019607843137,0.06219118245942631
100,Doppler,Fine Gaussian SVM,0.4916666666666667,0.054185748662522355,0.646031746031746,0.0339549002085611,0.016666666666666666,0.03333333333333333,0.9659420289855072,0.04172805811271877,0.2,0.4,0.03076923076923077,0.06153846153846154
100,Doppler,Medium Gaussian SVM,0.8067934782608696,0.07298982512322237,0.764920634920635,0.07600738583145868,0.5,0.1178511301977579,0.8992753623188406,0.08566829589069083,0.7442424242424244,0.179762111959765,0.5881828495908452,0.1257667693992695
100,Doppler,Coarse Gaussian SVM,0.8067934782608696,0.07298982512322237,0.764920634920635,0.07600738583145868,0.5,0.1178511301977579,0.8992753623188406,0.08566829589069083,0.7442424242424244,0.179762111959765,0.5881828495908452,0.1257667693992695
100,Doppler,Fine KNN,0.6858695652173912,0.06969671674578208,0.7084126984126984,0.06509020428511153,0.6166666666666667,0.1130388330520878,0.755072463768116,0.07877748167723876,0.5683441558441558,0.08894361854272499,0.5867518954475477,0.08570675028769097
100,Doppler,Medium KNN,0.8017814009661836,0.0915311469399493,0.7365079365079366,0.10854752359129605,0.75,0.07453559924999302,0.7293478260869565,0.16406123569241096,0.6284493284493285,0.17286531501479524,0.6690909090909091,0.10057968077004746
100,Doppler,Coarse KNN,0.7772342995169083,0.04974548563032842,0.6628571428571428,0.004665694748158418,0.0,0.0,1.0,0.0,0.0,0.0,0.0,0.0
100,Doppler,Cosine KNN,0.8011322463768116,0.07194250038327135,0.7531746031746032,0.07634574126711062,0.7333333333333334,0.0816496580927726,0.7630434782608695,0.10019540874105573,0.6270979020979022,0.12089461059431734,0.6710711896798853,0.08870013805348188
100,Doppler,Weighted KNN,0.8133152173913043,0.09281400966183576,0.7590476190476191,0.10274464747632361,0.6833333333333333,0.062360956446232345,0.797463768115942,0.15494966694337978,0.6822874493927126,0.1811230109166482,0.6681955034213098,0.09739502659284793
100,Doppler,Boosted Trees,0.776237922705314,0.09283045045627214,0.7026984126984127,0.05793455095629405,0.55,0.06666666666666667,0.7800724637681159,0.07056944245762234,0.569047619047619,0.0935565843066119,0.5565934065934066,0.07111889289091045
100,Doppler,Bagged Trees,0.8095410628019323,0.09551220619731651,0.7420634920634921,0.06989716378123743,0.5666666666666667,0.09718253158075502,0.8307971014492754,0.08284830493081728,0.6500999000999002,0.14109682301440035,0.5984027459954233,0.09389872404559657
100,Doppler,Subspace Discriminant,0.832487922705314,0.07036809605282068,0.7534920634920635,0.062313667820783236,0.5833333333333333,0.07453559924999298,0.8402173913043478,0.07061407371060774,0.6628787878787878,0.13377166242364238,0.6168115942028984,0.08752759339274085
100,Doppler,Subspace KNN,0.8149909420289856,0.09538801624293777,0.7477777777777778,0.09695333727867966,0.6666666666666667,0.07453559924999298,0.7887681159420289,0.1467843015104895,0.6595135566188198,0.16602344841655012,0.6497475455820476,0.09244285339904836
100,Doppler,RUSBoosted Trees,0.776237922705314,0.09283045045627214,0.7026984126984127,0.05793455095629405,0.55,0.06666666666666667,0.7800724637681159,0.07056944245762234,0.569047619047619,0.0935565843066119,0.5565934065934066,0.07111889289091045
100,BW+Doppler,Simple Tree,0.6779287439613527,0.06465181055199686,0.6866666666666668,0.09590691085900174,0.5333333333333333,0.11303883305208777,0.7644927536231885,0.09867452794854663,0.5475757575757576,0.15841153643605968,0.5379666227492315,0.13153518194834737
100,BW+Doppler,Medium Tree,0.6447463768115942,0.0475259577090738,0.6857142857142857,0.05200684103303452,0.5166666666666666,0.09718253158075499,0.7728260869565217,0.09122667503633602,0.5519780219780219,0.0828525882678583,0.523965811965812,0.058529015888939696
100,BW+Doppler,Complex Tree,0.6447463768115942,0.0475259577090738,0.6857142857142857,0.05200684103303452,0.5166666666666666,0.09718253158075499,0.7728260869565217,0.09122667503633602,0.5519780219780219,0.0828525882678583,0.523965811965812,0.058529015888939696
100,BW+Doppler,Linear Discriminant Analysis,0.626237922705314,0.05712616240496622,0.606984126984127,0.04834212915508754,0.5666666666666667,0.062360956446232345,0.6278985507246377,0.08666618195783218,0.4423529411764705,0.05315661775295185,0.4934406130268199,0.03786438201341729
100,BW+Doppler,Logistic Regression,0.7622886473429952,0.09385744288576424,0.7476190476190476,0.07737830683308307,0.55,0.06666666666666668,0.8489130434782609,0.12734154276989837,0.701388888888889,0.1655052123307359,0.6011111111111112,0.07306347654566041
100,BW+Doppler,Linear SVM,0.7594504830917874,0.0851999749249073,0.7136507936507936,0.05029116532904854,0.3166666666666666,0.13333333333333333,0.9166666666666667,0.10540925533894598,0.8,0.2449489742783178,0.4107692307692307,0.13417289914101627
100,BW+Doppler,Quadratic SVM,0.6755132850241545,0.060259800714190334,0.7136507936507936,0.039591641925477844,0.29999999999999993,0.04082482904638629,0.9242753623188407,0.055405173488739926,0.7123809523809523,0.18715194452672956,0.41505331957344344,0.05457420056651225
100,BW+Doppler,Cubic SVM,0.7543176328502417,0.07290104327477764,0.7025396825396826,0.043253312941009404,0.2833333333333333,0.04082482904638629,0.9159420289855073,0.0521361578369682,0.6557142857142857,0.15897631706564067,0.39305985552115585,0.06615954516736945
100,BW+Doppler,Fine Gaussian SVM,0.4916666666666667,0.054185748662522355,0.646031746031746,0.0339549002085611,0.016666666666666666,0.03333333333333333,0.9659420289855072,0.04172805811271877,0.2,0.4,0.03076923076923077,0.06153846153846154
100,BW+Doppler,Medium Gaussian SVM,0.803653381642512,0.061834215522959285,0.7361904761904763,0.05034674427015302,0.4333333333333334,0.06236095644623236,0.8909420289855072,0.08523661421758037,0.7092063492063492,0.15027446125747124,0.5267826428817142,0.06040667955147254
100,BW+Doppler,Coarse Gaussian SVM,0.803653381642512,0.061834215522959285,0.7361904761904763,0.05034674427015302,0.4333333333333334,0.06236095644623236,0.8909420289855072,0.08523661421758037,0.7092063492063492,0.15027446125747124,0.5267826428817142,0.06040667955147254
100,BW+Doppler,Fine KNN,0.6646739130434783,0.12056754877007791,0.6911111111111111,0.11489191081873322,0.5833333333333333,0.14907119849998599,0.7460144927536231,0.11123483449799844,0.5488136863136863,0.14488743869930348,0.5632011466794076,0.14470316348229767
100,BW+Doppler,Medium KNN,0.7814311594202898,0.08937344187423471,0.7144444444444444,0.09493655968767417,0.6833333333333333,0.1333333333333333,0.7297101449275363,0.10212893449292189,0.5711219336219336,0.11064672285192381,0.6183691670648193,0.11221742188919767
100,BW+Doppler,Coarse KNN,0.7414100241545893,0.07328989817508266,0.6628571428571428,0.004665694748158418,0.0,0.0,1.0,0.0,0.0,0.0,0.0,0.0
100,BW+Doppler,Cosine KNN,0.802475845410628,0.07751538598976043,0.7644444444444445,0.0747876813312966,0.6833333333333333,0.08164965809277258,0.8061594202898551,0.09927800694668495,0.6595187165775401,0.12439744099608638,0.6656247051299525,0.0892751748697062
100,BW+Doppler,Weighted KNN,0.7944293478260869,0.09652671529487995,0.7312698412698413,0.10012916827845948,0.6333333333333334,0.09999999999999999,0.7807971014492754,0.12052752842471526,0.6186777275012568,0.15197729066700305,0.6198850574712644,0.11620060921859159
100,BW+Doppler,Boosted Trees,0.7571708937198067,0.08273811839896739,0.7255555555555555,0.11022138102231854,0.5333333333333334,0.04082482904638632,0.8239130434782609,0.15154892360055364,0.6673076923076924,0.2101879969999244,0.5817142857142856,0.11145933641229605
100,BW+Doppler,Bagged Trees,0.798173309178744,0.06596345385522043,0.7585714285714286,0.0509630113026894,0.55,0.06666666666666667,0.8644927536231884,0.06644773440281754,0.6902164502164502,0.11495233889154938,0.6070046658147344,0.06639259319458321
100,BW+Doppler,Subspace Discriminant,0.7492753623188406,0.044266559612876226,0.6971428571428572,0.04503742739616804,0.5666666666666667,0.0816496580927726,0.7644927536231885,0.10303496774818725,0.5833333333333334,0.1308094458023239,0.5576923076923077,0.027511692187789136
100,BW+Doppler,Subspace KNN,0.7911382850241545,0.08712179844605628,0.7365079365079366,0.08774203468717605,0.5666666666666667,0.062360956446232345,0.8228260869565217,0.10602021342307473,0.647987012987013,0.1701888962738456,0.5995013681970203,0.1053036712930077
100,BW+Doppler,RUSBoosted Trees,0.7571708937198067,0.08273811839896739,0.7255555555555555,0.11022138102231854,0.5333333333333334,0.04082482904638632,0.8239130434782609,0.15154892360055364,0.6673076923076924,0.2101879969999244,0.5817142857142856,0.11145933641229605
all,BW,Simple Tree,0.6380585748792271,0.11114638565251815,0.6861904761904761,0.08631418524175559,0.6,0.14337208778404378,0.7304347826086957,0.11112856930688023,0.5423054070112894,0.11147806880196538,0.5620735087001953,0.10733353871075034
all,BW,Medium Tree,0.6480072463768116,0.0755515148820074,0.6803174603174603,0.04851900895818778,0.5499999999999999,0.1632993161855452,0.7460144927536232,0.03552572722247905,0.5113369963369964,0.0848391583008652,0.5255954415954416,0.1253884879230507
all,BW,Complex Tree,0.6480072463768116,0.0755515148820074,0.6803174603174603,0.04851900895818778,0.5499999999999999,0.1632993161855452,0.7460144927536232,0.03552572722247905,0.5113369963369964,0.0848391583008652,0.5255954415954416,0.1253884879230507
all,BW,Linear Discriminant Analysis,0.653834541062802,0.10475386723758652,0.6355555555555557,0.09055468608293964,0.4166666666666667,0.13944333775567927,0.7467391304347826,0.11376119244141246,0.4726923076923077,0.16408884157368556,0.4340779220779221,0.13282553101718927
all,BW,Logistic Regression,0.7268719806763284,0.09047968511052279,0.7195238095238095,0.05103020314140503,0.55,0.1247219128924647,0.8054347826086957,0.06327211580563209,0.5929181929181929,0.10237889551565797,0.5644102564102564,0.09994796805444171
all,BW,Linear SVM,0.6885265700483092,0.11340080497879312,0.6855555555555555,0.03125170693247006,0.11666666666666667,0.15456030825826175,0.9742753623188406,0.034608562134085676,0.4428571428571429,0.39486499888815013,0.16460381723539616,0.19267227580819687
all,BW,Quadratic SVM,0.6898550724637682,0.051529568535023454,0.6961904761904762,0.040640500608943385,0.18333333333333332,0.1224744871391589,0.9579710144927537,0.02636227501968298,0.63,0.34,0.270475113122172,0.17001792035351487
all,BW,Cubic SVM,0.7498188405797102,0.08628207522183198,0.7133333333333333,0.0340859849700457,0.25,0.0,0.9489130434782609,0.050287975573615876,0.77,0.20396078054371142,0.3722549019607843,0.026210780188267252
all,BW,Fine Gaussian SVM,0.4916666666666667,0.054185748662522355,0.646031746031746,0.0339549002085611,0.016666666666666666,0.03333333333333333,0.9659420289855072,0.04172805811271877,0.2,0.4,0.03076923076923077,0.06153846153846154
all,BW,Medium Gaussian SVM,0.773792270531401,0.07213647655396517,0.7584126984126984,0.05187004324019292,0.4166666666666667,0.0912870929175277,0.9326086956521739,0.056751206444376576,0.7794444444444444,0.15559126574235663,0.5358916900093371,0.09577344637177138
all,BW,Coarse Gaussian SVM,0.7559178743961353,0.09866359787498631,0.724920634920635,0.030571939536516823,0.35000000000000003,0.14337208778404378,0.9159420289855073,0.06973672999350441,0.7195238095238096,0.1743039282702224,0.44604747162022707,0.11528021558821867
all,BW,Fine KNN,0.6650362318840579,0.07018706064839636,0.6860317460317461,0.0646454757963951,0.5999999999999999,0.14337208778404378,0.730072463768116,0.09888052233864164,0.5368069838658073,0.10334050861652451,0.5581255086742343,0.10472472386343319
all,BW,Medium KNN,0.7457578502415461,0.056207214027332135,0.7082539682539682,0.03896688000681295,0.55,0.04082482904638632,0.7891304347826087,0.06759552973068204,0.5796969696969697,0.07033698239721148,0.5607430411778237,0.03529354083911246
all,BW,Coarse KNN,0.737001811594203,0.055311883568827054,0.6628571428571428,0.004665694748158418,0.0,0.0,1.0,0.0,0.0,0.0,0.0,0.0
all,BW,Cosine KNN,0.730721618357488,0.08292903219600313,0.7080952380952381,0.036371033856689945,0.5,0.10540925533894599,0.8141304347826086,0.04050199597820904,0.5754700854700854,0.06786970625256783,0.5311774891774892,0.08348197414260458
all,BW,Weighted KNN,0.7603260869565218,0.07721188150321123,0.7474603174603175,0.03321369307847765,0.55,0.08498365855987973,0.8478260869565217,0.04201961414762029,0.6511111111111111,0.07229910437776638,0.5925108225108225,0.06495058977473266
all,BW,Boosted Trees,0.7093900966183575,0.07235562078820601,0.7136507936507936,0.06134956569844857,0.5333333333333333,0.08498365855987974,0.8061594202898551,0.08028449205130557,0.5968253968253968,0.10819879429980479,0.5575457875457877,0.0777313543761619
all,BW,Bagged Trees,0.7318538647342996,0.08108335396225025,0.7080952380952381,0.044046975542274984,0.4833333333333334,0.12247448713915893,0.8228260869565217,0.08778589983134961,0.5976190476190476,0.08159409520230053,0.520742512847776,0.08130223715541202
all,BW,Subspace Discriminant,0.6420289855072464,0.10140624087244679,0.6123809523809524,0.053829419929880364,0.4333333333333333,0.12247448713915893,0.7032608695652174,0.06999789956941123,0.42348484848484846,0.08341593702121698,0.4244624940277114,0.09757009138516845
all,BW,Subspace KNN,0.7428894927536231,0.07608345785990354,0.7363492063492063,0.05824423602800772,0.4833333333333333,0.09718253158075502,0.864855072463768,0.04770516113226894,0.6455555555555555,0.12143178748723779,0.5515151515151515,0.10504273475536141
all,BW,RUSBoosted Trees,0.7093900966183575,0.07235562078820601,0.7136507936507936,0.06134956569844857,0.5333333333333333,0.08498365855987974,0.8061594202898551,0.08028449205130557,0.5968253968253968,0.10819879429980479,0.5575457875457877,0.0777313543761619
all,Doppler,Simple Tree,0.7024758454106281,0.0710524648461405,0.6858730158730159,0.07218715353021381,0.5666666666666667,0.14337208778404378,0.7460144927536232,0.05783952479074604,0.5302564102564102,0.09645116426172608,0.544931364931365,0.11082181384793413
all,Doppler,Medium Tree,0.6606884057971014,0.0720563729170905,0.6968253968253968,0.058856577795612916,0.55,0.15456030825826172,0.7713768115942028,0.081028297286458,0.553434065934066,0.07543747946194618,0.541581155686419,0.10605290063238046
all,Doppler,Complex Tree,0.6606884057971014,0.0720563729170905,0.6968253968253968,0.058856577795612916,0.55,0.15456030825826172,0.7713768115942028,0.081028297286458,0.553434065934066,0.07543747946194618,0.541581155686419,0.10605290063238046
all,Doppler,Linear Discriminant Analysis,0.6751358695652174,0.09512444275741762,0.6014285714285714,0.10557452986163456,0.5666666666666667,0.09718253158075499,0.618840579710145,0.13385511483105764,0.4465079365079365,0.11586388309301474,0.4952991452991453,0.1010066941030856
all,Doppler,Logistic Regression,0.787409420289855,0.12132972504603923,0.72,0.11527722454310872,0.5833333333333333,0.10540925533894598,0.7898550724637681,0.13562054474566104,0.6130124777183601,0.1663956350021775,0.592696508888413,0.13245218310320975
all,Doppler,Linear SVM,0.7717089371980677,0.11054108072100069,0.7365079365079366,0.09451577938249343,0.4666666666666667,0.08498365855987976,0.8735507246376812,0.10839572145689948,0.6916666666666667,0.19293061504650377,0.552063492063492,0.12034384264927242
all,Doppler,Quadratic SVM,0.7098429951690821,0.053285374537326735,0.6795238095238095,0.04353201733358761,0.13333333333333336,0.06666666666666667,0.9576086956521739,0.05329413335709246,0.7466666666666667,0.31098410105841606,0.21526395173454,0.09877806750665134
all,Doppler,Cubic SVM,0.7635869565217391,0.071810600449567,0.7134920634920635,0.026843705595694874,0.26666666666666666,0.06236095644623235,0.9409420289855073,0.04294051511904989,0.7433333333333333,0.16384274303259344,0.38181605975723615,0.06846224963348979
all,Doppler,Fine Gaussian SVM,0.4916666666666667,0.054185748662522355,0.646031746031746,0.0339549002085611,0.016666666666666666,0.03333333333333333,0.9659420289855072,0.04172805811271877,0.2,0.4,0.03076923076923077,0.06153846153846154
all,Doppler,Medium Gaussian SVM,0.8202294685990339,0.07213027122814121,0.7647619047619048,0.08245202916012939,0.5333333333333333,0.11303883305208777,0.8818840579710144,0.10076372925083302,0.7442424242424243,0.21980540688580683,0.6070278229869023,0.12215391460796565
all,Doppler,Coarse Gaussian SVM,0.8165760869565218,0.04637498345204164,0.7701587301587302,0.045824932233557436,0.4666666666666667,0.1632993161855452,0.923913043478261,0.06751196926870792,0.8111111111111111,0.16978563099929028,0.5628851540616246,0.11923057287901676
all,Doppler,Fine KNN,0.7273550724637681,0.05841373071588458,0.7417460317460318,0.06984415578453014,0.6833333333333333,0.062360956446232345,0.7713768115942029,0.10292278751100706,0.6228030303030303,0.11904126114466684,0.6451701277788233,0.07372174505339385
all,Doppler,Medium KNN,0.7735658212560386,0.06006554211312041,0.7026984126984127,0.10836702191464678,0.6333333333333333,0.08498365855987973,0.7376811594202899,0.15287708483151638,0.5969251336898396,0.18319215831415162,0.6003127007924609,0.10494402903505584
all,Doppler,Coarse KNN,0.8054800724637682,0.047117583442256736,0.6628571428571428,0.004665694748158418,0.0,0.0,1.0,0.0,0.0,0.0,0.0,0.0
all,Doppler,Cosine KNN,0.7869565217391303,0.08112036355614023,0.7477777777777778,0.09816841160494062,0.6166666666666666,0.11303883305208778,0.8141304347826086,0.09986863877890896,0.6463092463092464,0.17183167962533194,0.6275113871635611,0.13234659661918924
all,Doppler,Weighted KNN,0.7928743961352657,0.06686592048770411,0.7365079365079366,0.08774203468717605,0.6166666666666666,0.09999999999999999,0.7971014492753623,0.13564474152808803,0.6657142857142857,0.20870836991713915,0.6187146187146186,0.09308488104080861
all,Doppler,Boosted Trees,0.7453804347826086,0.09544471353477327,0.7593650793650795,0.11870575252081035,0.6166666666666667,0.13540064007726602,0.8318840579710145,0.12841328044409167,0.6857448107448108,0.20674939159031785,0.6413040293040293,0.15210099952865253
all,Doppler,Bagged Trees,0.7648701690821256,0.07502770240521843,0.7366666666666667,0.06266203485560377,0.5333333333333334,0.08498365855987973,0.8398550724637681,0.07044842415759625,0.6373076923076925,0.11210466369113185,0.5778181818181818,0.09212567772270536
all,Doppler,Subspace Discriminant,0.763737922705314,0.08776473323054738,0.696984126984127,0.05231934809354214,0.5833333333333333,0.1178511301977579,0.755072463768116,0.08109307588519339,0.5601923076923077,0.10754117906156388,0.5624232804232805,0.07751472920516574
all,Doppler,Subspace KNN,0.7827445652173914,0.0653336644110244,0.7365079365079366,0.09286867381938611,0.6,0.12247448713915889,0.8054347826086957,0.1284654063883399,0.6635897435897437,0.2147634510524435,0.6106397306397306,0.11364513745901854
all,Doppler,RUSBoosted Trees,0.7453804347826086,0.09544471353477327,0.7593650793650795,0.11870575252081035,0.6166666666666667,0.13540064007726602,0.8318840579710145,0.12841328044409167,0.6857448107448108,0.20674939159031785,0.6413040293040293,0.15210099952865253
all,BW+Doppler,Simple Tree,0.6879528985507246,0.08281624242093147,0.6977777777777778,0.09454563073594277,0.55,0.08498365855987973,0.7735507246376813,0.11789011042002467,0.5814285714285715,0.16718558672374623,0.5577622377622379,0.11067312352562339
all,BW+Doppler,Medium Tree,0.6780797101449275,0.10093945396592813,0.7034920634920635,0.09479074831563654,0.6,0.1699673171197595,0.756159420289855,0.12086252716450122,0.5821906035141329,0.1666027471013508,0.5746592001859104,0.12418176582711563
all,BW+Doppler,Complex Tree,0.6780797101449275,0.10093945396592813,0.7034920634920635,0.09479074831563654,0.6,0.1699673171197595,0.756159420289855,0.12086252716450122,0.5821906035141329,0.1666027471013508,0.5746592001859104,0.12418176582711563
all,BW+Doppler,Linear Discriminant Analysis,0.6881642512077295,0.06531890694629097,0.6579365079365079,0.0920005258126878,0.6,0.06236095644623234,0.6876811594202898,0.1176314862681192,0.5107843137254902,0.11205672205670233,0.5480371352785146,0.08641651089800807
all,BW+Doppler,Logistic Regression,0.7563707729468601,0.12627872861367848,0.6917460317460318,0.09596101291145374,0.5666666666666667,0.062360956446232345,0.7554347826086957,0.12016210258176414,0.5635019882078705,0.1336532035433586,0.5611038117304984,0.09731476134143557
all,BW+Doppler,Linear SVM,0.7253623188405797,0.12843882792310823,0.6695238095238096,0.08991555625271874,0.31666666666666665,0.16996731711975951,0.8485507246376812,0.130919991248016,0.45656565656565656,0.3258354773347592,0.36770186335403726,0.2177817650877929
all,BW+Doppler,Quadratic SVM,0.7114734299516908,0.06907559310436827,0.7192063492063492,0.029330309745907567,0.25,0.05270462766947299,0.9583333333333334,0.045643546458763846,0.8099999999999999,0.1854723699099141,0.37292717086834737,0.0623677440833317
all,BW+Doppler,Cubic SVM,0.762590579710145,0.055282868240522566,0.7133333333333333,0.03355707224275785,0.3,0.06666666666666667,0.9235507246376811,0.01746662433796228,0.6599999999999999,0.09043106644167026,0.4117647058823529,0.0801553449242138
all,BW+Doppler,Fine Gaussian SVM,0.4916666666666667,0.054185748662522355,0.646031746031746,0.0339549002085611,0.016666666666666666,0.03333333333333333,0.9659420289855072,0.04172805811271877,0.2,0.4,0.03076923076923077,0.06153846153846154
all,BW+Doppler,Medium Gaussian SVM,0.8032004830917874,0.0619134092780436,0.7422222222222221,0.07407003012392961,0.4166666666666667,0.0912870929175277,0.9079710144927537,0.09982130642158009,0.762020202020202,0.22444580821304208,0.5236806850886808,0.10860530562530847
all,BW+Doppler,Coarse Gaussian SVM,0.7701841787439614,0.04896826406690993,0.6798412698412699,0.027260951671147317,0.1,0.097182531580755,0.9742753623188406,0.034608562134085676,0.52,0.44899888641287294,0.15850032320620558,0.14440014119145708
all,BW+Doppler,Fine KNN,0.6516304347826087,0.09279819468038066,0.6795238095238096,0.09558719088204543,0.5666666666666667,0.13333333333333333,0.7365942028985507,0.12443740228221768,0.5408547008547008,0.1490911909295737,0.5452005772005772,0.12602166332084444
all,BW+Doppler,Medium KNN,0.774652777777778,0.11366211377955134,0.7312698412698413,0.1356280241961148,0.6333333333333333,0.1247219128924647,0.7807971014492753,0.16477343097075825,0.6547077922077922,0.23963788424944277,0.6280659843588905,0.15261050326697212
all,BW+Doppler,Coarse KNN,0.7711956521739131,0.026664551483644744,0.6628571428571428,0.004665694748158418,0.0,0.0,1.0,0.0,0.0,0.0,0.0,0.0
all,BW+Doppler,Cosine KNN,0.7565066425120772,0.07515305869495441,0.6971428571428572,0.09253927414214655,0.45,0.08498365855987976,0.8228260869565217,0.10602021342307473,0.595018315018315,0.19285701569363092,0.5076144907723855,0.12162469285971174
all,BW+Doppler,Weighted KNN,0.7932367149758455,0.1093807915720916,0.731111111111111,0.1146438392437344,0.55,0.08498365855987974,0.8231884057971015,0.1370820297549884,0.6647463647463647,0.23021468941384568,0.5927552660916505,0.13627006001976624
all,BW+Doppler,Boosted Trees,0.768659420289855,0.07951494223434143,0.7196825396825396,0.0808424401287858,0.4833333333333333,0.14337208778404378,0.8394927536231884,0.08854675149415721,0.624969474969475,0.16875760848187665,0.5351027568922305,0.12756277082627301
all,BW+Doppler,Bagged Trees,0.7780495169082126,0.07458983238211608,0.7474603174603176,0.05501414188650216,0.55,0.08498365855987974,0.8481884057971015,0.0763315598971808,0.6622727272727273,0.10493602931278602,0.5948859835816357,0.07736947447546988
all,BW+Doppler,Subspace Discriminant,0.7081521739130435,0.07592031584943618,0.6971428571428572,0.0819247545428334,0.5666666666666668,0.033333333333333354,0.7637681159420291,0.10997794359840905,0.5732128982128981,0.13231664499031887,0.5647867494824017,0.07862308675336938
all,BW+Doppler,Subspace KNN,0.7836201690821256,0.10627435600323816,0.7198412698412697,0.10536622236906158,0.5000000000000001,0.12909944487358058,0.8315217391304348,0.12556321341422794,0.6488888888888888,0.2438983799722467,0.5521885521885521,0.15001879886886685
all,BW+Doppler,RUSBoosted Trees,0.768659420289855,0.07951494223434143,0.7196825396825396,0.0808424401287858,0.4833333333333333,0.14337208778404378,0.8394927536231884,0.08854675149415721,0.624969474969475,0.16875760848187665,0.5351027568922305,0.12756277082627301
