dataset,criterion,rank,feature,feature_short,score
BW,F-Score (ANOVA),1,wavelet-LH_glrlm_GrayLevelNonUniformityNormalized,wavelet-LH_glrlm_GrayLevelNonUniformityNormalized,31.86491804381393
BW,F-Score (ANOVA),2,wavelet-LH_firstorder_Entropy,wavelet-LH_firstorder_Entropy,30.667761409163507
BW,F-Score (ANOVA),3,wavelet-LH_firstorder_Uniformity,wavelet-LH_firstorder_Uniformity,30.397052780290082
BW,F-Score (ANOVA),4,wavelet-LH_glcm_SumEntropy,wavelet-LH_glcm_SumEntropy,29.932237748918165
BW,F-Score (ANOVA),5,wavelet-LH_glcm_JointEntropy,wavelet-LH_glcm_JointEntropy,29.771130557551462
BW,F-Score (ANOVA),6,wavelet-LL_firstorder_10Percentile,wavelet-LL_firstorder_10Percentile,28.48383101096885
BW,F-Score (ANOVA),7,wavelet-LH_glrlm_ShortRunEmphasis,wavelet-LH_glrlm_ShortRunEmphasis,28.374035970390267
BW,F-Score (ANOVA),8,original_firstorder_10Percentile,original_firstorder_10Percentile,28.330872977577098
BW,F-Score (ANOVA),9,wavelet-LL_ngtdm_Coarseness,wavelet-LL_ngtdm_Coarseness,28.12433861337352
BW,F-Score (ANOVA),10,wavelet-LH_glcm_ClusterTendency,wavelet-LH_glcm_ClusterTendency,27.926709403872486
BW,F-Score (ANOVA),11,wavelet-LH_glcm_JointEnergy,wavelet-LH_glcm_JointEnergy,26.62558173880282
BW,F-Score (ANOVA),12,wavelet-LH_firstorder_90Percentile,wavelet-LH_firstorder_90Percentile,25.896949782339746
BW,F-Score (ANOVA),13,wavelet-LH_glcm_SumSquares,wavelet-LH_glcm_SumSquares,25.249212151765967
BW,F-Score (ANOVA),14,wavelet-LH_firstorder_10Percentile,wavelet-LH_firstorder_10Percentile,25.058906655139328
BW,F-Score (ANOVA),15,wavelet-LH_gldm_DependenceEntropy,wavelet-LH_gldm_DependenceEntropy,24.802177567783986
BW,F-Score (ANOVA),16,wavelet-LH_glrlm_RunLengthNonUniformityNormalized,wavelet-LH_glrlm_RunLengthNonUniformityNormalized,24.735907151936296
BW,F-Score (ANOVA),17,wavelet-LL_glcm_DifferenceVariance,wavelet-LL_glcm_DifferenceVariance,24.446517200287957
BW,F-Score (ANOVA),18,wavelet-LH_firstorder_MeanAbsoluteDeviation,wavelet-LH_firstorder_MeanAbsoluteDeviation,24.4087356761471
BW,F-Score (ANOVA),19,wavelet-LH_firstorder_TotalEnergy,wavelet-LH_firstorder_TotalEnergy,24.406288833104238
BW,F-Score (ANOVA),20,wavelet-LH_firstorder_Energy,wavelet-LH_firstorder_Energy,24.406288833104238
BW,F-Score (ANOVA),21,wavelet-LH_glrlm_RunLengthNonUniformity,wavelet-LH_glrlm_RunLengthNonUniformity,24.265801068713984
BW,F-Score (ANOVA),22,wavelet-LH_gldm_GrayLevelVariance,wavelet-LH_gldm_GrayLevelVariance,23.811011811084583
BW,F-Score (ANOVA),23,wavelet-LH_glcm_MCC,wavelet-LH_glcm_MCC,23.6962277853815
BW,F-Score (ANOVA),24,wavelet-LH_firstorder_Variance,wavelet-LH_firstorder_Variance,23.610927303224162
BW,F-Score (ANOVA),25,wavelet-LH_glcm_Idm,wavelet-LH_glcm_Idm,23.32399729492766
BW,F-Score (ANOVA),26,original_glcm_DifferenceVariance,original_glcm_DifferenceVariance,23.249100390160862
BW,F-Score (ANOVA),27,original_glcm_Imc2,original_glcm_Imc2,23.215536522020937
BW,F-Score (ANOVA),28,wavelet-LH_glcm_Id,wavelet-LH_glcm_Id,23.180346371354663
BW,F-Score (ANOVA),29,original_firstorder_Skewness,original_firstorder_Skewness,23.094743399979794
BW,F-Score (ANOVA),30,wavelet-LH_glrlm_RunPercentage,wavelet-LH_glrlm_RunPercentage,23.07162346007835
BW,F-Score (ANOVA),31,wavelet-LH_glcm_DifferenceEntropy,wavelet-LH_glcm_DifferenceEntropy,23.04946562608815
BW,F-Score (ANOVA),32,wavelet-LH_glszm_GrayLevelNonUniformity,wavelet-LH_glszm_GrayLevelNonUniformity,22.66204995964169
BW,F-Score (ANOVA),33,original_glcm_Contrast,original_glcm_Contrast,22.418322099461506
BW,F-Score (ANOVA),34,wavelet-LH_gldm_SmallDependenceEmphasis,wavelet-LH_gldm_SmallDependenceEmphasis,22.414458232728332
BW,F-Score (ANOVA),35,wavelet-LL_firstorder_Skewness,wavelet-LL_firstorder_Skewness,22.32596282782998
BW,F-Score (ANOVA),36,original_glcm_ClusterShade,original_glcm_ClusterShade,21.94994315988878
BW,F-Score (ANOVA),37,wavelet-LH_glrlm_GrayLevelVariance,wavelet-LH_glrlm_GrayLevelVariance,21.794969339284854
BW,F-Score (ANOVA),38,wavelet-LL_glcm_Contrast,wavelet-LL_glcm_Contrast,21.753861979635968
BW,F-Score (ANOVA),39,original_glcm_Correlation,original_glcm_Correlation,21.72012295380092
BW,F-Score (ANOVA),40,wavelet-LH_glcm_DifferenceAverage,wavelet-LH_glcm_DifferenceAverage,21.550205026022997
BW,F-Score (ANOVA),41,wavelet-LH_gldm_LargeDependenceEmphasis,wavelet-LH_gldm_LargeDependenceEmphasis,21.54334885781719
BW,F-Score (ANOVA),42,wavelet-LH_firstorder_RootMeanSquared,wavelet-LH_firstorder_RootMeanSquared,21.528180038673984
BW,F-Score (ANOVA),43,wavelet-LL_glcm_Correlation,wavelet-LL_glcm_Correlation,21.315304883548592
BW,F-Score (ANOVA),44,wavelet-LH_glszm_ZonePercentage,wavelet-LH_glszm_ZonePercentage,21.307481867357968
BW,F-Score (ANOVA),45,wavelet-LL_glcm_ClusterShade,wavelet-LL_glcm_ClusterShade,21.282384351457075
BW,F-Score (ANOVA),46,wavelet-LL_gldm_DependenceEntropy,wavelet-LL_gldm_DependenceEntropy,21.087442143646083
BW,F-Score (ANOVA),47,wavelet-HH_ngtdm_Contrast,wavelet-HH_ngtdm_Contrast,20.500696913385404
BW,F-Score (ANOVA),48,wavelet-LL_ngtdm_Complexity,wavelet-LL_ngtdm_Complexity,19.77250042926226
BW,F-Score (ANOVA),49,wavelet-LH_glcm_InverseVariance,wavelet-LH_glcm_InverseVariance,19.72589003195606
BW,F-Score (ANOVA),50,wavelet-LL_firstorder_Maximum,wavelet-LL_firstorder_Maximum,19.676549829882916
BW,F-Score (ANOVA),51,wavelet-LH_glcm_MaximumProbability,wavelet-LH_glcm_MaximumProbability,19.495754072031726
BW,F-Score (ANOVA),52,wavelet-LH_firstorder_RobustMeanAbsoluteDeviation,wavelet-LH_firstorder_RobustMeanAbsoluteDeviation,18.973177464958038
BW,F-Score (ANOVA),53,original_glszm_GrayLevelNonUniformity,original_glszm_GrayLevelNonUniformity,18.955179192144595
BW,F-Score (ANOVA),54,original_firstorder_Maximum,original_firstorder_Maximum,18.719109390669185
BW,F-Score (ANOVA),55,wavelet-HL_glrlm_ShortRunEmphasis,wavelet-HL_glrlm_ShortRunEmphasis,18.70833282782351
BW,F-Score (ANOVA),56,wavelet-HH_glcm_Idmn,wavelet-HH_glcm_Idmn,18.694678034418974
BW,F-Score (ANOVA),57,original_ngtdm_Complexity,original_ngtdm_Complexity,18.67364878744775
BW,F-Score (ANOVA),58,original_glszm_SizeZoneNonUniformity,original_glszm_SizeZoneNonUniformity,18.584300006185575
BW,F-Score (ANOVA),59,original_glrlm_RunLengthNonUniformity,original_glrlm_RunLengthNonUniformity,18.395953283699598
BW,F-Score (ANOVA),60,wavelet-HH_glszm_SmallAreaLowGrayLevelEmphasis,wavelet-HH_glszm_SmallAreaLowGrayLevelEmphasis,18.18704429361583
BW,F-Score (ANOVA),61,wavelet-LL_glcm_Imc2,wavelet-LL_glcm_Imc2,18.113673738835114
BW,F-Score (ANOVA),62,original_glszm_ZonePercentage,original_glszm_ZonePercentage,18.09545617316357
BW,F-Score (ANOVA),63,original_firstorder_Median,original_firstorder_Median,17.96744791563514
BW,F-Score (ANOVA),64,wavelet-LL_glszm_ZoneEntropy,wavelet-LL_glszm_ZoneEntropy,17.833876793872395
BW,F-Score (ANOVA),65,original_ngtdm_Coarseness,original_ngtdm_Coarseness,17.76591406710621
BW,F-Score (ANOVA),66,wavelet-HH_glszm_LowGrayLevelZoneEmphasis,wavelet-HH_glszm_LowGrayLevelZoneEmphasis,17.437008631789816
BW,F-Score (ANOVA),67,wavelet-LL_firstorder_Median,wavelet-LL_firstorder_Median,17.30149558919186
BW,F-Score (ANOVA),68,wavelet-LH_firstorder_InterquartileRange,wavelet-LH_firstorder_InterquartileRange,16.973666460626387
BW,F-Score (ANOVA),69,original_glcm_DifferenceEntropy,original_glcm_DifferenceEntropy,16.854957841610418
BW,F-Score (ANOVA),70,wavelet-LL_glszm_SizeZoneNonUniformity,wavelet-LL_glszm_SizeZoneNonUniformity,16.833805789369247
BW,F-Score (ANOVA),71,wavelet-LH_glcm_Contrast,wavelet-LH_glcm_Contrast,16.42863858321711
BW,F-Score (ANOVA),72,wavelet-HL_firstorder_Median,wavelet-HL_firstorder_Median,16.425534228916458
BW,F-Score (ANOVA),73,original_glrlm_RunLengthNonUniformityNormalized,original_glrlm_RunLengthNonUniformityNormalized,16.3290636357332
BW,F-Score (ANOVA),74,original_glcm_DifferenceAverage,original_glcm_DifferenceAverage,15.829114001752968
BW,F-Score (ANOVA),75,wavelet-LL_glszm_SizeZoneNonUniformityNormalized,wavelet-LL_glszm_SizeZoneNonUniformityNormalized,15.786390410087876
BW,F-Score (ANOVA),76,original_gldm_SmallDependenceEmphasis,original_gldm_SmallDependenceEmphasis,15.668303806441378
BW,F-Score (ANOVA),77,wavelet-LL_glcm_DifferenceEntropy,wavelet-LL_glcm_DifferenceEntropy,14.553123609603814
BW,F-Score (ANOVA),78,wavelet-LH_glszm_SizeZoneNonUniformity,wavelet-LH_glszm_SizeZoneNonUniformity,14.240310393891702
BW,F-Score (ANOVA),79,wavelet-HL_glcm_JointEnergy,wavelet-HL_glcm_JointEnergy,14.202979598087593
BW,F-Score (ANOVA),80,wavelet-HH_glrlm_LowGrayLevelRunEmphasis,wavelet-HH_glrlm_LowGrayLevelRunEmphasis,13.960593785398894
BW,F-Score (ANOVA),81,wavelet-LL_glcm_InverseVariance,wavelet-LL_glcm_InverseVariance,13.930813865489858
BW,F-Score (ANOVA),82,wavelet-LL_glcm_DifferenceAverage,wavelet-LL_glcm_DifferenceAverage,13.743369882249496
BW,F-Score (ANOVA),83,wavelet-HH_gldm_LowGrayLevelEmphasis,wavelet-HH_gldm_LowGrayLevelEmphasis,13.650245213476301
BW,F-Score (ANOVA),84,wavelet-HH_gldm_LargeDependenceLowGrayLevelEmphasis,wavelet-HH_gldm_LargeDependenceLowGrayLevelEmphasis,13.548426795231123
BW,F-Score (ANOVA),85,wavelet-HH_glrlm_ShortRunLowGrayLevelEmphasis,wavelet-HH_glrlm_ShortRunLowGrayLevelEmphasis,13.234645240733043
BW,F-Score (ANOVA),86,wavelet-HH_gldm_SmallDependenceLowGrayLevelEmphasis,wavelet-HH_gldm_SmallDependenceLowGrayLevelEmphasis,13.16913322185605
BW,F-Score (ANOVA),87,wavelet-HL_glcm_Imc1,wavelet-HL_glcm_Imc1,13.05730524501924
BW,F-Score (ANOVA),88,wavelet-LL_glszm_GrayLevelNonUniformity,wavelet-LL_glszm_GrayLevelNonUniformity,12.989079410864743
BW,F-Score (ANOVA),89,wavelet-LH_glcm_DifferenceVariance,wavelet-LH_glcm_DifferenceVariance,12.96686555318626
BW,F-Score (ANOVA),90,wavelet-HH_glcm_Idn,wavelet-HH_glcm_Idn,12.792315777460276
BW,F-Score (ANOVA),91,original_glcm_Imc1,original_glcm_Imc1,12.754710036508328
BW,F-Score (ANOVA),92,original_firstorder_Range,original_firstorder_Range,12.719166677362116
BW,F-Score (ANOVA),93,original_gldm_LargeDependenceHighGrayLevelEmphasis,original_gldm_LargeDependenceHighGrayLevelEmphasis,12.369442488723928
BW,F-Score (ANOVA),94,wavelet-LL_firstorder_Range,wavelet-LL_firstorder_Range,12.284830644703673
BW,F-Score (ANOVA),95,wavelet-LL_gldm_LargeDependenceHighGrayLevelEmphasis,wavelet-LL_gldm_LargeDependenceHighGrayLevelEmphasis,12.282695338929848
BW,F-Score (ANOVA),96,wavelet-HH_ngtdm_Busyness,wavelet-HH_ngtdm_Busyness,11.95998231749716
BW,F-Score (ANOVA),97,original_glszm_SmallAreaLowGrayLevelEmphasis,original_glszm_SmallAreaLowGrayLevelEmphasis,11.670903924311245
BW,F-Score (ANOVA),98,original_glrlm_ShortRunEmphasis,original_glrlm_ShortRunEmphasis,11.527348259958615
BW,F-Score (ANOVA),99,original_firstorder_Uniformity,original_firstorder_Uniformity,11.422788032514683
BW,F-Score (ANOVA),100,wavelet-LH_gldm_DependenceVariance,wavelet-LH_gldm_DependenceVariance,11.40177095624912
BW,F-Score (ANOVA),101,wavelet-LH_firstorder_Kurtosis,wavelet-LH_firstorder_Kurtosis,11.215196720554694
BW,F-Score (ANOVA),102,wavelet-LL_firstorder_Uniformity,wavelet-LL_firstorder_Uniformity,10.97819574229635
BW,F-Score (ANOVA),103,wavelet-LH_glcm_ClusterProminence,wavelet-LH_glcm_ClusterProminence,10.695605270219165
BW,F-Score (ANOVA),104,original_glcm_Idm,original_glcm_Idm,10.554935453606172
BW,F-Score (ANOVA),105,wavelet-LH_ngtdm_Contrast,wavelet-LH_ngtdm_Contrast,10.389608851971174
BW,F-Score (ANOVA),106,wavelet-HL_glcm_DifferenceEntropy,wavelet-HL_glcm_DifferenceEntropy,10.324575084386769
BW,F-Score (ANOVA),107,original_glrlm_RunEntropy,original_glrlm_RunEntropy,10.190983668922929
BW,F-Score (ANOVA),108,wavelet-LL_firstorder_Entropy,wavelet-LL_firstorder_Entropy,10.069483717455416
BW,F-Score (ANOVA),109,wavelet-LL_glszm_SmallAreaEmphasis,wavelet-LL_glszm_SmallAreaEmphasis,9.951435907548548
BW,F-Score (ANOVA),110,wavelet-LL_glcm_Idmn,wavelet-LL_glcm_Idmn,9.882740647124898
BW,F-Score (ANOVA),111,original_gldm_SmallDependenceHighGrayLevelEmphasis,original_gldm_SmallDependenceHighGrayLevelEmphasis,9.828310168698987
BW,F-Score (ANOVA),112,wavelet-LH_firstorder_Skewness,wavelet-LH_firstorder_Skewness,9.823935285120978
BW,F-Score (ANOVA),113,wavelet-LL_glszm_ZonePercentage,wavelet-LL_glszm_ZonePercentage,9.779987352154574
BW,F-Score (ANOVA),114,original_glrlm_GrayLevelNonUniformity,original_glrlm_GrayLevelNonUniformity,9.182326930891948
BW,F-Score (ANOVA),115,wavelet-LH_firstorder_Maximum,wavelet-LH_firstorder_Maximum,9.102906180457198
BW,F-Score (ANOVA),116,original_firstorder_Entropy,original_firstorder_Entropy,9.08598379336174
BW,F-Score (ANOVA),117,wavelet-LH_glszm_LargeAreaHighGrayLevelEmphasis,wavelet-LH_glszm_LargeAreaHighGrayLevelEmphasis,9.061218552298469
BW,F-Score (ANOVA),118,wavelet-LL_glcm_Imc1,wavelet-LL_glcm_Imc1,9.02594800298684
BW,F-Score (ANOVA),119,original_glcm_Id,original_glcm_Id,9.019886258082384
BW,F-Score (ANOVA),120,wavelet-HL_glcm_MaximumProbability,wavelet-HL_glcm_MaximumProbability,8.981679338789492
BW,F-Score (ANOVA),121,wavelet-LL_gldm_SmallDependenceEmphasis,wavelet-LL_gldm_SmallDependenceEmphasis,8.808040155605978
BW,F-Score (ANOVA),122,original_firstorder_Kurtosis,original_firstorder_Kurtosis,8.754794884499853
BW,F-Score (ANOVA),123,wavelet-LH_glcm_Idn,wavelet-LH_glcm_Idn,8.530439271348214
BW,F-Score (ANOVA),124,wavelet-LL_glcm_SumEntropy,wavelet-LL_glcm_SumEntropy,8.521064825905292
BW,F-Score (ANOVA),125,wavelet-LL_firstorder_Kurtosis,wavelet-LL_firstorder_Kurtosis,8.473712888860454
BW,F-Score (ANOVA),126,wavelet-LL_glcm_MCC,wavelet-LL_glcm_MCC,8.401917896037691
BW,F-Score (ANOVA),127,wavelet-LH_glszm_ZoneEntropy,wavelet-LH_glszm_ZoneEntropy,8.374613870614096
BW,F-Score (ANOVA),128,wavelet-LL_glszm_SmallAreaLowGrayLevelEmphasis,wavelet-LL_glszm_SmallAreaLowGrayLevelEmphasis,8.329865146835193
BW,F-Score (ANOVA),129,wavelet-HL_glszm_SmallAreaEmphasis,wavelet-HL_glszm_SmallAreaEmphasis,8.318647311883462
BW,F-Score (ANOVA),130,original_gldm_DependenceEntropy,original_gldm_DependenceEntropy,8.111751688354781
BW,F-Score (ANOVA),131,original_glcm_Idmn,original_glcm_Idmn,8.017398854267107
BW,F-Score (ANOVA),132,wavelet-HL_gldm_DependenceNonUniformityNormalized,wavelet-HL_gldm_DependenceNonUniformityNormalized,7.7547281950059785
BW,F-Score (ANOVA),133,original_glcm_MCC,original_glcm_MCC,7.718307346916959
BW,F-Score (ANOVA),134,original_glszm_SmallAreaHighGrayLevelEmphasis,original_glszm_SmallAreaHighGrayLevelEmphasis,7.55147687903084
BW,F-Score (ANOVA),135,wavelet-HL_gldm_SmallDependenceEmphasis,wavelet-HL_gldm_SmallDependenceEmphasis,7.5191833957528385
BW,F-Score (ANOVA),136,wavelet-HH_gldm_DependenceEntropy,wavelet-HH_gldm_DependenceEntropy,7.383529784805852
BW,F-Score (ANOVA),137,wavelet-HL_glszm_SizeZoneNonUniformityNormalized,wavelet-HL_glszm_SizeZoneNonUniformityNormalized,7.372661688497438
BW,F-Score (ANOVA),138,wavelet-LH_glszm_GrayLevelNonUniformityNormalized,wavelet-LH_glszm_GrayLevelNonUniformityNormalized,7.266399491341454
BW,F-Score (ANOVA),139,wavelet-HL_glrlm_RunLengthNonUniformityNormalized,wavelet-HL_glrlm_RunLengthNonUniformityNormalized,7.265435860175988
BW,F-Score (ANOVA),140,original_glcm_ClusterProminence,original_glcm_ClusterProminence,7.261702453559349
BW,F-Score (ANOVA),141,wavelet-LL_glcm_ClusterTendency,wavelet-LL_glcm_ClusterTendency,7.095934923536683
BW,F-Score (ANOVA),142,wavelet-LL_glrlm_GrayLevelNonUniformityNormalized,wavelet-LL_glrlm_GrayLevelNonUniformityNormalized,7.00489185662038
BW,F-Score (ANOVA),143,wavelet-LL_glszm_LowGrayLevelZoneEmphasis,wavelet-LL_glszm_LowGrayLevelZoneEmphasis,6.9572047298625925
BW,F-Score (ANOVA),144,original_glszm_LowGrayLevelZoneEmphasis,original_glszm_LowGrayLevelZoneEmphasis,6.818214098376124
BW,F-Score (ANOVA),145,wavelet-LL_glrlm_RunLengthNonUniformity,wavelet-LL_glrlm_RunLengthNonUniformity,6.665210395286969
BW,F-Score (ANOVA),146,wavelet-LL_glszm_SmallAreaHighGrayLevelEmphasis,wavelet-LL_glszm_SmallAreaHighGrayLevelEmphasis,6.6554964179319445
BW,F-Score (ANOVA),147,wavelet-LH_glszm_SmallAreaEmphasis,wavelet-LH_glszm_SmallAreaEmphasis,6.62051166126438
BW,F-Score (ANOVA),148,wavelet-LL_glcm_ClusterProminence,wavelet-LL_glcm_ClusterProminence,6.537841523607669
BW,F-Score (ANOVA),149,wavelet-HL_glrlm_RunEntropy,wavelet-HL_glrlm_RunEntropy,6.4210136231900465
BW,F-Score (ANOVA),150,original_ngtdm_Strength,original_ngtdm_Strength,6.235538685026105
BW,F-Score (ANOVA),151,wavelet-HL_firstorder_InterquartileRange,wavelet-HL_firstorder_InterquartileRange,6.196326351120481
BW,F-Score (ANOVA),152,wavelet-HH_gldm_DependenceNonUniformityNormalized,wavelet-HH_gldm_DependenceNonUniformityNormalized,6.125210240626537
BW,F-Score (ANOVA),153,wavelet-LH_glrlm_RunEntropy,wavelet-LH_glrlm_RunEntropy,6.032514613738334
BW,F-Score (ANOVA),154,wavelet-LL_glrlm_RunEntropy,wavelet-LL_glrlm_RunEntropy,6.01655035641312
BW,F-Score (ANOVA),155,wavelet-LH_firstorder_Median,wavelet-LH_firstorder_Median,5.995178507225921
BW,F-Score (ANOVA),156,wavelet-HL_firstorder_90Percentile,wavelet-HL_firstorder_90Percentile,5.921793502929847
BW,F-Score (ANOVA),157,wavelet-HL_firstorder_RobustMeanAbsoluteDeviation,wavelet-HL_firstorder_RobustMeanAbsoluteDeviation,5.829740362722467
BW,F-Score (ANOVA),158,original_glrlm_RunPercentage,original_glrlm_RunPercentage,5.814659763610964
BW,F-Score (ANOVA),159,original_glszm_SizeZoneNonUniformityNormalized,original_glszm_SizeZoneNonUniformityNormalized,5.79537670480759
BW,F-Score (ANOVA),160,original_glcm_SumEntropy,original_glcm_SumEntropy,5.690392773158754
BW,F-Score (ANOVA),161,original_firstorder_90Percentile,original_firstorder_90Percentile,5.592289918797996
BW,F-Score (ANOVA),162,wavelet-LL_glrlm_GrayLevelNonUniformity,wavelet-LL_glrlm_GrayLevelNonUniformity,5.5118868669986965
BW,F-Score (ANOVA),163,wavelet-LL_gldm_SmallDependenceHighGrayLevelEmphasis,wavelet-LL_gldm_SmallDependenceHighGrayLevelEmphasis,5.4860812589770775
BW,F-Score (ANOVA),164,wavelet-LH_gldm_SmallDependenceHighGrayLevelEmphasis,wavelet-LH_gldm_SmallDependenceHighGrayLevelEmphasis,5.394255083340951
BW,F-Score (ANOVA),165,original_gldm_DependenceVariance,original_gldm_DependenceVariance,5.277429014854062
BW,F-Score (ANOVA),166,wavelet-HL_glcm_Id,wavelet-HL_glcm_Id,5.262489213722856
BW,F-Score (ANOVA),167,wavelet-HL_glrlm_RunPercentage,wavelet-HL_glrlm_RunPercentage,5.251118186675431
BW,F-Score (ANOVA),168,wavelet-HL_glcm_Idm,wavelet-HL_glcm_Idm,5.223758976848685
BW,F-Score (ANOVA),169,wavelet-HL_glcm_InverseVariance,wavelet-HL_glcm_InverseVariance,5.220105958996447
BW,F-Score (ANOVA),170,wavelet-HL_glszm_ZoneEntropy,wavelet-HL_glszm_ZoneEntropy,5.168644057536012
BW,F-Score (ANOVA),171,original_glszm_ZoneEntropy,original_glszm_ZoneEntropy,5.154011664760303
BW,F-Score (ANOVA),172,original_glcm_Idn,original_glcm_Idn,5.153231047894819
BW,F-Score (ANOVA),173,wavelet-LL_firstorder_90Percentile,wavelet-LL_firstorder_90Percentile,5.029852510122156
BW,F-Score (ANOVA),174,wavelet-LH_glcm_Correlation,wavelet-LH_glcm_Correlation,5.029365537782265
BW,F-Score (ANOVA),175,wavelet-LL_glcm_Idm,wavelet-LL_glcm_Idm,4.991685684745807
BW,F-Score (ANOVA),176,wavelet-HH_glcm_Imc2,wavelet-HH_glcm_Imc2,4.973222109292318
BW,F-Score (ANOVA),177,wavelet-LL_gldm_GrayLevelVariance,wavelet-LL_gldm_GrayLevelVariance,4.8525060213906155
BW,F-Score (ANOVA),178,wavelet-HL_firstorder_10Percentile,wavelet-HL_firstorder_10Percentile,4.825434810894614
BW,F-Score (ANOVA),179,wavelet-LL_glrlm_RunLengthNonUniformityNormalized,wavelet-LL_glrlm_RunLengthNonUniformityNormalized,4.808455418303782
BW,F-Score (ANOVA),180,wavelet-HL_glcm_DifferenceAverage,wavelet-HL_glcm_DifferenceAverage,4.8048896767386315
BW,F-Score (ANOVA),181,wavelet-LL_firstorder_RootMeanSquared,wavelet-LL_firstorder_RootMeanSquared,4.53837780073161
BW,F-Score (ANOVA),182,wavelet-LH_glszm_SmallAreaLowGrayLevelEmphasis,wavelet-LH_glszm_SmallAreaLowGrayLevelEmphasis,4.526081204898177
BW,F-Score (ANOVA),183,wavelet-HH_firstorder_MeanAbsoluteDeviation,wavelet-HH_firstorder_MeanAbsoluteDeviation,4.50029676382538
BW,F-Score (ANOVA),184,wavelet-LL_firstorder_Variance,wavelet-LL_firstorder_Variance,4.49294627855681
BW,F-Score (ANOVA),185,wavelet-HL_glcm_MCC,wavelet-HL_glcm_MCC,4.490021746652268
BW,F-Score (ANOVA),186,wavelet-LL_firstorder_MeanAbsoluteDeviation,wavelet-LL_firstorder_MeanAbsoluteDeviation,4.477549960185163
BW,F-Score (ANOVA),187,wavelet-LH_ngtdm_Complexity,wavelet-LH_ngtdm_Complexity,4.449036108762639
BW,F-Score (ANOVA),188,wavelet-HH_firstorder_InterquartileRange,wavelet-HH_firstorder_InterquartileRange,4.4403020312889
BW,F-Score (ANOVA),189,wavelet-HH_firstorder_RobustMeanAbsoluteDeviation,wavelet-HH_firstorder_RobustMeanAbsoluteDeviation,4.415897319517818
BW,F-Score (ANOVA),190,wavelet-HH_glrlm_RunEntropy,wavelet-HH_glrlm_RunEntropy,4.391044242818491
BW,F-Score (ANOVA),191,wavelet-LH_firstorder_Range,wavelet-LH_firstorder_Range,4.388371027986238
BW,F-Score (ANOVA),192,wavelet-HH_firstorder_10Percentile,wavelet-HH_firstorder_10Percentile,4.343221327440215
BW,F-Score (ANOVA),193,wavelet-HH_firstorder_90Percentile,wavelet-HH_firstorder_90Percentile,4.331327931617993
BW,F-Score (ANOVA),194,wavelet-HL_gldm_LargeDependenceEmphasis,wavelet-HL_gldm_LargeDependenceEmphasis,4.2954855848729325
BW,F-Score (ANOVA),195,wavelet-HL_firstorder_MeanAbsoluteDeviation,wavelet-HL_firstorder_MeanAbsoluteDeviation,4.208472401449113
BW,F-Score (ANOVA),196,wavelet-LL_glcm_Id,wavelet-LL_glcm_Id,4.170647678997195
BW,F-Score (ANOVA),197,original_glszm_HighGrayLevelZoneEmphasis,original_glszm_HighGrayLevelZoneEmphasis,4.100591840586785
BW,F-Score (ANOVA),198,wavelet-HH_glcm_SumEntropy,wavelet-HH_glcm_SumEntropy,4.095072753157797
BW,F-Score (ANOVA),199,wavelet-LH_glszm_LowGrayLevelZoneEmphasis,wavelet-LH_glszm_LowGrayLevelZoneEmphasis,4.067380070539988
BW,F-Score (ANOVA),200,original_firstorder_MeanAbsoluteDeviation,original_firstorder_MeanAbsoluteDeviation,3.9246683368493396
BW,F-Score (ANOVA),201,wavelet-LL_glrlm_ShortRunLowGrayLevelEmphasis,wavelet-LL_glrlm_ShortRunLowGrayLevelEmphasis,3.872619482814349
BW,F-Score (ANOVA),202,original_glrlm_ShortRunHighGrayLevelEmphasis,original_glrlm_ShortRunHighGrayLevelEmphasis,3.856483834921929
BW,F-Score (ANOVA),203,wavelet-HH_glcm_ClusterTendency,wavelet-HH_glcm_ClusterTendency,3.824302798841041
BW,F-Score (ANOVA),204,original_gldm_LargeDependenceEmphasis,original_gldm_LargeDependenceEmphasis,3.8197705649404674
BW,F-Score (ANOVA),205,wavelet-HL_gldm_DependenceEntropy,wavelet-HL_gldm_DependenceEntropy,3.747614078601971
BW,F-Score (ANOVA),206,wavelet-LL_glcm_Idn,wavelet-LL_glcm_Idn,3.7218500253603652
BW,F-Score (ANOVA),207,wavelet-HH_firstorder_Skewness,wavelet-HH_firstorder_Skewness,3.717129256101947
BW,F-Score (ANOVA),208,original_firstorder_InterquartileRange,original_firstorder_InterquartileRange,3.4758964736344606
BW,F-Score (ANOVA),209,original_glcm_MaximumProbability,original_glcm_MaximumProbability,3.3480751032266105
BW,F-Score (ANOVA),210,wavelet-LH_glrlm_ShortRunHighGrayLevelEmphasis,wavelet-LH_glrlm_ShortRunHighGrayLevelEmphasis,3.284967007355451
BW,F-Score (ANOVA),211,wavelet-LL_ngtdm_Strength,wavelet-LL_ngtdm_Strength,3.26104752953428
BW,F-Score (ANOVA),212,wavelet-HH_glcm_DifferenceEntropy,wavelet-HH_glcm_DifferenceEntropy,3.232871626098571
BW,F-Score (ANOVA),213,wavelet-LL_firstorder_RobustMeanAbsoluteDeviation,wavelet-LL_firstorder_RobustMeanAbsoluteDeviation,3.1939676979672322
BW,F-Score (ANOVA),214,wavelet-LL_firstorder_InterquartileRange,wavelet-LL_firstorder_InterquartileRange,3.161022274647186
BW,F-Score (ANOVA),215,wavelet-LH_ngtdm_Coarseness,wavelet-LH_ngtdm_Coarseness,3.1457052251386037
BW,F-Score (ANOVA),216,original_glrlm_GrayLevelVariance,original_glrlm_GrayLevelVariance,3.133757905742617
BW,F-Score (ANOVA),217,wavelet-LL_glcm_SumSquares,wavelet-LL_glcm_SumSquares,3.0054734909065624
BW,F-Score (ANOVA),218,original_firstorder_RobustMeanAbsoluteDeviation,original_firstorder_RobustMeanAbsoluteDeviation,2.9946479969491513
BW,F-Score (ANOVA),219,wavelet-LL_glrlm_ShortRunEmphasis,wavelet-LL_glrlm_ShortRunEmphasis,2.9680001271493643
BW,F-Score (ANOVA),220,original_glrlm_LowGrayLevelRunEmphasis,original_glrlm_LowGrayLevelRunEmphasis,2.961233778309178
BW,F-Score (ANOVA),221,original_glrlm_GrayLevelNonUniformityNormalized,original_glrlm_GrayLevelNonUniformityNormalized,2.9330921555330525
BW,F-Score (ANOVA),222,wavelet-HH_firstorder_RootMeanSquared,wavelet-HH_firstorder_RootMeanSquared,2.7962962491836425
BW,F-Score (ANOVA),223,wavelet-HH_firstorder_Median,wavelet-HH_firstorder_Median,2.7349921572470386
BW,F-Score (ANOVA),224,wavelet-LL_glrlm_GrayLevelVariance,wavelet-LL_glrlm_GrayLevelVariance,2.6752024910502668
BW,F-Score (ANOVA),225,original_glszm_LargeAreaHighGrayLevelEmphasis,original_glszm_LargeAreaHighGrayLevelEmphasis,2.636258268014957
BW,F-Score (ANOVA),226,wavelet-HH_firstorder_Energy,wavelet-HH_firstorder_Energy,2.6209339042085107
BW,F-Score (ANOVA),227,wavelet-HH_firstorder_TotalEnergy,wavelet-HH_firstorder_TotalEnergy,2.6209339042085107
BW,F-Score (ANOVA),228,wavelet-HH_glcm_Imc1,wavelet-HH_glcm_Imc1,2.6178640621049905
BW,F-Score (ANOVA),229,wavelet-HL_glszm_SizeZoneNonUniformity,wavelet-HL_glszm_SizeZoneNonUniformity,2.5961105246426572
BW,F-Score (ANOVA),230,wavelet-HH_glcm_DifferenceVariance,wavelet-HH_glcm_DifferenceVariance,2.5955184983476274
BW,F-Score (ANOVA),231,wavelet-HH_glcm_Correlation,wavelet-HH_glcm_Correlation,2.544868765929209
BW,F-Score (ANOVA),232,wavelet-LH_gldm_LargeDependenceLowGrayLevelEmphasis,wavelet-LH_gldm_LargeDependenceLowGrayLevelEmphasis,2.455626717890881
BW,F-Score (ANOVA),233,wavelet-HH_firstorder_Variance,wavelet-HH_firstorder_Variance,2.4470945287166703
BW,F-Score (ANOVA),234,wavelet-HH_glcm_JointEnergy,wavelet-HH_glcm_JointEnergy,2.4214522630898268
BW,F-Score (ANOVA),235,wavelet-HH_glcm_InverseVariance,wavelet-HH_glcm_InverseVariance,2.3266981378165608
BW,F-Score (ANOVA),236,wavelet-HH_glrlm_RunPercentage,wavelet-HH_glrlm_RunPercentage,2.2686212907905077
BW,F-Score (ANOVA),237,wavelet-HH_glcm_Id,wavelet-HH_glcm_Id,2.2586955417672097
BW,F-Score (ANOVA),238,wavelet-HH_glcm_Idm,wavelet-HH_glcm_Idm,2.2455959285584575
BW,F-Score (ANOVA),239,original_glrlm_ShortRunLowGrayLevelEmphasis,original_glrlm_ShortRunLowGrayLevelEmphasis,2.154482731885536
BW,F-Score (ANOVA),240,wavelet-LH_glszm_GrayLevelVariance,wavelet-LH_glszm_GrayLevelVariance,2.152079992475526
BW,F-Score (ANOVA),241,wavelet-LH_glcm_ClusterShade,wavelet-LH_glcm_ClusterShade,2.1461335749760955
BW,F-Score (ANOVA),242,wavelet-LH_glszm_LargeAreaEmphasis,wavelet-LH_glszm_LargeAreaEmphasis,2.140025737514684
BW,F-Score (ANOVA),243,wavelet-HH_glcm_DifferenceAverage,wavelet-HH_glcm_DifferenceAverage,2.1309616018679205
BW,F-Score (ANOVA),244,wavelet-HH_gldm_LargeDependenceEmphasis,wavelet-HH_gldm_LargeDependenceEmphasis,2.1256944860389155
BW,F-Score (ANOVA),245,wavelet-LH_glszm_ZoneVariance,wavelet-LH_glszm_ZoneVariance,2.124099403223385
BW,F-Score (ANOVA),246,original_glcm_ClusterTendency,original_glcm_ClusterTendency,2.117090217673167
BW,F-Score (ANOVA),247,wavelet-LL_gldm_GrayLevelNonUniformity,wavelet-LL_gldm_GrayLevelNonUniformity,2.1136068751857007
BW,F-Score (ANOVA),248,wavelet-LL_glcm_JointEnergy,wavelet-LL_glcm_JointEnergy,2.0827680257383365
BW,F-Score (ANOVA),249,wavelet-HH_glcm_JointEntropy,wavelet-HH_glcm_JointEntropy,2.073246116666887
BW,F-Score (ANOVA),250,wavelet-HL_glcm_Idmn,wavelet-HL_glcm_Idmn,2.018352668279582
BW,F-Score (ANOVA),251,wavelet-HL_glcm_JointEntropy,wavelet-HL_glcm_JointEntropy,1.9705108027196185
BW,F-Score (ANOVA),252,wavelet-LH_glszm_SizeZoneNonUniformityNormalized,wavelet-LH_glszm_SizeZoneNonUniformityNormalized,1.9447535858003575
BW,F-Score (ANOVA),253,wavelet-LL_glrlm_LowGrayLevelRunEmphasis,wavelet-LL_glrlm_LowGrayLevelRunEmphasis,1.9281414549522033
BW,F-Score (ANOVA),254,wavelet-HL_ngtdm_Coarseness,wavelet-HL_ngtdm_Coarseness,1.875201947323176
BW,F-Score (ANOVA),255,wavelet-LH_glrlm_LowGrayLevelRunEmphasis,wavelet-LH_glrlm_LowGrayLevelRunEmphasis,1.8433317468719017
BW,F-Score (ANOVA),256,original_gldm_GrayLevelNonUniformity,original_gldm_GrayLevelNonUniformity,1.8081023599956751
BW,F-Score (ANOVA),257,wavelet-LH_ngtdm_Busyness,wavelet-LH_ngtdm_Busyness,1.7708476736121497
BW,F-Score (ANOVA),258,wavelet-HH_glszm_LargeAreaHighGrayLevelEmphasis,wavelet-HH_glszm_LargeAreaHighGrayLevelEmphasis,1.7387626223174781
BW,F-Score (ANOVA),259,wavelet-LL_glcm_MaximumProbability,wavelet-LL_glcm_MaximumProbability,1.7336679938822235
BW,F-Score (ANOVA),260,wavelet-HH_glrlm_RunLengthNonUniformityNormalized,wavelet-HH_glrlm_RunLengthNonUniformityNormalized,1.7309585743035236
BW,F-Score (ANOVA),261,wavelet-HL_glszm_LargeAreaHighGrayLevelEmphasis,wavelet-HL_glszm_LargeAreaHighGrayLevelEmphasis,1.7160088500267563
BW,F-Score (ANOVA),262,wavelet-HL_firstorder_Kurtosis,wavelet-HL_firstorder_Kurtosis,1.7084555610308736
BW,F-Score (ANOVA),263,wavelet-LH_firstorder_Mean,wavelet-LH_firstorder_Mean,1.690534493078512
BW,F-Score (ANOVA),264,wavelet-LH_gldm_LowGrayLevelEmphasis,wavelet-LH_gldm_LowGrayLevelEmphasis,1.583034291413612
BW,F-Score (ANOVA),265,wavelet-LL_gldm_SmallDependenceLowGrayLevelEmphasis,wavelet-LL_gldm_SmallDependenceLowGrayLevelEmphasis,1.5215841558665297
BW,F-Score (ANOVA),266,original_glcm_JointEnergy,original_glcm_JointEnergy,1.4901042314009156
BW,F-Score (ANOVA),267,wavelet-HH_glcm_MaximumProbability,wavelet-HH_glcm_MaximumProbability,1.485733606884755
BW,F-Score (ANOVA),268,wavelet-HH_glcm_ClusterProminence,wavelet-HH_glcm_ClusterProminence,1.4743907803512166
BW,F-Score (ANOVA),269,original_glcm_JointEntropy,original_glcm_JointEntropy,1.4073291255684448
BW,F-Score (ANOVA),270,original_gldm_LowGrayLevelEmphasis,original_gldm_LowGrayLevelEmphasis,1.4002066567491347
BW,F-Score (ANOVA),271,original_glrlm_LongRunHighGrayLevelEmphasis,original_glrlm_LongRunHighGrayLevelEmphasis,1.392795032469367
BW,F-Score (ANOVA),272,wavelet-HH_firstorder_Kurtosis,wavelet-HH_firstorder_Kurtosis,1.365166010954999
BW,F-Score (ANOVA),273,wavelet-HH_gldm_DependenceVariance,wavelet-HH_gldm_DependenceVariance,1.3537695947785315
BW,F-Score (ANOVA),274,wavelet-LL_glrlm_LongRunHighGrayLevelEmphasis,wavelet-LL_glrlm_LongRunHighGrayLevelEmphasis,1.2857140946568215
BW,F-Score (ANOVA),275,original_glszm_SmallAreaEmphasis,original_glszm_SmallAreaEmphasis,1.2512549580932815
BW,F-Score (ANOVA),276,wavelet-HL_glcm_SumEntropy,wavelet-HL_glcm_SumEntropy,1.2253593248930432
BW,F-Score (ANOVA),277,original_ngtdm_Contrast,original_ngtdm_Contrast,1.2179622914025754
BW,F-Score (ANOVA),278,wavelet-LL_glrlm_RunPercentage,wavelet-LL_glrlm_RunPercentage,1.217939667726639
BW,F-Score (ANOVA),279,wavelet-HL_gldm_LargeDependenceLowGrayLevelEmphasis,wavelet-HL_gldm_LargeDependenceLowGrayLevelEmphasis,1.2122429957530878
BW,F-Score (ANOVA),280,wavelet-HL_ngtdm_Contrast,wavelet-HL_ngtdm_Contrast,1.2112285481256566
BW,F-Score (ANOVA),281,wavelet-HL_glcm_Idn,wavelet-HL_glcm_Idn,1.204840523561569
BW,F-Score (ANOVA),282,wavelet-HH_ngtdm_Strength,wavelet-HH_ngtdm_Strength,1.2045258680703257
BW,F-Score (ANOVA),283,original_gldm_LargeDependenceLowGrayLevelEmphasis,original_gldm_LargeDependenceLowGrayLevelEmphasis,1.201693015841118
BW,F-Score (ANOVA),284,wavelet-HH_glcm_Contrast,wavelet-HH_glcm_Contrast,1.1808555448048468
BW,F-Score (ANOVA),285,wavelet-HL_glcm_Imc2,wavelet-HL_glcm_Imc2,1.151851406108223
BW,F-Score (ANOVA),286,wavelet-LL_glszm_GrayLevelNonUniformityNormalized,wavelet-LL_glszm_GrayLevelNonUniformityNormalized,1.1333634978683365
BW,F-Score (ANOVA),287,wavelet-LL_ngtdm_Busyness,wavelet-LL_ngtdm_Busyness,1.1001883529714784
BW,F-Score (ANOVA),288,wavelet-HH_glcm_SumSquares,wavelet-HH_glcm_SumSquares,1.0991658714330184
BW,F-Score (ANOVA),289,wavelet-HH_glszm_LargeAreaLowGrayLevelEmphasis,wavelet-HH_glszm_LargeAreaLowGrayLevelEmphasis,1.048330591210177
BW,F-Score (ANOVA),290,wavelet-LH_glcm_Idmn,wavelet-LH_glcm_Idmn,1.0221886254478523
BW,F-Score (ANOVA),291,wavelet-HL_glszm_GrayLevelNonUniformity,wavelet-HL_glszm_GrayLevelNonUniformity,1.0189617109317564
BW,F-Score (ANOVA),292,wavelet-LL_gldm_DependenceVariance,wavelet-LL_gldm_DependenceVariance,1.015777831883217
BW,F-Score (ANOVA),293,wavelet-HH_gldm_GrayLevelVariance,wavelet-HH_gldm_GrayLevelVariance,1.006472388725219
BW,F-Score (ANOVA),294,wavelet-HH_ngtdm_Coarseness,wavelet-HH_ngtdm_Coarseness,0.9904894839013993
BW,F-Score (ANOVA),295,original_gldm_SmallDependenceLowGrayLevelEmphasis,original_gldm_SmallDependenceLowGrayLevelEmphasis,0.962941093430168
BW,F-Score (ANOVA),296,wavelet-HL_gldm_LowGrayLevelEmphasis,wavelet-HL_gldm_LowGrayLevelEmphasis,0.9298976052367239
BW,F-Score (ANOVA),297,wavelet-HH_gldm_DependenceNonUniformity,wavelet-HH_gldm_DependenceNonUniformity,0.9112080323782055
BW,F-Score (ANOVA),298,wavelet-HH_gldm_SmallDependenceEmphasis,wavelet-HH_gldm_SmallDependenceEmphasis,0.9079465146996285
BW,F-Score (ANOVA),299,wavelet-LL_glszm_HighGrayLevelZoneEmphasis,wavelet-LL_glszm_HighGrayLevelZoneEmphasis,0.9020738094784548
BW,F-Score (ANOVA),300,wavelet-HH_glcm_MCC,wavelet-HH_glcm_MCC,0.8968451871456822
BW,F-Score (ANOVA),301,wavelet-HL_glrlm_LowGrayLevelRunEmphasis,wavelet-HL_glrlm_LowGrayLevelRunEmphasis,0.8963918803445788
BW,F-Score (ANOVA),302,wavelet-LL_gldm_LowGrayLevelEmphasis,wavelet-LL_gldm_LowGrayLevelEmphasis,0.8944583746156465
BW,F-Score (ANOVA),303,original_glszm_ZoneVariance,original_glszm_ZoneVariance,0.8890721557562733
BW,F-Score (ANOVA),304,original_glszm_LargeAreaEmphasis,original_glszm_LargeAreaEmphasis,0.88886640946072
BW,F-Score (ANOVA),305,wavelet-HL_firstorder_Mean,wavelet-HL_firstorder_Mean,0.8106752606982112
BW,F-Score (ANOVA),306,wavelet-LH_gldm_DependenceNonUniformityNormalized,wavelet-LH_gldm_DependenceNonUniformityNormalized,0.7990726587903019
BW,F-Score (ANOVA),307,wavelet-HL_glszm_LargeAreaLowGrayLevelEmphasis,wavelet-HL_glszm_LargeAreaLowGrayLevelEmphasis,0.7849987917178654
BW,F-Score (ANOVA),308,wavelet-HH_glrlm_RunLengthNonUniformity,wavelet-HH_glrlm_RunLengthNonUniformity,0.7672536039278879
BW,F-Score (ANOVA),309,wavelet-HL_glrlm_RunLengthNonUniformity,wavelet-HL_glrlm_RunLengthNonUniformity,0.742650351465405
BW,F-Score (ANOVA),310,original_glszm_GrayLevelVariance,original_glszm_GrayLevelVariance,0.7416278722075335
BW,F-Score (ANOVA),311,wavelet-HL_glrlm_GrayLevelNonUniformity,wavelet-HL_glrlm_GrayLevelNonUniformity,0.7309611134536697
BW,F-Score (ANOVA),312,wavelet-HH_glrlm_GrayLevelVariance,wavelet-HH_glrlm_GrayLevelVariance,0.7303335191995998
BW,F-Score (ANOVA),313,wavelet-HH_glszm_ZonePercentage,wavelet-HH_glszm_ZonePercentage,0.713064439393777
BW,F-Score (ANOVA),314,wavelet-LH_glszm_HighGrayLevelZoneEmphasis,wavelet-LH_glszm_HighGrayLevelZoneEmphasis,0.6906391568273039
BW,F-Score (ANOVA),315,wavelet-HH_glszm_GrayLevelNonUniformityNormalized,wavelet-HH_glszm_GrayLevelNonUniformityNormalized,0.6866330991379169
BW,F-Score (ANOVA),316,wavelet-LH_glszm_LargeAreaLowGrayLevelEmphasis,wavelet-LH_glszm_LargeAreaLowGrayLevelEmphasis,0.6731317057690129
BW,F-Score (ANOVA),317,wavelet-HL_glszm_ZonePercentage,wavelet-HL_glszm_ZonePercentage,0.6728781876457055
BW,F-Score (ANOVA),318,original_ngtdm_Busyness,original_ngtdm_Busyness,0.6713899033778907
BW,F-Score (ANOVA),319,original_firstorder_Mean,original_firstorder_Mean,0.6596477923719826
BW,F-Score (ANOVA),320,wavelet-HH_glszm_LargeAreaEmphasis,wavelet-HH_glszm_LargeAreaEmphasis,0.644906000147749
BW,F-Score (ANOVA),321,wavelet-HH_glszm_ZoneVariance,wavelet-HH_glszm_ZoneVariance,0.644806596158047
BW,F-Score (ANOVA),322,wavelet-HH_glrlm_GrayLevelNonUniformity,wavelet-HH_glrlm_GrayLevelNonUniformity,0.6260792104562226
BW,F-Score (ANOVA),323,wavelet-HH_gldm_LargeDependenceHighGrayLevelEmphasis,wavelet-HH_gldm_LargeDependenceHighGrayLevelEmphasis,0.6008384242649445
BW,F-Score (ANOVA),324,wavelet-LL_gldm_LargeDependenceLowGrayLevelEmphasis,wavelet-LL_gldm_LargeDependenceLowGrayLevelEmphasis,0.5921479580593628
BW,F-Score (ANOVA),325,wavelet-HH_gldm_GrayLevelNonUniformity,wavelet-HH_gldm_GrayLevelNonUniformity,0.57492705119893
BW,F-Score (ANOVA),326,wavelet-LL_glrlm_ShortRunHighGrayLevelEmphasis,wavelet-LL_glrlm_ShortRunHighGrayLevelEmphasis,0.5611935927025459
BW,F-Score (ANOVA),327,wavelet-LH_glcm_SumAverage,wavelet-LH_glcm_SumAverage,0.5541923845570331
BW,F-Score (ANOVA),328,wavelet-LH_glcm_JointAverage,wavelet-LH_glcm_JointAverage,0.5541923845565344
BW,F-Score (ANOVA),329,wavelet-HL_gldm_GrayLevelNonUniformity,wavelet-HL_gldm_GrayLevelNonUniformity,0.5509999906364076
BW,F-Score (ANOVA),330,wavelet-LH_glcm_Imc2,wavelet-LH_glcm_Imc2,0.5428567616288991
BW,F-Score (ANOVA),331,wavelet-LL_gldm_DependenceNonUniformity,wavelet-LL_gldm_DependenceNonUniformity,0.5407838776182904
BW,F-Score (ANOVA),332,wavelet-HH_glcm_Autocorrelation,wavelet-HH_glcm_Autocorrelation,0.5297511617732316
BW,F-Score (ANOVA),333,wavelet-HH_gldm_HighGrayLevelEmphasis,wavelet-HH_gldm_HighGrayLevelEmphasis,0.5288383268839061
BW,F-Score (ANOVA),334,wavelet-HH_glrlm_HighGrayLevelRunEmphasis,wavelet-HH_glrlm_HighGrayLevelRunEmphasis,0.5265775508947673
BW,F-Score (ANOVA),335,original_firstorder_Energy,original_firstorder_Energy,0.5217677298306223
BW,F-Score (ANOVA),336,original_firstorder_TotalEnergy,original_firstorder_TotalEnergy,0.5217677298306223
BW,F-Score (ANOVA),337,wavelet-HL_firstorder_RootMeanSquared,wavelet-HL_firstorder_RootMeanSquared,0.51822991654182
BW,F-Score (ANOVA),338,wavelet-LL_firstorder_Mean,wavelet-LL_firstorder_Mean,0.5152201435526018
BW,F-Score (ANOVA),339,wavelet-HH_firstorder_Uniformity,wavelet-HH_firstorder_Uniformity,0.5135226170885714
BW,F-Score (ANOVA),340,wavelet-HH_gldm_SmallDependenceHighGrayLevelEmphasis,wavelet-HH_gldm_SmallDependenceHighGrayLevelEmphasis,0.5122252406391978
BW,F-Score (ANOVA),341,wavelet-HL_glcm_ClusterShade,wavelet-HL_glcm_ClusterShade,0.5084349801091748
BW,F-Score (ANOVA),342,wavelet-LH_glrlm_HighGrayLevelRunEmphasis,wavelet-LH_glrlm_HighGrayLevelRunEmphasis,0.5043713677787363
BW,F-Score (ANOVA),343,wavelet-HH_glrlm_LongRunHighGrayLevelEmphasis,wavelet-HH_glrlm_LongRunHighGrayLevelEmphasis,0.5032501376082529
BW,F-Score (ANOVA),344,wavelet-HH_glrlm_ShortRunHighGrayLevelEmphasis,wavelet-HH_glrlm_ShortRunHighGrayLevelEmphasis,0.4972752094735379
BW,F-Score (ANOVA),345,wavelet-HH_glrlm_ShortRunEmphasis,wavelet-HH_glrlm_ShortRunEmphasis,0.49424694610773934
BW,F-Score (ANOVA),346,wavelet-LH_gldm_HighGrayLevelEmphasis,wavelet-LH_gldm_HighGrayLevelEmphasis,0.48956925074697705
BW,F-Score (ANOVA),347,wavelet-HL_ngtdm_Busyness,wavelet-HL_ngtdm_Busyness,0.4885401482669412
BW,F-Score (ANOVA),348,wavelet-LH_glcm_Autocorrelation,wavelet-LH_glcm_Autocorrelation,0.4735062323934751
BW,F-Score (ANOVA),349,wavelet-LH_firstorder_Minimum,wavelet-LH_firstorder_Minimum,0.4658351587993088
BW,F-Score (ANOVA),350,wavelet-HL_firstorder_Variance,wavelet-HL_firstorder_Variance,0.4621661372178099
BW,F-Score (ANOVA),351,wavelet-LL_glcm_JointEntropy,wavelet-LL_glcm_JointEntropy,0.4613750188174128
BW,F-Score (ANOVA),352,wavelet-HH_glcm_ClusterShade,wavelet-HH_glcm_ClusterShade,0.452780400377657
BW,F-Score (ANOVA),353,wavelet-HH_glrlm_RunVariance,wavelet-HH_glrlm_RunVariance,0.4515498161333051
BW,F-Score (ANOVA),354,wavelet-HH_glszm_SizeZoneNonUniformityNormalized,wavelet-HH_glszm_SizeZoneNonUniformityNormalized,0.45087790076647666
BW,F-Score (ANOVA),355,wavelet-HL_glcm_Correlation,wavelet-HL_glcm_Correlation,0.4499324454879756
BW,F-Score (ANOVA),356,wavelet-LL_firstorder_TotalEnergy,wavelet-LL_firstorder_TotalEnergy,0.4423697454990516
BW,F-Score (ANOVA),357,wavelet-LL_firstorder_Energy,wavelet-LL_firstorder_Energy,0.4423697454990516
BW,F-Score (ANOVA),358,wavelet-HL_glcm_SumAverage,wavelet-HL_glcm_SumAverage,0.4401500737593378
BW,F-Score (ANOVA),359,wavelet-HL_glcm_JointAverage,wavelet-HL_glcm_JointAverage,0.44015007375933707
BW,F-Score (ANOVA),360,wavelet-HH_glszm_HighGrayLevelZoneEmphasis,wavelet-HH_glszm_HighGrayLevelZoneEmphasis,0.4390962386166036
BW,F-Score (ANOVA),361,wavelet-LH_glrlm_ShortRunLowGrayLevelEmphasis,wavelet-LH_glrlm_ShortRunLowGrayLevelEmphasis,0.4347980228703625
BW,F-Score (ANOVA),362,wavelet-LL_firstorder_Minimum,wavelet-LL_firstorder_Minimum,0.431671196461514
BW,F-Score (ANOVA),363,wavelet-HH_glcm_SumAverage,wavelet-HH_glcm_SumAverage,0.4304503663252979
BW,F-Score (ANOVA),364,wavelet-HH_glcm_JointAverage,wavelet-HH_glcm_JointAverage,0.43045036632515665
BW,F-Score (ANOVA),365,wavelet-HH_firstorder_Maximum,wavelet-HH_firstorder_Maximum,0.4268129306292123
BW,F-Score (ANOVA),366,wavelet-HL_gldm_SmallDependenceLowGrayLevelEmphasis,wavelet-HL_gldm_SmallDependenceLowGrayLevelEmphasis,0.42615270430637675
BW,F-Score (ANOVA),367,wavelet-HL_glrlm_RunVariance,wavelet-HL_glrlm_RunVariance,0.42524848333598336
BW,F-Score (ANOVA),368,wavelet-HL_firstorder_Range,wavelet-HL_firstorder_Range,0.42366080273725504
BW,F-Score (ANOVA),369,wavelet-HL_firstorder_Minimum,wavelet-HL_firstorder_Minimum,0.4195927924604886
BW,F-Score (ANOVA),370,wavelet-HH_glrlm_LongRunEmphasis,wavelet-HH_glrlm_LongRunEmphasis,0.4154628531245355
BW,F-Score (ANOVA),371,wavelet-LL_glrlm_RunVariance,wavelet-LL_glrlm_RunVariance,0.3993987615314862
BW,F-Score (ANOVA),372,wavelet-LL_gldm_LargeDependenceEmphasis,wavelet-LL_gldm_LargeDependenceEmphasis,0.38707887046246453
BW,F-Score (ANOVA),373,wavelet-HH_glszm_SmallAreaHighGrayLevelEmphasis,wavelet-HH_glszm_SmallAreaHighGrayLevelEmphasis,0.38667872488993477
BW,F-Score (ANOVA),374,wavelet-HL_gldm_DependenceVariance,wavelet-HL_gldm_DependenceVariance,0.3819559706333143
BW,F-Score (ANOVA),375,wavelet-LH_gldm_GrayLevelNonUniformity,wavelet-LH_gldm_GrayLevelNonUniformity,0.38050935462659174
BW,F-Score (ANOVA),376,wavelet-LH_glrlm_LongRunHighGrayLevelEmphasis,wavelet-LH_glrlm_LongRunHighGrayLevelEmphasis,0.37013003225040564
BW,F-Score (ANOVA),377,original_firstorder_RootMeanSquared,original_firstorder_RootMeanSquared,0.36367888226982736
BW,F-Score (ANOVA),378,original_firstorder_Variance,original_firstorder_Variance,0.3593998521151888
BW,F-Score (ANOVA),379,wavelet-HH_firstorder_Entropy,wavelet-HH_firstorder_Entropy,0.3542463354485451
BW,F-Score (ANOVA),380,original_firstorder_Minimum,original_firstorder_Minimum,0.35212449837938
BW,F-Score (ANOVA),381,wavelet-LL_glcm_JointAverage,wavelet-LL_glcm_JointAverage,0.3426581392138052
BW,F-Score (ANOVA),382,wavelet-LL_glcm_SumAverage,wavelet-LL_glcm_SumAverage,0.342658139213798
BW,F-Score (ANOVA),383,wavelet-LL_glrlm_LongRunEmphasis,wavelet-LL_glrlm_LongRunEmphasis,0.3277782003616774
BW,F-Score (ANOVA),384,wavelet-HL_glszm_LowGrayLevelZoneEmphasis,wavelet-HL_glszm_LowGrayLevelZoneEmphasis,0.3209497011165143
BW,F-Score (ANOVA),385,wavelet-LH_gldm_DependenceNonUniformity,wavelet-LH_gldm_DependenceNonUniformity,0.30678950536462957
BW,F-Score (ANOVA),386,wavelet-LL_gldm_DependenceNonUniformityNormalized,wavelet-LL_gldm_DependenceNonUniformityNormalized,0.30354793918162004
BW,F-Score (ANOVA),387,wavelet-HL_glcm_ClusterProminence,wavelet-HL_glcm_ClusterProminence,0.2883957964860477
BW,F-Score (ANOVA),388,wavelet-HL_glrlm_ShortRunLowGrayLevelEmphasis,wavelet-HL_glrlm_ShortRunLowGrayLevelEmphasis,0.2851792591201756
BW,F-Score (ANOVA),389,wavelet-LL_glcm_Autocorrelation,wavelet-LL_glcm_Autocorrelation,0.28454888527511313
BW,F-Score (ANOVA),390,wavelet-HL_glszm_GrayLevelNonUniformityNormalized,wavelet-HL_glszm_GrayLevelNonUniformityNormalized,0.276522671376357
BW,F-Score (ANOVA),391,wavelet-LL_gldm_HighGrayLevelEmphasis,wavelet-LL_gldm_HighGrayLevelEmphasis,0.265644585048606
BW,F-Score (ANOVA),392,original_glcm_Autocorrelation,original_glcm_Autocorrelation,0.2504457707979765
BW,F-Score (ANOVA),393,original_glcm_SumAverage,original_glcm_SumAverage,0.24835013399914257
BW,F-Score (ANOVA),394,original_glcm_JointAverage,original_glcm_JointAverage,0.248350133997553
BW,F-Score (ANOVA),395,wavelet-HL_firstorder_Skewness,wavelet-HL_firstorder_Skewness,0.23994103986393336
BW,F-Score (ANOVA),396,wavelet-HH_glszm_ZoneEntropy,wavelet-HH_glszm_ZoneEntropy,0.23375851748898382
BW,F-Score (ANOVA),397,original_gldm_HighGrayLevelEmphasis,original_gldm_HighGrayLevelEmphasis,0.22754473000432954
BW,F-Score (ANOVA),398,wavelet-LL_glszm_GrayLevelVariance,wavelet-LL_glszm_GrayLevelVariance,0.20565703923398043
BW,F-Score (ANOVA),399,wavelet-LH_gldm_LargeDependenceHighGrayLevelEmphasis,wavelet-LH_gldm_LargeDependenceHighGrayLevelEmphasis,0.20395159853608785
BW,F-Score (ANOVA),400,wavelet-HH_firstorder_Range,wavelet-HH_firstorder_Range,0.19816163505525
BW,F-Score (ANOVA),401,original_gldm_DependenceNonUniformity,original_gldm_DependenceNonUniformity,0.19656192491533242
BW,F-Score (ANOVA),402,wavelet-HH_ngtdm_Complexity,wavelet-HH_ngtdm_Complexity,0.19470245090398314
BW,F-Score (ANOVA),403,wavelet-HL_glszm_ZoneVariance,wavelet-HL_glszm_ZoneVariance,0.18971685913879324
BW,F-Score (ANOVA),404,wavelet-HH_glszm_GrayLevelVariance,wavelet-HH_glszm_GrayLevelVariance,0.18783038294634571
BW,F-Score (ANOVA),405,wavelet-HL_glszm_LargeAreaEmphasis,wavelet-HL_glszm_LargeAreaEmphasis,0.1877651298303925
BW,F-Score (ANOVA),406,wavelet-HL_glrlm_LongRunLowGrayLevelEmphasis,wavelet-HL_glrlm_LongRunLowGrayLevelEmphasis,0.17179027680298145
BW,F-Score (ANOVA),407,wavelet-HH_glrlm_GrayLevelNonUniformityNormalized,wavelet-HH_glrlm_GrayLevelNonUniformityNormalized,0.1605361598205474
BW,F-Score (ANOVA),408,wavelet-LH_gldm_SmallDependenceLowGrayLevelEmphasis,wavelet-LH_gldm_SmallDependenceLowGrayLevelEmphasis,0.15995485275979981
BW,F-Score (ANOVA),409,wavelet-HL_gldm_DependenceNonUniformity,wavelet-HL_gldm_DependenceNonUniformity,0.15694982163461782
BW,F-Score (ANOVA),410,wavelet-HL_firstorder_TotalEnergy,wavelet-HL_firstorder_TotalEnergy,0.15150578153147873
BW,F-Score (ANOVA),411,wavelet-HL_firstorder_Energy,wavelet-HL_firstorder_Energy,0.15150578153147873
BW,F-Score (ANOVA),412,wavelet-LL_glszm_LargeAreaEmphasis,wavelet-LL_glszm_LargeAreaEmphasis,0.14342071015569346
BW,F-Score (ANOVA),413,wavelet-LL_glszm_ZoneVariance,wavelet-LL_glszm_ZoneVariance,0.1416355506035498
BW,F-Score (ANOVA),414,original_glcm_InverseVariance,original_glcm_InverseVariance,0.13133623476579107
BW,F-Score (ANOVA),415,wavelet-HL_glcm_DifferenceVariance,wavelet-HL_glcm_DifferenceVariance,0.12613992131524276
BW,F-Score (ANOVA),416,wavelet-HL_glrlm_ShortRunHighGrayLevelEmphasis,wavelet-HL_glrlm_ShortRunHighGrayLevelEmphasis,0.12359466826210984
BW,F-Score (ANOVA),417,wavelet-HH_glszm_SizeZoneNonUniformity,wavelet-HH_glszm_SizeZoneNonUniformity,0.11531147105688049
BW,F-Score (ANOVA),418,original_gldm_DependenceNonUniformityNormalized,original_gldm_DependenceNonUniformityNormalized,0.1052030188021648
BW,F-Score (ANOVA),419,wavelet-HL_glrlm_LongRunEmphasis,wavelet-HL_glrlm_LongRunEmphasis,0.10328300424548781
BW,F-Score (ANOVA),420,wavelet-LH_glcm_Imc1,wavelet-LH_glcm_Imc1,0.10275824932723913
BW,F-Score (ANOVA),421,original_glrlm_RunVariance,original_glrlm_RunVariance,0.10267383197948078
BW,F-Score (ANOVA),422,wavelet-LL_glszm_LargeAreaHighGrayLevelEmphasis,wavelet-LL_glszm_LargeAreaHighGrayLevelEmphasis,0.08673710741361064
BW,F-Score (ANOVA),423,original_glrlm_HighGrayLevelRunEmphasis,original_glrlm_HighGrayLevelRunEmphasis,0.08252453346970835
BW,F-Score (ANOVA),424,wavelet-LH_ngtdm_Strength,wavelet-LH_ngtdm_Strength,0.07717159332803308
BW,F-Score (ANOVA),425,wavelet-HL_gldm_GrayLevelVariance,wavelet-HL_gldm_GrayLevelVariance,0.0725398938287561
BW,F-Score (ANOVA),426,wavelet-LH_glrlm_LongRunEmphasis,wavelet-LH_glrlm_LongRunEmphasis,0.06879385549199653
BW,F-Score (ANOVA),427,wavelet-HL_firstorder_Uniformity,wavelet-HL_firstorder_Uniformity,0.06454033474745383
BW,F-Score (ANOVA),428,wavelet-HL_firstorder_Maximum,wavelet-HL_firstorder_Maximum,0.05956690948527033
BW,F-Score (ANOVA),429,wavelet-HL_firstorder_Entropy,wavelet-HL_firstorder_Entropy,0.057128959605328496
BW,F-Score (ANOVA),430,original_glszm_LargeAreaLowGrayLevelEmphasis,original_glszm_LargeAreaLowGrayLevelEmphasis,0.055069291189693524
BW,F-Score (ANOVA),431,wavelet-HH_glszm_GrayLevelNonUniformity,wavelet-HH_glszm_GrayLevelNonUniformity,0.05506674682483236
BW,F-Score (ANOVA),432,original_glrlm_LongRunLowGrayLevelEmphasis,original_glrlm_LongRunLowGrayLevelEmphasis,0.05375716262953659
BW,F-Score (ANOVA),433,wavelet-HH_firstorder_Minimum,wavelet-HH_firstorder_Minimum,0.04871146676396227
BW,F-Score (ANOVA),434,wavelet-HL_ngtdm_Strength,wavelet-HL_ngtdm_Strength,0.04831822328663706
BW,F-Score (ANOVA),435,wavelet-HL_glcm_Autocorrelation,wavelet-HL_glcm_Autocorrelation,0.04810083040828024
BW,F-Score (ANOVA),436,wavelet-HL_gldm_HighGrayLevelEmphasis,wavelet-HL_gldm_HighGrayLevelEmphasis,0.047864075298841374
BW,F-Score (ANOVA),437,wavelet-HL_ngtdm_Complexity,wavelet-HL_ngtdm_Complexity,0.047231887286553365
BW,F-Score (ANOVA),438,wavelet-HL_glrlm_HighGrayLevelRunEmphasis,wavelet-HL_glrlm_HighGrayLevelRunEmphasis,0.0421088108042784
BW,F-Score (ANOVA),439,original_glrlm_LongRunEmphasis,original_glrlm_LongRunEmphasis,0.041246283554603906
BW,F-Score (ANOVA),440,wavelet-HL_glszm_SmallAreaLowGrayLevelEmphasis,wavelet-HL_glszm_SmallAreaLowGrayLevelEmphasis,0.04016565606289324
BW,F-Score (ANOVA),441,wavelet-HH_glszm_SmallAreaEmphasis,wavelet-HH_glszm_SmallAreaEmphasis,0.039078890190713804
BW,F-Score (ANOVA),442,wavelet-HL_gldm_LargeDependenceHighGrayLevelEmphasis,wavelet-HL_gldm_LargeDependenceHighGrayLevelEmphasis,0.03728103994359365
BW,F-Score (ANOVA),443,wavelet-HL_glrlm_LongRunHighGrayLevelEmphasis,wavelet-HL_glrlm_LongRunHighGrayLevelEmphasis,0.03045179882905884
BW,F-Score (ANOVA),444,wavelet-HL_gldm_SmallDependenceHighGrayLevelEmphasis,wavelet-HL_gldm_SmallDependenceHighGrayLevelEmphasis,0.026907846836944378
BW,F-Score (ANOVA),445,wavelet-LH_glszm_SmallAreaHighGrayLevelEmphasis,wavelet-LH_glszm_SmallAreaHighGrayLevelEmphasis,0.022499621347729686
BW,F-Score (ANOVA),446,wavelet-HL_glszm_GrayLevelVariance,wavelet-HL_glszm_GrayLevelVariance,0.022202598340888998
BW,F-Score (ANOVA),447,wavelet-LL_ngtdm_Contrast,wavelet-LL_ngtdm_Contrast,0.019352427971395032
BW,F-Score (ANOVA),448,wavelet-LL_glszm_LargeAreaLowGrayLevelEmphasis,wavelet-LL_glszm_LargeAreaLowGrayLevelEmphasis,0.019141929830536746
BW,F-Score (ANOVA),449,original_glcm_SumSquares,original_glcm_SumSquares,0.013687450072482281
BW,F-Score (ANOVA),450,wavelet-HH_firstorder_Mean,wavelet-HH_firstorder_Mean,0.010280513158353736
BW,F-Score (ANOVA),451,wavelet-LH_glrlm_GrayLevelNonUniformity,wavelet-LH_glrlm_GrayLevelNonUniformity,0.01004832835834828
BW,F-Score (ANOVA),452,wavelet-HL_glszm_SmallAreaHighGrayLevelEmphasis,wavelet-HL_glszm_SmallAreaHighGrayLevelEmphasis,0.00989525132238766
BW,F-Score (ANOVA),453,wavelet-HH_glrlm_LongRunLowGrayLevelEmphasis,wavelet-HH_glrlm_LongRunLowGrayLevelEmphasis,0.009092261089395247
BW,F-Score (ANOVA),454,original_glszm_GrayLevelNonUniformityNormalized,original_glszm_GrayLevelNonUniformityNormalized,0.008639988063938373
BW,F-Score (ANOVA),455,wavelet-LH_glrlm_RunVariance,wavelet-LH_glrlm_RunVariance,0.006561999083792398
BW,F-Score (ANOVA),456,wavelet-HL_glrlm_GrayLevelVariance,wavelet-HL_glrlm_GrayLevelVariance,0.00593094776207059
BW,F-Score (ANOVA),457,wavelet-HL_glcm_ClusterTendency,wavelet-HL_glcm_ClusterTendency,0.005657374381338154
BW,F-Score (ANOVA),458,wavelet-HL_glszm_HighGrayLevelZoneEmphasis,wavelet-HL_glszm_HighGrayLevelZoneEmphasis,0.005484800523083498
BW,F-Score (ANOVA),459,wavelet-LL_glrlm_LongRunLowGrayLevelEmphasis,wavelet-LL_glrlm_LongRunLowGrayLevelEmphasis,0.005331914137725089
BW,F-Score (ANOVA),460,wavelet-LL_glrlm_HighGrayLevelRunEmphasis,wavelet-LL_glrlm_HighGrayLevelRunEmphasis,0.004252030796073354
BW,F-Score (ANOVA),461,wavelet-HL_glcm_SumSquares,wavelet-HL_glcm_SumSquares,0.004247106875059264
BW,F-Score (ANOVA),462,wavelet-HL_glcm_Contrast,wavelet-HL_glcm_Contrast,0.0017652021151345206
BW,F-Score (ANOVA),463,wavelet-LH_glrlm_LongRunLowGrayLevelEmphasis,wavelet-LH_glrlm_LongRunLowGrayLevelEmphasis,0.0006568561630030821
BW,F-Score (ANOVA),464,wavelet-HL_glrlm_GrayLevelNonUniformityNormalized,wavelet-HL_glrlm_GrayLevelNonUniformityNormalized,0.0001437311373100053
BW,F-Score (ANOVA),465,original_gldm_GrayLevelVariance,original_gldm_GrayLevelVariance,8.46932494850114e-05
BW,Mutual Information,1,wavelet-LH_gldm_LargeDependenceEmphasis,wavelet-LH_gldm_LargeDependenceEmphasis,0.21014259966590054
BW,Mutual Information,2,wavelet-LH_glrlm_RunPercentage,wavelet-LH_glrlm_RunPercentage,0.1779246345546246
BW,Mutual Information,3,wavelet-LH_glszm_LargeAreaHighGrayLevelEmphasis,wavelet-LH_glszm_LargeAreaHighGrayLevelEmphasis,0.17095090458249662
BW,Mutual Information,4,wavelet-LH_glcm_Idm,wavelet-LH_glcm_Idm,0.15437511176648555
BW,Mutual Information,5,wavelet-LH_glcm_Id,wavelet-LH_glcm_Id,0.15240917741038507
BW,Mutual Information,6,wavelet-HH_glszm_SmallAreaLowGrayLevelEmphasis,wavelet-HH_glszm_SmallAreaLowGrayLevelEmphasis,0.14906552466060852
BW,Mutual Information,7,wavelet-LH_glrlm_RunLengthNonUniformityNormalized,wavelet-LH_glrlm_RunLengthNonUniformityNormalized,0.14825048918039796
BW,Mutual Information,8,wavelet-HH_glrlm_LongRunLowGrayLevelEmphasis,wavelet-HH_glrlm_LongRunLowGrayLevelEmphasis,0.14738338406910345
BW,Mutual Information,9,wavelet-LL_gldm_DependenceEntropy,wavelet-LL_gldm_DependenceEntropy,0.14535622466689024
BW,Mutual Information,10,wavelet-HH_glrlm_ShortRunLowGrayLevelEmphasis,wavelet-HH_glrlm_ShortRunLowGrayLevelEmphasis,0.13964995124966162
BW,Mutual Information,11,wavelet-LH_glrlm_RunLengthNonUniformity,wavelet-LH_glrlm_RunLengthNonUniformity,0.1388885453894393
BW,Mutual Information,12,wavelet-HH_glcm_Idn,wavelet-HH_glcm_Idn,0.137062194232642
BW,Mutual Information,13,wavelet-HH_glcm_Idmn,wavelet-HH_glcm_Idmn,0.13589521694946138
BW,Mutual Information,14,wavelet-HH_ngtdm_Complexity,wavelet-HH_ngtdm_Complexity,0.1346952990212762
BW,Mutual Information,15,wavelet-LH_glrlm_LongRunEmphasis,wavelet-LH_glrlm_LongRunEmphasis,0.1325392889382393
BW,Mutual Information,16,wavelet-HH_glrlm_RunLengthNonUniformityNormalized,wavelet-HH_glrlm_RunLengthNonUniformityNormalized,0.13092569732932446
BW,Mutual Information,17,wavelet-LH_glcm_DifferenceEntropy,wavelet-LH_glcm_DifferenceEntropy,0.1269070317664005
BW,Mutual Information,18,wavelet-LH_glcm_InverseVariance,wavelet-LH_glcm_InverseVariance,0.12618693115609592
BW,Mutual Information,19,wavelet-HH_ngtdm_Contrast,wavelet-HH_ngtdm_Contrast,0.12603047216976893
BW,Mutual Information,20,wavelet-HH_gldm_LargeDependenceHighGrayLevelEmphasis,wavelet-HH_gldm_LargeDependenceHighGrayLevelEmphasis,0.11942314491716877
BW,Mutual Information,21,wavelet-LH_firstorder_Median,wavelet-LH_firstorder_Median,0.1189636714193405
BW,Mutual Information,22,wavelet-HH_glrlm_LongRunEmphasis,wavelet-HH_glrlm_LongRunEmphasis,0.11728131680555176
BW,Mutual Information,23,wavelet-HL_glrlm_LongRunEmphasis,wavelet-HL_glrlm_LongRunEmphasis,0.11686247881253009
BW,Mutual Information,24,wavelet-LH_firstorder_90Percentile,wavelet-LH_firstorder_90Percentile,0.1167126601481705
BW,Mutual Information,25,wavelet-HH_gldm_DependenceNonUniformity,wavelet-HH_gldm_DependenceNonUniformity,0.11438014783903094
BW,Mutual Information,26,wavelet-HH_gldm_SmallDependenceHighGrayLevelEmphasis,wavelet-HH_gldm_SmallDependenceHighGrayLevelEmphasis,0.1118160363097922
BW,Mutual Information,27,wavelet-LH_glcm_DifferenceAverage,wavelet-LH_glcm_DifferenceAverage,0.11112109015141858
BW,Mutual Information,28,original_glrlm_GrayLevelNonUniformity,original_glrlm_GrayLevelNonUniformity,0.11025434534368261
BW,Mutual Information,29,wavelet-LL_glcm_Contrast,wavelet-LL_glcm_Contrast,0.11015421905922729
BW,Mutual Information,30,original_firstorder_Uniformity,original_firstorder_Uniformity,0.10821013336140184
BW,Mutual Information,31,wavelet-HH_ngtdm_Strength,wavelet-HH_ngtdm_Strength,0.10769105152945624
BW,Mutual Information,32,wavelet-HH_firstorder_RootMeanSquared,wavelet-HH_firstorder_RootMeanSquared,0.10695909979667051
BW,Mutual Information,33,wavelet-LH_glrlm_RunVariance,wavelet-LH_glrlm_RunVariance,0.10647090836144368
BW,Mutual Information,34,wavelet-LH_glszm_SizeZoneNonUniformity,wavelet-LH_glszm_SizeZoneNonUniformity,0.10562521799335656
BW,Mutual Information,35,wavelet-LH_glcm_Contrast,wavelet-LH_glcm_Contrast,0.10514366821396881
BW,Mutual Information,36,original_gldm_GrayLevelNonUniformity,original_gldm_GrayLevelNonUniformity,0.10491628137852071
BW,Mutual Information,37,wavelet-LH_glcm_SumSquares,wavelet-LH_glcm_SumSquares,0.10295441475327793
BW,Mutual Information,38,original_glcm_Idm,original_glcm_Idm,0.10270246920891513
BW,Mutual Information,39,wavelet-HH_firstorder_Variance,wavelet-HH_firstorder_Variance,0.10157799136078682
BW,Mutual Information,40,original_glszm_SizeZoneNonUniformityNormalized,original_glszm_SizeZoneNonUniformityNormalized,0.10084245488273003
BW,Mutual Information,41,wavelet-HL_glrlm_ShortRunEmphasis,wavelet-HL_glrlm_ShortRunEmphasis,0.09910026325707855
BW,Mutual Information,42,original_glrlm_RunLengthNonUniformity,original_glrlm_RunLengthNonUniformity,0.09826000459152473
BW,Mutual Information,43,wavelet-HL_glcm_Imc1,wavelet-HL_glcm_Imc1,0.09777275853907574
BW,Mutual Information,44,wavelet-LH_ngtdm_Contrast,wavelet-LH_ngtdm_Contrast,0.09686957585292633
BW,Mutual Information,45,wavelet-HH_ngtdm_Busyness,wavelet-HH_ngtdm_Busyness,0.0968298416440001
BW,Mutual Information,46,original_glrlm_RunLengthNonUniformityNormalized,original_glrlm_RunLengthNonUniformityNormalized,0.09644677237638577
BW,Mutual Information,47,wavelet-HH_gldm_DependenceNonUniformityNormalized,wavelet-HH_gldm_DependenceNonUniformityNormalized,0.09585924375963373
BW,Mutual Information,48,wavelet-HL_firstorder_90Percentile,wavelet-HL_firstorder_90Percentile,0.0954336168386527
BW,Mutual Information,49,wavelet-HH_glcm_Imc2,wavelet-HH_glcm_Imc2,0.09408711956862259
BW,Mutual Information,50,wavelet-HL_glcm_MaximumProbability,wavelet-HL_glcm_MaximumProbability,0.09267833754008525
BW,Mutual Information,51,wavelet-LH_firstorder_Entropy,wavelet-LH_firstorder_Entropy,0.09200236965793085
BW,Mutual Information,52,wavelet-LL_firstorder_Kurtosis,wavelet-LL_firstorder_Kurtosis,0.09146181508052043
BW,Mutual Information,53,wavelet-HL_ngtdm_Coarseness,wavelet-HL_ngtdm_Coarseness,0.09016574168766334
BW,Mutual Information,54,wavelet-LL_firstorder_Median,wavelet-LL_firstorder_Median,0.0901510407943451
BW,Mutual Information,55,wavelet-LL_glcm_Imc2,wavelet-LL_glcm_Imc2,0.08964074649231724
BW,Mutual Information,56,wavelet-HH_glszm_LowGrayLevelZoneEmphasis,wavelet-HH_glszm_LowGrayLevelZoneEmphasis,0.0895923974913777
BW,Mutual Information,57,wavelet-LH_gldm_LargeDependenceLowGrayLevelEmphasis,wavelet-LH_gldm_LargeDependenceLowGrayLevelEmphasis,0.08925603903586188
BW,Mutual Information,58,wavelet-HH_firstorder_Range,wavelet-HH_firstorder_Range,0.08915137786100802
BW,Mutual Information,59,wavelet-LL_glcm_DifferenceVariance,wavelet-LL_glcm_DifferenceVariance,0.08869905107101994
BW,Mutual Information,60,wavelet-HH_gldm_DependenceEntropy,wavelet-HH_gldm_DependenceEntropy,0.08848477056918758
BW,Mutual Information,61,original_ngtdm_Complexity,original_ngtdm_Complexity,0.08816613170492604
BW,Mutual Information,62,wavelet-LH_glcm_JointEntropy,wavelet-LH_glcm_JointEntropy,0.08816168531258373
BW,Mutual Information,63,original_glcm_Imc1,original_glcm_Imc1,0.08762319588769474
BW,Mutual Information,64,wavelet-HH_firstorder_Uniformity,wavelet-HH_firstorder_Uniformity,0.08701717551612975
BW,Mutual Information,65,wavelet-LH_glszm_GrayLevelNonUniformityNormalized,wavelet-LH_glszm_GrayLevelNonUniformityNormalized,0.08687527755038915
BW,Mutual Information,66,wavelet-LH_glcm_MaximumProbability,wavelet-LH_glcm_MaximumProbability,0.08628672006396099
BW,Mutual Information,67,original_gldm_LowGrayLevelEmphasis,original_gldm_LowGrayLevelEmphasis,0.08586631070578998
BW,Mutual Information,68,original_gldm_DependenceNonUniformityNormalized,original_gldm_DependenceNonUniformityNormalized,0.08586119239932932
BW,Mutual Information,69,original_glszm_LargeAreaLowGrayLevelEmphasis,original_glszm_LargeAreaLowGrayLevelEmphasis,0.08562378761536293
BW,Mutual Information,70,original_gldm_SmallDependenceEmphasis,original_gldm_SmallDependenceEmphasis,0.08519288424324589
BW,Mutual Information,71,wavelet-HH_firstorder_Energy,wavelet-HH_firstorder_Energy,0.0851014642035306
BW,Mutual Information,72,wavelet-HH_firstorder_TotalEnergy,wavelet-HH_firstorder_TotalEnergy,0.0851014642035306
BW,Mutual Information,73,wavelet-LH_firstorder_Variance,wavelet-LH_firstorder_Variance,0.08476839243077716
BW,Mutual Information,74,wavelet-LH_glszm_LargeAreaEmphasis,wavelet-LH_glszm_LargeAreaEmphasis,0.08440538733919722
BW,Mutual Information,75,wavelet-HH_gldm_GrayLevelNonUniformity,wavelet-HH_gldm_GrayLevelNonUniformity,0.08413927937980614
BW,Mutual Information,76,wavelet-HH_firstorder_10Percentile,wavelet-HH_firstorder_10Percentile,0.08397839251027928
BW,Mutual Information,77,wavelet-LL_glszm_ZoneEntropy,wavelet-LL_glszm_ZoneEntropy,0.08353870608077174
BW,Mutual Information,78,wavelet-LH_glszm_ZoneVariance,wavelet-LH_glszm_ZoneVariance,0.08338802922914246
BW,Mutual Information,79,wavelet-LL_glrlm_LongRunEmphasis,wavelet-LL_glrlm_LongRunEmphasis,0.0832995130017189
BW,Mutual Information,80,wavelet-HH_glrlm_RunVariance,wavelet-HH_glrlm_RunVariance,0.08227189865631868
BW,Mutual Information,81,wavelet-LH_glcm_ClusterTendency,wavelet-LH_glcm_ClusterTendency,0.08209633891174284
BW,Mutual Information,82,wavelet-LH_firstorder_RootMeanSquared,wavelet-LH_firstorder_RootMeanSquared,0.08140594872399132
BW,Mutual Information,83,wavelet-HH_glrlm_ShortRunHighGrayLevelEmphasis,wavelet-HH_glrlm_ShortRunHighGrayLevelEmphasis,0.0813795824715644
BW,Mutual Information,84,wavelet-LH_firstorder_RobustMeanAbsoluteDeviation,wavelet-LH_firstorder_RobustMeanAbsoluteDeviation,0.08099060318211238
BW,Mutual Information,85,original_gldm_DependenceNonUniformity,original_gldm_DependenceNonUniformity,0.08094109080783563
BW,Mutual Information,86,wavelet-HL_glrlm_ShortRunHighGrayLevelEmphasis,wavelet-HL_glrlm_ShortRunHighGrayLevelEmphasis,0.08085217026295277
BW,Mutual Information,87,wavelet-HH_gldm_GrayLevelVariance,wavelet-HH_gldm_GrayLevelVariance,0.08075248457720963
BW,Mutual Information,88,original_glcm_Idn,original_glcm_Idn,0.08017738927174745
BW,Mutual Information,89,wavelet-HL_firstorder_Median,wavelet-HL_firstorder_Median,0.07961225653456228
BW,Mutual Information,90,wavelet-LL_gldm_HighGrayLevelEmphasis,wavelet-LL_gldm_HighGrayLevelEmphasis,0.07950061598261438
BW,Mutual Information,91,original_firstorder_Median,original_firstorder_Median,0.07928101653205366
BW,Mutual Information,92,wavelet-LL_glcm_DifferenceEntropy,wavelet-LL_glcm_DifferenceEntropy,0.07776159929856985
BW,Mutual Information,93,wavelet-HH_glszm_GrayLevelNonUniformityNormalized,wavelet-HH_glszm_GrayLevelNonUniformityNormalized,0.07767241346694909
BW,Mutual Information,94,wavelet-LL_glcm_InverseVariance,wavelet-LL_glcm_InverseVariance,0.0774803863520459
BW,Mutual Information,95,wavelet-LL_gldm_GrayLevelNonUniformity,wavelet-LL_gldm_GrayLevelNonUniformity,0.07742205717320294
BW,Mutual Information,96,wavelet-LH_firstorder_Energy,wavelet-LH_firstorder_Energy,0.0772982073870625
BW,Mutual Information,97,wavelet-LH_firstorder_TotalEnergy,wavelet-LH_firstorder_TotalEnergy,0.0772982073870625
BW,Mutual Information,98,wavelet-LH_glcm_SumEntropy,wavelet-LH_glcm_SumEntropy,0.07681716746283374
BW,Mutual Information,99,wavelet-LH_gldm_DependenceEntropy,wavelet-LH_gldm_DependenceEntropy,0.07647569353360972
BW,Mutual Information,100,wavelet-HL_glcm_JointEnergy,wavelet-HL_glcm_JointEnergy,0.07555316291305103
BW,Mutual Information,101,wavelet-HL_glrlm_RunEntropy,wavelet-HL_glrlm_RunEntropy,0.07442690978588007
BW,Mutual Information,102,wavelet-LL_firstorder_Variance,wavelet-LL_firstorder_Variance,0.07407425279674618
BW,Mutual Information,103,wavelet-LH_glcm_JointEnergy,wavelet-LH_glcm_JointEnergy,0.0735204522141617
BW,Mutual Information,104,original_firstorder_Maximum,original_firstorder_Maximum,0.07193106528083182
BW,Mutual Information,105,wavelet-LH_glszm_GrayLevelNonUniformity,wavelet-LH_glszm_GrayLevelNonUniformity,0.0717956510297435
BW,Mutual Information,106,wavelet-LL_firstorder_Range,wavelet-LL_firstorder_Range,0.07154710284708421
BW,Mutual Information,107,original_glcm_DifferenceVariance,original_glcm_DifferenceVariance,0.07128141476781513
BW,Mutual Information,108,wavelet-LH_gldm_DependenceVariance,wavelet-LH_gldm_DependenceVariance,0.07068978529306014
BW,Mutual Information,109,wavelet-LH_gldm_HighGrayLevelEmphasis,wavelet-LH_gldm_HighGrayLevelEmphasis,0.07068251344995047
BW,Mutual Information,110,wavelet-HH_firstorder_Entropy,wavelet-HH_firstorder_Entropy,0.07011734191281338
BW,Mutual Information,111,original_glszm_GrayLevelNonUniformity,original_glszm_GrayLevelNonUniformity,0.06969819848478886
BW,Mutual Information,112,original_glszm_SizeZoneNonUniformity,original_glszm_SizeZoneNonUniformity,0.06952368953302268
BW,Mutual Information,113,wavelet-HH_firstorder_90Percentile,wavelet-HH_firstorder_90Percentile,0.0694438460814748
BW,Mutual Information,114,wavelet-LL_glszm_SizeZoneNonUniformityNormalized,wavelet-LL_glszm_SizeZoneNonUniformityNormalized,0.06900692830398358
BW,Mutual Information,115,wavelet-LH_glszm_LargeAreaLowGrayLevelEmphasis,wavelet-LH_glszm_LargeAreaLowGrayLevelEmphasis,0.06748781499500933
BW,Mutual Information,116,wavelet-HH_glcm_DifferenceEntropy,wavelet-HH_glcm_DifferenceEntropy,0.06713508769077414
BW,Mutual Information,117,wavelet-HH_glrlm_RunEntropy,wavelet-HH_glrlm_RunEntropy,0.06633028136828178
BW,Mutual Information,118,wavelet-LH_firstorder_Skewness,wavelet-LH_firstorder_Skewness,0.06604080499342091
BW,Mutual Information,119,wavelet-LH_gldm_GrayLevelVariance,wavelet-LH_gldm_GrayLevelVariance,0.06602828359565982
BW,Mutual Information,120,wavelet-LH_ngtdm_Coarseness,wavelet-LH_ngtdm_Coarseness,0.06580524424302969
BW,Mutual Information,121,wavelet-LH_glcm_Idn,wavelet-LH_glcm_Idn,0.06578259173880019
BW,Mutual Information,122,original_glrlm_RunEntropy,original_glrlm_RunEntropy,0.06485669010619821
BW,Mutual Information,123,wavelet-HL_gldm_GrayLevelVariance,wavelet-HL_gldm_GrayLevelVariance,0.06477393899139705
BW,Mutual Information,124,original_glszm_ZoneVariance,original_glszm_ZoneVariance,0.06448935081024554
BW,Mutual Information,125,wavelet-LL_firstorder_Skewness,wavelet-LL_firstorder_Skewness,0.06420660951184454
BW,Mutual Information,126,wavelet-LL_firstorder_10Percentile,wavelet-LL_firstorder_10Percentile,0.06413620114582397
BW,Mutual Information,127,wavelet-HH_firstorder_Skewness,wavelet-HH_firstorder_Skewness,0.0640494099841813
BW,Mutual Information,128,wavelet-LL_firstorder_Uniformity,wavelet-LL_firstorder_Uniformity,0.06380211041644279
BW,Mutual Information,129,wavelet-LL_ngtdm_Contrast,wavelet-LL_ngtdm_Contrast,0.06369946381984204
BW,Mutual Information,130,original_glcm_MaximumProbability,original_glcm_MaximumProbability,0.06352412992185896
BW,Mutual Information,131,original_glcm_ClusterProminence,original_glcm_ClusterProminence,0.06350092640933869
BW,Mutual Information,132,wavelet-HL_gldm_DependenceVariance,wavelet-HL_gldm_DependenceVariance,0.0633461192423177
BW,Mutual Information,133,wavelet-LH_firstorder_InterquartileRange,wavelet-LH_firstorder_InterquartileRange,0.06328854623522107
BW,Mutual Information,134,wavelet-LL_ngtdm_Coarseness,wavelet-LL_ngtdm_Coarseness,0.06311686024564311
BW,Mutual Information,135,wavelet-HL_firstorder_Mean,wavelet-HL_firstorder_Mean,0.06224110598429733
BW,Mutual Information,136,wavelet-LL_firstorder_Energy,wavelet-LL_firstorder_Energy,0.06202430212319987
BW,Mutual Information,137,wavelet-LL_firstorder_TotalEnergy,wavelet-LL_firstorder_TotalEnergy,0.06202430212319987
BW,Mutual Information,138,original_glszm_SmallAreaHighGrayLevelEmphasis,original_glszm_SmallAreaHighGrayLevelEmphasis,0.06170244857100937
BW,Mutual Information,139,wavelet-HH_glcm_MaximumProbability,wavelet-HH_glcm_MaximumProbability,0.06160539570388468
BW,Mutual Information,140,wavelet-LL_firstorder_RootMeanSquared,wavelet-LL_firstorder_RootMeanSquared,0.061286665851855826
BW,Mutual Information,141,wavelet-HH_glcm_ClusterProminence,wavelet-HH_glcm_ClusterProminence,0.06125940957744347
BW,Mutual Information,142,wavelet-HL_glcm_Id,wavelet-HL_glcm_Id,0.06038753313814604
BW,Mutual Information,143,wavelet-HH_glszm_GrayLevelVariance,wavelet-HH_glszm_GrayLevelVariance,0.05996953003029559
BW,Mutual Information,144,wavelet-HH_gldm_SmallDependenceLowGrayLevelEmphasis,wavelet-HH_gldm_SmallDependenceLowGrayLevelEmphasis,0.05931411792450558
BW,Mutual Information,145,wavelet-HH_glcm_ClusterTendency,wavelet-HH_glcm_ClusterTendency,0.058848637609087096
BW,Mutual Information,146,wavelet-LH_firstorder_Maximum,wavelet-LH_firstorder_Maximum,0.058181120349671156
BW,Mutual Information,147,wavelet-LL_gldm_DependenceVariance,wavelet-LL_gldm_DependenceVariance,0.0579645026105291
BW,Mutual Information,148,wavelet-HH_glcm_MCC,wavelet-HH_glcm_MCC,0.05758525140271309
BW,Mutual Information,149,wavelet-HL_glrlm_ShortRunLowGrayLevelEmphasis,wavelet-HL_glrlm_ShortRunLowGrayLevelEmphasis,0.05680202467121176
BW,Mutual Information,150,wavelet-HL_glrlm_RunVariance,wavelet-HL_glrlm_RunVariance,0.05655396728585771
BW,Mutual Information,151,original_glszm_ZonePercentage,original_glszm_ZonePercentage,0.0565506258711459
BW,Mutual Information,152,original_glcm_Idmn,original_glcm_Idmn,0.05643233579359119
BW,Mutual Information,153,wavelet-HH_glszm_LargeAreaHighGrayLevelEmphasis,wavelet-HH_glszm_LargeAreaHighGrayLevelEmphasis,0.05628238430937005
BW,Mutual Information,154,wavelet-LL_glcm_Idn,wavelet-LL_glcm_Idn,0.055391506449421035
BW,Mutual Information,155,wavelet-HH_glcm_DifferenceVariance,wavelet-HH_glcm_DifferenceVariance,0.055323485085262414
BW,Mutual Information,156,wavelet-HL_firstorder_MeanAbsoluteDeviation,wavelet-HL_firstorder_MeanAbsoluteDeviation,0.05524904481092996
BW,Mutual Information,157,wavelet-LL_glszm_HighGrayLevelZoneEmphasis,wavelet-LL_glszm_HighGrayLevelZoneEmphasis,0.05509638176245102
BW,Mutual Information,158,wavelet-HL_glszm_LargeAreaEmphasis,wavelet-HL_glszm_LargeAreaEmphasis,0.054896904662028456
BW,Mutual Information,159,wavelet-LH_firstorder_MeanAbsoluteDeviation,wavelet-LH_firstorder_MeanAbsoluteDeviation,0.05466130902096333
BW,Mutual Information,160,original_firstorder_Minimum,original_firstorder_Minimum,0.054570925866992415
BW,Mutual Information,161,wavelet-HL_glcm_Autocorrelation,wavelet-HL_glcm_Autocorrelation,0.05456165663180346
BW,Mutual Information,162,wavelet-HL_glcm_Contrast,wavelet-HL_glcm_Contrast,0.05435893462706942
BW,Mutual Information,163,wavelet-LH_glszm_ZonePercentage,wavelet-LH_glszm_ZonePercentage,0.05345206405293901
BW,Mutual Information,164,wavelet-LL_firstorder_Entropy,wavelet-LL_firstorder_Entropy,0.05325058394221327
BW,Mutual Information,165,wavelet-LH_glszm_GrayLevelVariance,wavelet-LH_glszm_GrayLevelVariance,0.05288667438063466
BW,Mutual Information,166,wavelet-HL_glszm_ZoneVariance,wavelet-HL_glszm_ZoneVariance,0.05285258506152912
BW,Mutual Information,167,wavelet-HL_glcm_DifferenceVariance,wavelet-HL_glcm_DifferenceVariance,0.0528207358304158
BW,Mutual Information,168,wavelet-LL_firstorder_Maximum,wavelet-LL_firstorder_Maximum,0.05277076172487427
BW,Mutual Information,169,wavelet-LL_glcm_Imc1,wavelet-LL_glcm_Imc1,0.052648587210997855
BW,Mutual Information,170,original_gldm_LargeDependenceHighGrayLevelEmphasis,original_gldm_LargeDependenceHighGrayLevelEmphasis,0.052353928910893854
BW,Mutual Information,171,wavelet-LL_glcm_JointAverage,wavelet-LL_glcm_JointAverage,0.05234753416783278
BW,Mutual Information,172,wavelet-LL_glcm_SumAverage,wavelet-LL_glcm_SumAverage,0.05234753416783278
BW,Mutual Information,173,wavelet-LH_gldm_GrayLevelNonUniformity,wavelet-LH_gldm_GrayLevelNonUniformity,0.05212507509889308
BW,Mutual Information,174,wavelet-HH_glrlm_LongRunHighGrayLevelEmphasis,wavelet-HH_glrlm_LongRunHighGrayLevelEmphasis,0.05207017009109416
BW,Mutual Information,175,wavelet-HH_glrlm_HighGrayLevelRunEmphasis,wavelet-HH_glrlm_HighGrayLevelRunEmphasis,0.05180976521261638
BW,Mutual Information,176,wavelet-HH_gldm_LargeDependenceLowGrayLevelEmphasis,wavelet-HH_gldm_LargeDependenceLowGrayLevelEmphasis,0.05164114861528968
BW,Mutual Information,177,original_glrlm_ShortRunHighGrayLevelEmphasis,original_glrlm_ShortRunHighGrayLevelEmphasis,0.05143426072190005
BW,Mutual Information,178,original_glszm_LargeAreaEmphasis,original_glszm_LargeAreaEmphasis,0.0513726194029096
BW,Mutual Information,179,wavelet-HH_firstorder_MeanAbsoluteDeviation,wavelet-HH_firstorder_MeanAbsoluteDeviation,0.05104249169512176
BW,Mutual Information,180,wavelet-LH_glcm_ClusterProminence,wavelet-LH_glcm_ClusterProminence,0.05096208324125184
BW,Mutual Information,181,wavelet-LH_gldm_LowGrayLevelEmphasis,wavelet-LH_gldm_LowGrayLevelEmphasis,0.050927916254881245
BW,Mutual Information,182,wavelet-LH_firstorder_Minimum,wavelet-LH_firstorder_Minimum,0.050746698640540266
BW,Mutual Information,183,wavelet-HH_glcm_JointEntropy,wavelet-HH_glcm_JointEntropy,0.050693307010853506
BW,Mutual Information,184,wavelet-HH_glcm_JointEnergy,wavelet-HH_glcm_JointEnergy,0.05056937384308302
BW,Mutual Information,185,wavelet-LL_gldm_LargeDependenceLowGrayLevelEmphasis,wavelet-LL_gldm_LargeDependenceLowGrayLevelEmphasis,0.05032510146667302
BW,Mutual Information,186,wavelet-HH_glcm_Autocorrelation,wavelet-HH_glcm_Autocorrelation,0.050163082670912074
BW,Mutual Information,187,original_glrlm_ShortRunEmphasis,original_glrlm_ShortRunEmphasis,0.04934614667124282
BW,Mutual Information,188,original_glcm_Contrast,original_glcm_Contrast,0.04883824942164905
BW,Mutual Information,189,original_firstorder_Entropy,original_firstorder_Entropy,0.04874844937941192
BW,Mutual Information,190,wavelet-HL_glszm_SizeZoneNonUniformity,wavelet-HL_glszm_SizeZoneNonUniformity,0.04848446658237293
BW,Mutual Information,191,wavelet-LH_glrlm_GrayLevelVariance,wavelet-LH_glrlm_GrayLevelVariance,0.0479165577722227
BW,Mutual Information,192,wavelet-HL_gldm_GrayLevelNonUniformity,wavelet-HL_gldm_GrayLevelNonUniformity,0.04784826509934392
BW,Mutual Information,193,wavelet-HH_glrlm_GrayLevelVariance,wavelet-HH_glrlm_GrayLevelVariance,0.04783674157736928
BW,Mutual Information,194,wavelet-LL_gldm_SmallDependenceEmphasis,wavelet-LL_gldm_SmallDependenceEmphasis,0.04694310246330691
BW,Mutual Information,195,wavelet-HL_glcm_DifferenceAverage,wavelet-HL_glcm_DifferenceAverage,0.04686217900077594
BW,Mutual Information,196,original_firstorder_Skewness,original_firstorder_Skewness,0.04681402192597606
BW,Mutual Information,197,wavelet-LL_gldm_DependenceNonUniformity,wavelet-LL_gldm_DependenceNonUniformity,0.046701407029069886
BW,Mutual Information,198,wavelet-HL_firstorder_10Percentile,wavelet-HL_firstorder_10Percentile,0.046540917412202454
BW,Mutual Information,199,wavelet-HL_glcm_JointAverage,wavelet-HL_glcm_JointAverage,0.0464538054746777
BW,Mutual Information,200,wavelet-HL_glcm_SumAverage,wavelet-HL_glcm_SumAverage,0.0464538054746777
BW,Mutual Information,201,original_glcm_Imc2,original_glcm_Imc2,0.046118218341824946
BW,Mutual Information,202,wavelet-HL_glrlm_RunLengthNonUniformityNormalized,wavelet-HL_glrlm_RunLengthNonUniformityNormalized,0.04602775917767277
BW,Mutual Information,203,original_glszm_LowGrayLevelZoneEmphasis,original_glszm_LowGrayLevelZoneEmphasis,0.045948359140535855
BW,Mutual Information,204,wavelet-LH_glcm_Autocorrelation,wavelet-LH_glcm_Autocorrelation,0.045729240178809416
BW,Mutual Information,205,original_glrlm_ShortRunLowGrayLevelEmphasis,original_glrlm_ShortRunLowGrayLevelEmphasis,0.04533472930342208
BW,Mutual Information,206,wavelet-HL_glszm_HighGrayLevelZoneEmphasis,wavelet-HL_glszm_HighGrayLevelZoneEmphasis,0.045189869080988654
BW,Mutual Information,207,wavelet-HH_firstorder_RobustMeanAbsoluteDeviation,wavelet-HH_firstorder_RobustMeanAbsoluteDeviation,0.04514214059329813
BW,Mutual Information,208,wavelet-LL_glcm_DifferenceAverage,wavelet-LL_glcm_DifferenceAverage,0.045025582069083914
BW,Mutual Information,209,original_glszm_LargeAreaHighGrayLevelEmphasis,original_glszm_LargeAreaHighGrayLevelEmphasis,0.0443782907239656
BW,Mutual Information,210,original_glcm_SumSquares,original_glcm_SumSquares,0.04418304762860048
BW,Mutual Information,211,wavelet-HH_gldm_HighGrayLevelEmphasis,wavelet-HH_gldm_HighGrayLevelEmphasis,0.0438261165628151
BW,Mutual Information,212,wavelet-HH_firstorder_Kurtosis,wavelet-HH_firstorder_Kurtosis,0.04346005042311707
BW,Mutual Information,213,original_gldm_HighGrayLevelEmphasis,original_gldm_HighGrayLevelEmphasis,0.04331550073511914
BW,Mutual Information,214,original_gldm_DependenceEntropy,original_gldm_DependenceEntropy,0.04285283248477234
BW,Mutual Information,215,wavelet-LH_glrlm_ShortRunEmphasis,wavelet-LH_glrlm_ShortRunEmphasis,0.04282746185342923
BW,Mutual Information,216,original_glcm_ClusterShade,original_glcm_ClusterShade,0.04274097440117686
BW,Mutual Information,217,wavelet-LH_glrlm_ShortRunLowGrayLevelEmphasis,wavelet-LH_glrlm_ShortRunLowGrayLevelEmphasis,0.0422582379751133
BW,Mutual Information,218,original_glszm_ZoneEntropy,original_glszm_ZoneEntropy,0.042079582374605407
BW,Mutual Information,219,original_firstorder_Kurtosis,original_firstorder_Kurtosis,0.04174352421323824
BW,Mutual Information,220,wavelet-HH_gldm_DependenceVariance,wavelet-HH_gldm_DependenceVariance,0.0413462184192841
BW,Mutual Information,221,wavelet-HL_glcm_DifferenceEntropy,wavelet-HL_glcm_DifferenceEntropy,0.04127891901887892
BW,Mutual Information,222,original_glrlm_RunPercentage,original_glrlm_RunPercentage,0.04068687658959913
BW,Mutual Information,223,wavelet-HL_glcm_ClusterTendency,wavelet-HL_glcm_ClusterTendency,0.04062818436868154
BW,Mutual Information,224,original_glcm_ClusterTendency,original_glcm_ClusterTendency,0.040547340214192706
BW,Mutual Information,225,wavelet-HL_glcm_Idm,wavelet-HL_glcm_Idm,0.04037228119081937
BW,Mutual Information,226,wavelet-HL_firstorder_Uniformity,wavelet-HL_firstorder_Uniformity,0.04031435861880839
BW,Mutual Information,227,wavelet-LL_glrlm_RunPercentage,wavelet-LL_glrlm_RunPercentage,0.04009198081224774
BW,Mutual Information,228,wavelet-LH_gldm_SmallDependenceEmphasis,wavelet-LH_gldm_SmallDependenceEmphasis,0.039861664061312085
BW,Mutual Information,229,wavelet-HH_glszm_SmallAreaHighGrayLevelEmphasis,wavelet-HH_glszm_SmallAreaHighGrayLevelEmphasis,0.03976072328793889
BW,Mutual Information,230,original_glszm_SmallAreaEmphasis,original_glszm_SmallAreaEmphasis,0.03912231472265204
BW,Mutual Information,231,wavelet-LH_glszm_ZoneEntropy,wavelet-LH_glszm_ZoneEntropy,0.03881710196264043
BW,Mutual Information,232,wavelet-HH_gldm_LargeDependenceEmphasis,wavelet-HH_gldm_LargeDependenceEmphasis,0.0387735127995652
BW,Mutual Information,233,wavelet-HL_glrlm_GrayLevelNonUniformity,wavelet-HL_glrlm_GrayLevelNonUniformity,0.03853789220807946
BW,Mutual Information,234,wavelet-LL_glrlm_GrayLevelNonUniformityNormalized,wavelet-LL_glrlm_GrayLevelNonUniformityNormalized,0.03843952844015486
BW,Mutual Information,235,wavelet-LH_glrlm_HighGrayLevelRunEmphasis,wavelet-LH_glrlm_HighGrayLevelRunEmphasis,0.03811618547301432
BW,Mutual Information,236,wavelet-HL_ngtdm_Contrast,wavelet-HL_ngtdm_Contrast,0.03790714620424729
BW,Mutual Information,237,wavelet-LH_firstorder_Kurtosis,wavelet-LH_firstorder_Kurtosis,0.037456533094658795
BW,Mutual Information,238,wavelet-HL_firstorder_RobustMeanAbsoluteDeviation,wavelet-HL_firstorder_RobustMeanAbsoluteDeviation,0.0374501234452469
BW,Mutual Information,239,original_gldm_DependenceVariance,original_gldm_DependenceVariance,0.03732245838767789
BW,Mutual Information,240,original_ngtdm_Coarseness,original_ngtdm_Coarseness,0.03715669213378381
BW,Mutual Information,241,wavelet-LH_firstorder_10Percentile,wavelet-LH_firstorder_10Percentile,0.03702547903162512
BW,Mutual Information,242,wavelet-HL_glcm_JointEntropy,wavelet-HL_glcm_JointEntropy,0.036622433971870594
BW,Mutual Information,243,wavelet-LH_glcm_MCC,wavelet-LH_glcm_MCC,0.036486512426211704
BW,Mutual Information,244,wavelet-LH_glszm_SmallAreaEmphasis,wavelet-LH_glszm_SmallAreaEmphasis,0.03616267863586953
BW,Mutual Information,245,wavelet-LL_gldm_SmallDependenceLowGrayLevelEmphasis,wavelet-LL_gldm_SmallDependenceLowGrayLevelEmphasis,0.03611988614573658
BW,Mutual Information,246,wavelet-HH_glszm_HighGrayLevelZoneEmphasis,wavelet-HH_glszm_HighGrayLevelZoneEmphasis,0.03610375415666156
BW,Mutual Information,247,wavelet-HH_glcm_SumSquares,wavelet-HH_glcm_SumSquares,0.036062923234432276
BW,Mutual Information,248,wavelet-LL_gldm_DependenceNonUniformityNormalized,wavelet-LL_gldm_DependenceNonUniformityNormalized,0.035437747137812003
BW,Mutual Information,249,wavelet-LH_firstorder_Uniformity,wavelet-LH_firstorder_Uniformity,0.03537292119786262
BW,Mutual Information,250,wavelet-LH_gldm_SmallDependenceHighGrayLevelEmphasis,wavelet-LH_gldm_SmallDependenceHighGrayLevelEmphasis,0.03512618292175307
BW,Mutual Information,251,wavelet-LL_ngtdm_Complexity,wavelet-LL_ngtdm_Complexity,0.0349915243944523
BW,Mutual Information,252,wavelet-LL_glcm_Idmn,wavelet-LL_glcm_Idmn,0.03489416325949235
BW,Mutual Information,253,wavelet-HL_glrlm_GrayLevelNonUniformityNormalized,wavelet-HL_glrlm_GrayLevelNonUniformityNormalized,0.0346926628987978
BW,Mutual Information,254,wavelet-HL_glcm_SumSquares,wavelet-HL_glcm_SumSquares,0.03384941169376954
BW,Mutual Information,255,wavelet-HL_gldm_LargeDependenceEmphasis,wavelet-HL_gldm_LargeDependenceEmphasis,0.03372010387192037
BW,Mutual Information,256,original_firstorder_10Percentile,original_firstorder_10Percentile,0.03333338191427204
BW,Mutual Information,257,wavelet-LL_glszm_ZoneVariance,wavelet-LL_glszm_ZoneVariance,0.03278621581720209
BW,Mutual Information,258,wavelet-LH_glcm_JointAverage,wavelet-LH_glcm_JointAverage,0.032625967563892244
BW,Mutual Information,259,wavelet-LH_glcm_SumAverage,wavelet-LH_glcm_SumAverage,0.032625967563892244
BW,Mutual Information,260,wavelet-HH_glrlm_GrayLevelNonUniformityNormalized,wavelet-HH_glrlm_GrayLevelNonUniformityNormalized,0.03193300267114485
BW,Mutual Information,261,wavelet-LL_glcm_MCC,wavelet-LL_glcm_MCC,0.03183459122841925
BW,Mutual Information,262,wavelet-LL_glcm_ClusterProminence,wavelet-LL_glcm_ClusterProminence,0.031528511712815455
BW,Mutual Information,263,wavelet-LL_firstorder_InterquartileRange,wavelet-LL_firstorder_InterquartileRange,0.03137383752941081
BW,Mutual Information,264,wavelet-HL_glrlm_RunLengthNonUniformity,wavelet-HL_glrlm_RunLengthNonUniformity,0.03079157952485656
BW,Mutual Information,265,original_glcm_JointEnergy,original_glcm_JointEnergy,0.030562256398354748
BW,Mutual Information,266,original_glcm_Id,original_glcm_Id,0.03030287701161538
BW,Mutual Information,267,wavelet-LL_glrlm_RunVariance,wavelet-LL_glrlm_RunVariance,0.029667100977865957
BW,Mutual Information,268,wavelet-LH_glcm_ClusterShade,wavelet-LH_glcm_ClusterShade,0.029343133995941795
BW,Mutual Information,269,wavelet-HL_firstorder_InterquartileRange,wavelet-HL_firstorder_InterquartileRange,0.02901158352394173
BW,Mutual Information,270,wavelet-LL_glrlm_ShortRunEmphasis,wavelet-LL_glrlm_ShortRunEmphasis,0.028901786546777775
BW,Mutual Information,271,original_firstorder_MeanAbsoluteDeviation,original_firstorder_MeanAbsoluteDeviation,0.028645261486228035
BW,Mutual Information,272,wavelet-HH_firstorder_Maximum,wavelet-HH_firstorder_Maximum,0.028641230706989873
BW,Mutual Information,273,original_glcm_SumEntropy,original_glcm_SumEntropy,0.02860030106675393
BW,Mutual Information,274,wavelet-LH_glszm_SmallAreaLowGrayLevelEmphasis,wavelet-LH_glszm_SmallAreaLowGrayLevelEmphasis,0.028341704188857397
BW,Mutual Information,275,wavelet-HL_glszm_GrayLevelNonUniformityNormalized,wavelet-HL_glszm_GrayLevelNonUniformityNormalized,0.02830876901490398
BW,Mutual Information,276,wavelet-HL_gldm_DependenceNonUniformityNormalized,wavelet-HL_gldm_DependenceNonUniformityNormalized,0.028300466521387513
BW,Mutual Information,277,original_glszm_SmallAreaLowGrayLevelEmphasis,original_glszm_SmallAreaLowGrayLevelEmphasis,0.02826332935276743
BW,Mutual Information,278,wavelet-LH_glrlm_GrayLevelNonUniformityNormalized,wavelet-LH_glrlm_GrayLevelNonUniformityNormalized,0.028023252044914848
BW,Mutual Information,279,original_firstorder_RobustMeanAbsoluteDeviation,original_firstorder_RobustMeanAbsoluteDeviation,0.027993910743997708
BW,Mutual Information,280,wavelet-HL_gldm_DependenceNonUniformity,wavelet-HL_gldm_DependenceNonUniformity,0.027743794637055563
BW,Mutual Information,281,wavelet-LL_glcm_Correlation,wavelet-LL_glcm_Correlation,0.02751033172085182
BW,Mutual Information,282,wavelet-LH_gldm_LargeDependenceHighGrayLevelEmphasis,wavelet-LH_gldm_LargeDependenceHighGrayLevelEmphasis,0.027276538000763573
BW,Mutual Information,283,wavelet-HH_glrlm_ShortRunEmphasis,wavelet-HH_glrlm_ShortRunEmphasis,0.027036314476674095
BW,Mutual Information,284,wavelet-LL_glcm_ClusterShade,wavelet-LL_glcm_ClusterShade,0.026238531848796542
BW,Mutual Information,285,wavelet-HH_firstorder_Minimum,wavelet-HH_firstorder_Minimum,0.025894710919383446
BW,Mutual Information,286,wavelet-HL_gldm_HighGrayLevelEmphasis,wavelet-HL_gldm_HighGrayLevelEmphasis,0.0256881277360983
BW,Mutual Information,287,wavelet-HL_gldm_SmallDependenceLowGrayLevelEmphasis,wavelet-HL_gldm_SmallDependenceLowGrayLevelEmphasis,0.025563339152079312
BW,Mutual Information,288,wavelet-LH_ngtdm_Complexity,wavelet-LH_ngtdm_Complexity,0.02542450781264627
BW,Mutual Information,289,wavelet-LL_glcm_Autocorrelation,wavelet-LL_glcm_Autocorrelation,0.02506487801163826
BW,Mutual Information,290,wavelet-HL_gldm_DependenceEntropy,wavelet-HL_gldm_DependenceEntropy,0.02493091339398834
BW,Mutual Information,291,wavelet-HL_glszm_ZoneEntropy,wavelet-HL_glszm_ZoneEntropy,0.024679621680609998
BW,Mutual Information,292,wavelet-LL_glcm_JointEnergy,wavelet-LL_glcm_JointEnergy,0.02463647961583626
BW,Mutual Information,293,wavelet-HH_glcm_Imc1,wavelet-HH_glcm_Imc1,0.02455475136043761
BW,Mutual Information,294,wavelet-LH_glrlm_GrayLevelNonUniformity,wavelet-LH_glrlm_GrayLevelNonUniformity,0.02449105176038846
BW,Mutual Information,295,wavelet-HL_glcm_Imc2,wavelet-HL_glcm_Imc2,0.024478552857840175
BW,Mutual Information,296,wavelet-HL_glrlm_GrayLevelVariance,wavelet-HL_glrlm_GrayLevelVariance,0.024463695985745826
BW,Mutual Information,297,wavelet-LL_glrlm_RunEntropy,wavelet-LL_glrlm_RunEntropy,0.02433028844917917
BW,Mutual Information,298,wavelet-HH_firstorder_InterquartileRange,wavelet-HH_firstorder_InterquartileRange,0.02400997540957972
BW,Mutual Information,299,wavelet-LL_glszm_LargeAreaHighGrayLevelEmphasis,wavelet-LL_glszm_LargeAreaHighGrayLevelEmphasis,0.023117903406692397
BW,Mutual Information,300,original_gldm_GrayLevelVariance,original_gldm_GrayLevelVariance,0.023069775237238632
BW,Mutual Information,301,original_ngtdm_Contrast,original_ngtdm_Contrast,0.02279414590866269
BW,Mutual Information,302,original_firstorder_Variance,original_firstorder_Variance,0.022548843125268725
BW,Mutual Information,303,wavelet-LL_glszm_SmallAreaEmphasis,wavelet-LL_glszm_SmallAreaEmphasis,0.022245828573176807
BW,Mutual Information,304,original_firstorder_InterquartileRange,original_firstorder_InterquartileRange,0.021888921387277938
BW,Mutual Information,305,wavelet-LH_glrlm_RunEntropy,wavelet-LH_glrlm_RunEntropy,0.02172694248326068
BW,Mutual Information,306,original_ngtdm_Strength,original_ngtdm_Strength,0.021657395734404172
BW,Mutual Information,307,original_firstorder_Mean,original_firstorder_Mean,0.021550772042275845
BW,Mutual Information,308,wavelet-LL_glrlm_GrayLevelNonUniformity,wavelet-LL_glrlm_GrayLevelNonUniformity,0.021135873203118383
BW,Mutual Information,309,wavelet-HL_firstorder_Minimum,wavelet-HL_firstorder_Minimum,0.021076796397762942
BW,Mutual Information,310,original_gldm_LargeDependenceLowGrayLevelEmphasis,original_gldm_LargeDependenceLowGrayLevelEmphasis,0.02061033540768009
BW,Mutual Information,311,wavelet-LL_glcm_Idm,wavelet-LL_glcm_Idm,0.020493441340595053
BW,Mutual Information,312,wavelet-LH_glrlm_LongRunLowGrayLevelEmphasis,wavelet-LH_glrlm_LongRunLowGrayLevelEmphasis,0.02039164024516449
BW,Mutual Information,313,original_glrlm_GrayLevelNonUniformityNormalized,original_glrlm_GrayLevelNonUniformityNormalized,0.019316929173758268
BW,Mutual Information,314,original_firstorder_Range,original_firstorder_Range,0.019159015792771683
BW,Mutual Information,315,wavelet-LL_gldm_LargeDependenceEmphasis,wavelet-LL_gldm_LargeDependenceEmphasis,0.018852186942700966
BW,Mutual Information,316,wavelet-LH_firstorder_Mean,wavelet-LH_firstorder_Mean,0.01738983793139237
BW,Mutual Information,317,wavelet-LL_gldm_LargeDependenceHighGrayLevelEmphasis,wavelet-LL_gldm_LargeDependenceHighGrayLevelEmphasis,0.016885398223599024
BW,Mutual Information,318,wavelet-LL_gldm_LowGrayLevelEmphasis,wavelet-LL_gldm_LowGrayLevelEmphasis,0.016860639164636648
BW,Mutual Information,319,wavelet-LL_glcm_Id,wavelet-LL_glcm_Id,0.016814395425837736
BW,Mutual Information,320,original_gldm_LargeDependenceEmphasis,original_gldm_LargeDependenceEmphasis,0.016607177045806054
BW,Mutual Information,321,wavelet-HL_glcm_InverseVariance,wavelet-HL_glcm_InverseVariance,0.016399237362982877
BW,Mutual Information,322,original_gldm_SmallDependenceLowGrayLevelEmphasis,original_gldm_SmallDependenceLowGrayLevelEmphasis,0.016079547775612157
BW,Mutual Information,323,wavelet-HH_glszm_GrayLevelNonUniformity,wavelet-HH_glszm_GrayLevelNonUniformity,0.01583998987155888
BW,Mutual Information,324,wavelet-LL_glszm_LargeAreaLowGrayLevelEmphasis,wavelet-LL_glszm_LargeAreaLowGrayLevelEmphasis,0.015700161954049774
BW,Mutual Information,325,wavelet-LH_glcm_Imc2,wavelet-LH_glcm_Imc2,0.015594589285602645
BW,Mutual Information,326,wavelet-LH_glrlm_ShortRunHighGrayLevelEmphasis,wavelet-LH_glrlm_ShortRunHighGrayLevelEmphasis,0.015530846096575068
BW,Mutual Information,327,wavelet-LL_glszm_SizeZoneNonUniformity,wavelet-LL_glszm_SizeZoneNonUniformity,0.014727437921668418
BW,Mutual Information,328,wavelet-LL_firstorder_RobustMeanAbsoluteDeviation,wavelet-LL_firstorder_RobustMeanAbsoluteDeviation,0.014673052938715792
BW,Mutual Information,329,original_firstorder_RootMeanSquared,original_firstorder_RootMeanSquared,0.014668069092809377
BW,Mutual Information,330,wavelet-HL_glrlm_RunPercentage,wavelet-HL_glrlm_RunPercentage,0.014622899585221338
BW,Mutual Information,331,wavelet-LL_glrlm_RunLengthNonUniformity,wavelet-LL_glrlm_RunLengthNonUniformity,0.013458092749605521
BW,Mutual Information,332,wavelet-HH_glcm_ClusterShade,wavelet-HH_glcm_ClusterShade,0.013418266442643212
BW,Mutual Information,333,original_glrlm_LongRunHighGrayLevelEmphasis,original_glrlm_LongRunHighGrayLevelEmphasis,0.013318193936754597
BW,Mutual Information,334,original_glrlm_GrayLevelVariance,original_glrlm_GrayLevelVariance,0.013281740399065933
BW,Mutual Information,335,wavelet-HL_gldm_SmallDependenceEmphasis,wavelet-HL_gldm_SmallDependenceEmphasis,0.013132705458665406
BW,Mutual Information,336,wavelet-LL_glszm_SmallAreaHighGrayLevelEmphasis,wavelet-LL_glszm_SmallAreaHighGrayLevelEmphasis,0.013130568075797378
BW,Mutual Information,337,wavelet-HH_gldm_LowGrayLevelEmphasis,wavelet-HH_gldm_LowGrayLevelEmphasis,0.013107081515982388
BW,Mutual Information,338,wavelet-HL_gldm_SmallDependenceHighGrayLevelEmphasis,wavelet-HL_gldm_SmallDependenceHighGrayLevelEmphasis,0.013086968280919598
BW,Mutual Information,339,original_glcm_Correlation,original_glcm_Correlation,0.012898904710561876
BW,Mutual Information,340,wavelet-HL_glcm_Idmn,wavelet-HL_glcm_Idmn,0.011818046569212148
BW,Mutual Information,341,wavelet-HH_glcm_SumAverage,wavelet-HH_glcm_SumAverage,0.010570979553590654
BW,Mutual Information,342,wavelet-HH_glcm_JointAverage,wavelet-HH_glcm_JointAverage,0.010570979553590654
BW,Mutual Information,343,wavelet-LL_glcm_SumEntropy,wavelet-LL_glcm_SumEntropy,0.010449919821452935
BW,Mutual Information,344,original_glrlm_RunVariance,original_glrlm_RunVariance,0.010252634919487802
BW,Mutual Information,345,wavelet-LL_firstorder_Minimum,wavelet-LL_firstorder_Minimum,0.010105615495456854
BW,Mutual Information,346,wavelet-HL_firstorder_Skewness,wavelet-HL_firstorder_Skewness,0.0100876291959906
BW,Mutual Information,347,wavelet-LL_glrlm_LongRunLowGrayLevelEmphasis,wavelet-LL_glrlm_LongRunLowGrayLevelEmphasis,0.00970190829060491
BW,Mutual Information,348,wavelet-LH_gldm_SmallDependenceLowGrayLevelEmphasis,wavelet-LH_gldm_SmallDependenceLowGrayLevelEmphasis,0.00905878122232906
BW,Mutual Information,349,original_firstorder_Energy,original_firstorder_Energy,0.008403759854276993
BW,Mutual Information,350,original_firstorder_TotalEnergy,original_firstorder_TotalEnergy,0.008403759854276993
BW,Mutual Information,351,wavelet-LL_gldm_SmallDependenceHighGrayLevelEmphasis,wavelet-LL_gldm_SmallDependenceHighGrayLevelEmphasis,0.008307256060648305
BW,Mutual Information,352,original_glszm_GrayLevelNonUniformityNormalized,original_glszm_GrayLevelNonUniformityNormalized,0.007613035377167954
BW,Mutual Information,353,wavelet-HL_glszm_LowGrayLevelZoneEmphasis,wavelet-HL_glszm_LowGrayLevelZoneEmphasis,0.007160985619973026
BW,Mutual Information,354,original_glcm_Autocorrelation,original_glcm_Autocorrelation,0.005097282267439773
BW,Mutual Information,355,wavelet-LH_glcm_DifferenceVariance,wavelet-LH_glcm_DifferenceVariance,0.005064354363387702
BW,Mutual Information,356,wavelet-LH_glcm_Imc1,wavelet-LH_glcm_Imc1,0.004190694208713763
BW,Mutual Information,357,wavelet-HH_glrlm_RunLengthNonUniformity,wavelet-HH_glrlm_RunLengthNonUniformity,0.003856775017300862
BW,Mutual Information,358,wavelet-HL_glszm_LargeAreaHighGrayLevelEmphasis,wavelet-HL_glszm_LargeAreaHighGrayLevelEmphasis,0.003406098857256401
BW,Mutual Information,359,wavelet-LL_glszm_ZonePercentage,wavelet-LL_glszm_ZonePercentage,0.0029386612116744093
BW,Mutual Information,360,wavelet-HH_firstorder_Mean,wavelet-HH_firstorder_Mean,0.0028885313723039374
BW,Mutual Information,361,wavelet-HL_firstorder_Kurtosis,wavelet-HL_firstorder_Kurtosis,0.0027339808666300147
BW,Mutual Information,362,wavelet-HL_gldm_LargeDependenceLowGrayLevelEmphasis,wavelet-HL_gldm_LargeDependenceLowGrayLevelEmphasis,0.0022884982475730453
BW,Mutual Information,363,wavelet-HL_gldm_LowGrayLevelEmphasis,wavelet-HL_gldm_LowGrayLevelEmphasis,0.002078507753378478
BW,Mutual Information,364,original_glcm_JointEntropy,original_glcm_JointEntropy,0.0016941107021155588
BW,Mutual Information,365,wavelet-HL_glrlm_LowGrayLevelRunEmphasis,wavelet-HL_glrlm_LowGrayLevelRunEmphasis,0.0016080535362290593
BW,Mutual Information,366,wavelet-HL_glrlm_HighGrayLevelRunEmphasis,wavelet-HL_glrlm_HighGrayLevelRunEmphasis,0.0015963212169951557
BW,Mutual Information,367,original_glrlm_LongRunEmphasis,original_glrlm_LongRunEmphasis,0.001368816600771261
BW,Mutual Information,368,wavelet-LH_gldm_DependenceNonUniformity,wavelet-LH_gldm_DependenceNonUniformity,0.0010701634863501397
BW,Mutual Information,369,original_glcm_InverseVariance,original_glcm_InverseVariance,0.0010378357394309479
BW,Mutual Information,370,wavelet-LL_glszm_LargeAreaEmphasis,wavelet-LL_glszm_LargeAreaEmphasis,0.0007793494002232837
BW,Mutual Information,371,wavelet-LL_firstorder_Mean,wavelet-LL_firstorder_Mean,0.00038674864997645386
BW,Mutual Information,372,wavelet-LL_glrlm_RunLengthNonUniformityNormalized,wavelet-LL_glrlm_RunLengthNonUniformityNormalized,6.522123083940734e-05
BW,Mutual Information,373,original_glrlm_LongRunLowGrayLevelEmphasis,original_glrlm_LongRunLowGrayLevelEmphasis,0.0
BW,Mutual Information,374,wavelet-LL_glszm_LowGrayLevelZoneEmphasis,wavelet-LL_glszm_LowGrayLevelZoneEmphasis,0.0
BW,Mutual Information,375,original_glrlm_LowGrayLevelRunEmphasis,original_glrlm_LowGrayLevelRunEmphasis,0.0
BW,Mutual Information,376,wavelet-LL_ngtdm_Busyness,wavelet-LL_ngtdm_Busyness,0.0
BW,Mutual Information,377,wavelet-LL_gldm_GrayLevelVariance,wavelet-LL_gldm_GrayLevelVariance,0.0
BW,Mutual Information,378,original_firstorder_90Percentile,original_firstorder_90Percentile,0.0
BW,Mutual Information,379,wavelet-LL_glszm_SmallAreaLowGrayLevelEmphasis,wavelet-LL_glszm_SmallAreaLowGrayLevelEmphasis,0.0
BW,Mutual Information,380,original_glcm_DifferenceEntropy,original_glcm_DifferenceEntropy,0.0
BW,Mutual Information,381,original_glcm_DifferenceAverage,original_glcm_DifferenceAverage,0.0
BW,Mutual Information,382,original_glcm_JointAverage,original_glcm_JointAverage,0.0
BW,Mutual Information,383,original_glcm_SumAverage,original_glcm_SumAverage,0.0
BW,Mutual Information,384,wavelet-LL_glrlm_LowGrayLevelRunEmphasis,wavelet-LL_glrlm_LowGrayLevelRunEmphasis,0.0
BW,Mutual Information,385,original_glcm_MCC,original_glcm_MCC,0.0
BW,Mutual Information,386,wavelet-LL_glrlm_LongRunHighGrayLevelEmphasis,wavelet-LL_glrlm_LongRunHighGrayLevelEmphasis,0.0
BW,Mutual Information,387,wavelet-LL_glrlm_HighGrayLevelRunEmphasis,wavelet-LL_glrlm_HighGrayLevelRunEmphasis,0.0
BW,Mutual Information,388,wavelet-LL_glcm_SumSquares,wavelet-LL_glcm_SumSquares,0.0
BW,Mutual Information,389,wavelet-LL_glrlm_ShortRunHighGrayLevelEmphasis,wavelet-LL_glrlm_ShortRunHighGrayLevelEmphasis,0.0
BW,Mutual Information,390,original_glrlm_HighGrayLevelRunEmphasis,original_glrlm_HighGrayLevelRunEmphasis,0.0
BW,Mutual Information,391,wavelet-LL_glrlm_GrayLevelVariance,wavelet-LL_glrlm_GrayLevelVariance,0.0
BW,Mutual Information,392,wavelet-LL_glrlm_ShortRunLowGrayLevelEmphasis,wavelet-LL_glrlm_ShortRunLowGrayLevelEmphasis,0.0
BW,Mutual Information,393,wavelet-LL_glszm_GrayLevelNonUniformity,wavelet-LL_glszm_GrayLevelNonUniformity,0.0
BW,Mutual Information,394,original_gldm_SmallDependenceHighGrayLevelEmphasis,original_gldm_SmallDependenceHighGrayLevelEmphasis,0.0
BW,Mutual Information,395,wavelet-LL_glszm_GrayLevelNonUniformityNormalized,wavelet-LL_glszm_GrayLevelNonUniformityNormalized,0.0
BW,Mutual Information,396,wavelet-LL_glszm_GrayLevelVariance,wavelet-LL_glszm_GrayLevelVariance,0.0
BW,Mutual Information,397,wavelet-HL_glcm_Correlation,wavelet-HL_glcm_Correlation,0.0
BW,Mutual Information,398,wavelet-LH_firstorder_Range,wavelet-LH_firstorder_Range,0.0
BW,Mutual Information,399,wavelet-LL_glcm_MaximumProbability,wavelet-LL_glcm_MaximumProbability,0.0
BW,Mutual Information,400,wavelet-LH_glszm_SmallAreaHighGrayLevelEmphasis,wavelet-LH_glszm_SmallAreaHighGrayLevelEmphasis,0.0
BW,Mutual Information,401,wavelet-HL_glszm_SmallAreaLowGrayLevelEmphasis,wavelet-HL_glszm_SmallAreaLowGrayLevelEmphasis,0.0
BW,Mutual Information,402,wavelet-HL_glszm_SmallAreaHighGrayLevelEmphasis,wavelet-HL_glszm_SmallAreaHighGrayLevelEmphasis,0.0
BW,Mutual Information,403,wavelet-HL_glszm_SmallAreaEmphasis,wavelet-HL_glszm_SmallAreaEmphasis,0.0
BW,Mutual Information,404,wavelet-HL_glszm_SizeZoneNonUniformityNormalized,wavelet-HL_glszm_SizeZoneNonUniformityNormalized,0.0
BW,Mutual Information,405,wavelet-LH_glrlm_LongRunHighGrayLevelEmphasis,wavelet-LH_glrlm_LongRunHighGrayLevelEmphasis,0.0
BW,Mutual Information,406,wavelet-LH_glrlm_LowGrayLevelRunEmphasis,wavelet-LH_glrlm_LowGrayLevelRunEmphasis,0.0
BW,Mutual Information,407,wavelet-HL_glszm_LargeAreaLowGrayLevelEmphasis,wavelet-HL_glszm_LargeAreaLowGrayLevelEmphasis,0.0
BW,Mutual Information,408,wavelet-HL_glszm_GrayLevelVariance,wavelet-HL_glszm_GrayLevelVariance,0.0
BW,Mutual Information,409,wavelet-HL_glszm_GrayLevelNonUniformity,wavelet-HL_glszm_GrayLevelNonUniformity,0.0
BW,Mutual Information,410,wavelet-HL_glrlm_LongRunLowGrayLevelEmphasis,wavelet-HL_glrlm_LongRunLowGrayLevelEmphasis,0.0
BW,Mutual Information,411,wavelet-LH_glszm_HighGrayLevelZoneEmphasis,wavelet-LH_glszm_HighGrayLevelZoneEmphasis,0.0
BW,Mutual Information,412,wavelet-HL_glrlm_LongRunHighGrayLevelEmphasis,wavelet-HL_glrlm_LongRunHighGrayLevelEmphasis,0.0
BW,Mutual Information,413,wavelet-LH_glszm_LowGrayLevelZoneEmphasis,wavelet-LH_glszm_LowGrayLevelZoneEmphasis,0.0
BW,Mutual Information,414,wavelet-LH_glszm_SizeZoneNonUniformityNormalized,wavelet-LH_glszm_SizeZoneNonUniformityNormalized,0.0
BW,Mutual Information,415,wavelet-LH_ngtdm_Busyness,wavelet-LH_ngtdm_Busyness,0.0
BW,Mutual Information,416,wavelet-HL_ngtdm_Busyness,wavelet-HL_ngtdm_Busyness,0.0
BW,Mutual Information,417,wavelet-HL_gldm_LargeDependenceHighGrayLevelEmphasis,wavelet-HL_gldm_LargeDependenceHighGrayLevelEmphasis,0.0
BW,Mutual Information,418,wavelet-LH_ngtdm_Strength,wavelet-LH_ngtdm_Strength,0.0
BW,Mutual Information,419,wavelet-HL_firstorder_Energy,wavelet-HL_firstorder_Energy,0.0
BW,Mutual Information,420,wavelet-HL_firstorder_Entropy,wavelet-HL_firstorder_Entropy,0.0
BW,Mutual Information,421,wavelet-HL_firstorder_Maximum,wavelet-HL_firstorder_Maximum,0.0
BW,Mutual Information,422,wavelet-HL_glcm_SumEntropy,wavelet-HL_glcm_SumEntropy,0.0
BW,Mutual Information,423,wavelet-HL_glcm_MCC,wavelet-HL_glcm_MCC,0.0
BW,Mutual Information,424,wavelet-HL_firstorder_Range,wavelet-HL_firstorder_Range,0.0
BW,Mutual Information,425,wavelet-HL_firstorder_RootMeanSquared,wavelet-HL_firstorder_RootMeanSquared,0.0
BW,Mutual Information,426,wavelet-HL_firstorder_TotalEnergy,wavelet-HL_firstorder_TotalEnergy,0.0
BW,Mutual Information,427,wavelet-HL_firstorder_Variance,wavelet-HL_firstorder_Variance,0.0
BW,Mutual Information,428,wavelet-HL_glcm_Idn,wavelet-HL_glcm_Idn,0.0
BW,Mutual Information,429,wavelet-HL_glcm_ClusterProminence,wavelet-HL_glcm_ClusterProminence,0.0
BW,Mutual Information,430,wavelet-HL_glcm_ClusterShade,wavelet-HL_glcm_ClusterShade,0.0
BW,Mutual Information,431,wavelet-HL_glszm_ZonePercentage,wavelet-HL_glszm_ZonePercentage,0.0
BW,Mutual Information,432,wavelet-HL_ngtdm_Complexity,wavelet-HL_ngtdm_Complexity,0.0
BW,Mutual Information,433,wavelet-LL_glcm_JointEntropy,wavelet-LL_glcm_JointEntropy,0.0
BW,Mutual Information,434,wavelet-HH_glszm_LargeAreaEmphasis,wavelet-HH_glszm_LargeAreaEmphasis,0.0
BW,Mutual Information,435,original_glszm_GrayLevelVariance,original_glszm_GrayLevelVariance,0.0
BW,Mutual Information,436,original_glszm_HighGrayLevelZoneEmphasis,original_glszm_HighGrayLevelZoneEmphasis,0.0
BW,Mutual Information,437,wavelet-LL_glcm_ClusterTendency,wavelet-LL_glcm_ClusterTendency,0.0
BW,Mutual Information,438,original_ngtdm_Busyness,original_ngtdm_Busyness,0.0
BW,Mutual Information,439,wavelet-LL_firstorder_MeanAbsoluteDeviation,wavelet-LL_firstorder_MeanAbsoluteDeviation,0.0
BW,Mutual Information,440,wavelet-LL_firstorder_90Percentile,wavelet-LL_firstorder_90Percentile,0.0
BW,Mutual Information,441,wavelet-HH_ngtdm_Coarseness,wavelet-HH_ngtdm_Coarseness,0.0
BW,Mutual Information,442,wavelet-HH_glszm_ZoneVariance,wavelet-HH_glszm_ZoneVariance,0.0
BW,Mutual Information,443,wavelet-HH_glszm_ZonePercentage,wavelet-HH_glszm_ZonePercentage,0.0
BW,Mutual Information,444,wavelet-HH_glszm_ZoneEntropy,wavelet-HH_glszm_ZoneEntropy,0.0
BW,Mutual Information,445,wavelet-HH_glszm_SmallAreaEmphasis,wavelet-HH_glszm_SmallAreaEmphasis,0.0
BW,Mutual Information,446,wavelet-HH_glszm_SizeZoneNonUniformityNormalized,wavelet-HH_glszm_SizeZoneNonUniformityNormalized,0.0
BW,Mutual Information,447,wavelet-HH_glszm_SizeZoneNonUniformity,wavelet-HH_glszm_SizeZoneNonUniformity,0.0
BW,Mutual Information,448,wavelet-HH_glszm_LargeAreaLowGrayLevelEmphasis,wavelet-HH_glszm_LargeAreaLowGrayLevelEmphasis,0.0
BW,Mutual Information,449,wavelet-HH_glrlm_RunPercentage,wavelet-HH_glrlm_RunPercentage,0.0
BW,Mutual Information,450,wavelet-HL_ngtdm_Strength,wavelet-HL_ngtdm_Strength,0.0
BW,Mutual Information,451,wavelet-HH_glrlm_LowGrayLevelRunEmphasis,wavelet-HH_glrlm_LowGrayLevelRunEmphasis,0.0
BW,Mutual Information,452,wavelet-HH_glrlm_GrayLevelNonUniformity,wavelet-HH_glrlm_GrayLevelNonUniformity,0.0
BW,Mutual Information,453,wavelet-HH_gldm_SmallDependenceEmphasis,wavelet-HH_gldm_SmallDependenceEmphasis,0.0
BW,Mutual Information,454,wavelet-HH_glcm_SumEntropy,wavelet-HH_glcm_SumEntropy,0.0
BW,Mutual Information,455,wavelet-LH_glcm_Correlation,wavelet-LH_glcm_Correlation,0.0
BW,Mutual Information,456,wavelet-HH_glcm_InverseVariance,wavelet-HH_glcm_InverseVariance,0.0
BW,Mutual Information,457,wavelet-LH_glcm_Idmn,wavelet-LH_glcm_Idmn,0.0
BW,Mutual Information,458,wavelet-HH_glcm_Idm,wavelet-HH_glcm_Idm,0.0
BW,Mutual Information,459,wavelet-HH_glcm_Id,wavelet-HH_glcm_Id,0.0
BW,Mutual Information,460,wavelet-HH_glcm_DifferenceAverage,wavelet-HH_glcm_DifferenceAverage,0.0
BW,Mutual Information,461,wavelet-HH_glcm_Correlation,wavelet-HH_glcm_Correlation,0.0
BW,Mutual Information,462,wavelet-HH_glcm_Contrast,wavelet-HH_glcm_Contrast,0.0
BW,Mutual Information,463,wavelet-HH_firstorder_Median,wavelet-HH_firstorder_Median,0.0
BW,Mutual Information,464,wavelet-LH_gldm_DependenceNonUniformityNormalized,wavelet-LH_gldm_DependenceNonUniformityNormalized,0.0
BW,Mutual Information,465,wavelet-LL_ngtdm_Strength,wavelet-LL_ngtdm_Strength,0.0
Doppler,F-Score (ANOVA),1,wavelet-LL_gldm_DependenceEntropy,wavelet-LL_gldm_DependenceEntropy,45.52193909769152
Doppler,F-Score (ANOVA),2,wavelet-LH_glszm_SmallAreaEmphasis,wavelet-LH_glszm_SmallAreaEmphasis,38.736430335888144
Doppler,F-Score (ANOVA),3,wavelet-LH_glszm_SizeZoneNonUniformityNormalized,wavelet-LH_glszm_SizeZoneNonUniformityNormalized,36.66439692467097
Doppler,F-Score (ANOVA),4,wavelet-HL_glrlm_RunEntropy,wavelet-HL_glrlm_RunEntropy,34.84019744314761
Doppler,F-Score (ANOVA),5,wavelet-LL_ngtdm_Coarseness,wavelet-LL_ngtdm_Coarseness,31.609256904697776
Doppler,F-Score (ANOVA),6,wavelet-LH_glcm_ClusterTendency,wavelet-LH_glcm_ClusterTendency,30.580805175086958
Doppler,F-Score (ANOVA),7,wavelet-LH_firstorder_Uniformity,wavelet-LH_firstorder_Uniformity,28.798329239317614
Doppler,F-Score (ANOVA),8,wavelet-LH_firstorder_Entropy,wavelet-LH_firstorder_Entropy,28.292055503118828
Doppler,F-Score (ANOVA),9,wavelet-LH_firstorder_90Percentile,wavelet-LH_firstorder_90Percentile,27.44377090062705
Doppler,F-Score (ANOVA),10,wavelet-LH_glcm_SumEntropy,wavelet-LH_glcm_SumEntropy,27.244307245297367
Doppler,F-Score (ANOVA),11,wavelet-LH_firstorder_Variance,wavelet-LH_firstorder_Variance,26.941892469874666
Doppler,F-Score (ANOVA),12,wavelet-LH_firstorder_10Percentile,wavelet-LH_firstorder_10Percentile,26.796085085882112
Doppler,F-Score (ANOVA),13,wavelet-LH_firstorder_RootMeanSquared,wavelet-LH_firstorder_RootMeanSquared,26.72277919471079
Doppler,F-Score (ANOVA),14,wavelet-LH_glcm_SumSquares,wavelet-LH_glcm_SumSquares,26.586648150957995
Doppler,F-Score (ANOVA),15,wavelet-LH_gldm_GrayLevelVariance,wavelet-LH_gldm_GrayLevelVariance,26.304268643548728
Doppler,F-Score (ANOVA),16,wavelet-LH_firstorder_MeanAbsoluteDeviation,wavelet-LH_firstorder_MeanAbsoluteDeviation,25.763413527380376
Doppler,F-Score (ANOVA),17,wavelet-LH_glrlm_GrayLevelNonUniformityNormalized,wavelet-LH_glrlm_GrayLevelNonUniformityNormalized,25.650023649754054
Doppler,F-Score (ANOVA),18,wavelet-LH_glcm_JointEntropy,wavelet-LH_glcm_JointEntropy,25.628564703215343
Doppler,F-Score (ANOVA),19,wavelet-HL_glcm_Imc1,wavelet-HL_glcm_Imc1,25.619068442500506
Doppler,F-Score (ANOVA),20,wavelet-LH_glszm_GrayLevelNonUniformity,wavelet-LH_glszm_GrayLevelNonUniformity,25.598422653400213
Doppler,F-Score (ANOVA),21,wavelet-LH_firstorder_TotalEnergy,wavelet-LH_firstorder_TotalEnergy,25.54355652801174
Doppler,F-Score (ANOVA),22,wavelet-LH_firstorder_Energy,wavelet-LH_firstorder_Energy,25.54355652801174
Doppler,F-Score (ANOVA),23,wavelet-HL_gldm_DependenceEntropy,wavelet-HL_gldm_DependenceEntropy,23.980174975796814
Doppler,F-Score (ANOVA),24,wavelet-HL_gldm_DependenceNonUniformityNormalized,wavelet-HL_gldm_DependenceNonUniformityNormalized,23.877357976889996
Doppler,F-Score (ANOVA),25,wavelet-LH_glcm_JointEnergy,wavelet-LH_glcm_JointEnergy,23.67244639775308
Doppler,F-Score (ANOVA),26,wavelet-LH_glrlm_RunLengthNonUniformity,wavelet-LH_glrlm_RunLengthNonUniformity,23.56108495411179
Doppler,F-Score (ANOVA),27,original_glcm_Imc2,original_glcm_Imc2,23.420580826515256
Doppler,F-Score (ANOVA),28,wavelet-LH_glrlm_RunLengthNonUniformityNormalized,wavelet-LH_glrlm_RunLengthNonUniformityNormalized,21.645497263051176
Doppler,F-Score (ANOVA),29,wavelet-HL_glcm_Imc2,wavelet-HL_glcm_Imc2,21.1945767192146
Doppler,F-Score (ANOVA),30,original_ngtdm_Coarseness,original_ngtdm_Coarseness,20.828976050086347
Doppler,F-Score (ANOVA),31,wavelet-HL_gldm_DependenceVariance,wavelet-HL_gldm_DependenceVariance,20.50382187880084
Doppler,F-Score (ANOVA),32,wavelet-LH_gldm_DependenceEntropy,wavelet-LH_gldm_DependenceEntropy,20.375923222192903
Doppler,F-Score (ANOVA),33,wavelet-LH_firstorder_RobustMeanAbsoluteDeviation,wavelet-LH_firstorder_RobustMeanAbsoluteDeviation,20.37388084834965
Doppler,F-Score (ANOVA),34,original_firstorder_Maximum,original_firstorder_Maximum,19.83508688404129
Doppler,F-Score (ANOVA),35,wavelet-LH_glcm_Idm,wavelet-LH_glcm_Idm,19.833149205841845
Doppler,F-Score (ANOVA),36,wavelet-LH_glcm_Id,wavelet-LH_glcm_Id,19.69372560084182
Doppler,F-Score (ANOVA),37,wavelet-LH_glrlm_GrayLevelVariance,wavelet-LH_glrlm_GrayLevelVariance,19.636778103067588
Doppler,F-Score (ANOVA),38,wavelet-LH_glrlm_RunPercentage,wavelet-LH_glrlm_RunPercentage,19.551866640479695
Doppler,F-Score (ANOVA),39,wavelet-LH_glrlm_ShortRunEmphasis,wavelet-LH_glrlm_ShortRunEmphasis,19.159681794062834
Doppler,F-Score (ANOVA),40,wavelet-LL_glcm_Contrast,wavelet-LL_glcm_Contrast,18.87026607750876
Doppler,F-Score (ANOVA),41,original_glrlm_RunLengthNonUniformity,original_glrlm_RunLengthNonUniformity,18.84359648727052
Doppler,F-Score (ANOVA),42,original_gldm_DependenceEntropy,original_gldm_DependenceEntropy,18.714039570401066
Doppler,F-Score (ANOVA),43,wavelet-LH_glszm_SmallAreaLowGrayLevelEmphasis,wavelet-LH_glszm_SmallAreaLowGrayLevelEmphasis,18.652507147647462
Doppler,F-Score (ANOVA),44,wavelet-LH_glcm_DifferenceAverage,wavelet-LH_glcm_DifferenceAverage,18.61563565243452
Doppler,F-Score (ANOVA),45,wavelet-LH_gldm_LargeDependenceEmphasis,wavelet-LH_gldm_LargeDependenceEmphasis,18.44563824553743
Doppler,F-Score (ANOVA),46,wavelet-LL_firstorder_Maximum,wavelet-LL_firstorder_Maximum,18.309304258787325
Doppler,F-Score (ANOVA),47,wavelet-LL_glcm_DifferenceVariance,wavelet-LL_glcm_DifferenceVariance,18.243144752819994
Doppler,F-Score (ANOVA),48,wavelet-LL_ngtdm_Complexity,wavelet-LL_ngtdm_Complexity,18.155986506488205
Doppler,F-Score (ANOVA),49,wavelet-LH_gldm_SmallDependenceHighGrayLevelEmphasis,wavelet-LH_gldm_SmallDependenceHighGrayLevelEmphasis,18.15246908399747
Doppler,F-Score (ANOVA),50,wavelet-LH_firstorder_InterquartileRange,wavelet-LH_firstorder_InterquartileRange,18.0760122009421
Doppler,F-Score (ANOVA),51,original_glrlm_RunLengthNonUniformityNormalized,original_glrlm_RunLengthNonUniformityNormalized,17.859535545813745
Doppler,F-Score (ANOVA),52,wavelet-LL_glcm_Correlation,wavelet-LL_glcm_Correlation,17.64384810935981
Doppler,F-Score (ANOVA),53,original_glszm_GrayLevelNonUniformity,original_glszm_GrayLevelNonUniformity,17.624223380895963
Doppler,F-Score (ANOVA),54,original_firstorder_Entropy,original_firstorder_Entropy,17.495133827419743
Doppler,F-Score (ANOVA),55,original_firstorder_Uniformity,original_firstorder_Uniformity,17.471191469775643
Doppler,F-Score (ANOVA),56,wavelet-LH_glszm_ZoneEntropy,wavelet-LH_glszm_ZoneEntropy,17.427889009797422
Doppler,F-Score (ANOVA),57,original_glszm_ZonePercentage,original_glszm_ZonePercentage,17.216439948449285
Doppler,F-Score (ANOVA),58,original_gldm_LargeDependenceHighGrayLevelEmphasis,original_gldm_LargeDependenceHighGrayLevelEmphasis,17.214439874237577
Doppler,F-Score (ANOVA),59,wavelet-LH_glcm_InverseVariance,wavelet-LH_glcm_InverseVariance,17.12252006643644
Doppler,F-Score (ANOVA),60,original_glszm_SizeZoneNonUniformity,original_glszm_SizeZoneNonUniformity,17.023609657998513
Doppler,F-Score (ANOVA),61,wavelet-LH_glcm_ClusterProminence,wavelet-LH_glcm_ClusterProminence,16.993559972797904
Doppler,F-Score (ANOVA),62,wavelet-HL_glrlm_GrayLevelNonUniformityNormalized,wavelet-HL_glrlm_GrayLevelNonUniformityNormalized,16.91842313258324
Doppler,F-Score (ANOVA),63,wavelet-LH_glcm_MaximumProbability,wavelet-LH_glcm_MaximumProbability,16.70263098292914
Doppler,F-Score (ANOVA),64,wavelet-LH_glrlm_ShortRunHighGrayLevelEmphasis,wavelet-LH_glrlm_ShortRunHighGrayLevelEmphasis,16.687926636720547
Doppler,F-Score (ANOVA),65,wavelet-LH_glszm_ZonePercentage,wavelet-LH_glszm_ZonePercentage,16.657857140285962
Doppler,F-Score (ANOVA),66,wavelet-HL_firstorder_Skewness,wavelet-HL_firstorder_Skewness,16.394504485436226
Doppler,F-Score (ANOVA),67,original_ngtdm_Complexity,original_ngtdm_Complexity,16.27386910734189
Doppler,F-Score (ANOVA),68,wavelet-LL_firstorder_Uniformity,wavelet-LL_firstorder_Uniformity,16.24873961034697
Doppler,F-Score (ANOVA),69,original_firstorder_10Percentile,original_firstorder_10Percentile,16.05456605226256
Doppler,F-Score (ANOVA),70,wavelet-LH_glcm_DifferenceEntropy,wavelet-LH_glcm_DifferenceEntropy,15.979025147195705
Doppler,F-Score (ANOVA),71,wavelet-LH_gldm_SmallDependenceEmphasis,wavelet-LH_gldm_SmallDependenceEmphasis,15.971075321240209
Doppler,F-Score (ANOVA),72,original_glcm_Contrast,original_glcm_Contrast,15.89805108743049
Doppler,F-Score (ANOVA),73,wavelet-LH_glcm_ClusterShade,wavelet-LH_glcm_ClusterShade,15.628466403444756
Doppler,F-Score (ANOVA),74,wavelet-LL_glszm_SizeZoneNonUniformity,wavelet-LL_glszm_SizeZoneNonUniformity,15.58919894593444
Doppler,F-Score (ANOVA),75,wavelet-LH_ngtdm_Contrast,wavelet-LH_ngtdm_Contrast,15.563938515478856
Doppler,F-Score (ANOVA),76,original_firstorder_Skewness,original_firstorder_Skewness,15.510085258398522
Doppler,F-Score (ANOVA),77,original_gldm_SmallDependenceEmphasis,original_gldm_SmallDependenceEmphasis,15.491691665524478
Doppler,F-Score (ANOVA),78,wavelet-LL_firstorder_Entropy,wavelet-LL_firstorder_Entropy,15.467714420295879
Doppler,F-Score (ANOVA),79,wavelet-LL_glcm_Imc2,wavelet-LL_glcm_Imc2,15.407787140204372
Doppler,F-Score (ANOVA),80,wavelet-LL_firstorder_10Percentile,wavelet-LL_firstorder_10Percentile,15.350995665592604
Doppler,F-Score (ANOVA),81,original_glrlm_RunEntropy,original_glrlm_RunEntropy,15.08996462686422
Doppler,F-Score (ANOVA),82,wavelet-LH_glcm_Contrast,wavelet-LH_glcm_Contrast,15.087669874523787
Doppler,F-Score (ANOVA),83,original_glcm_ClusterShade,original_glcm_ClusterShade,14.987453607102006
Doppler,F-Score (ANOVA),84,original_glcm_Correlation,original_glcm_Correlation,14.974611282250814
Doppler,F-Score (ANOVA),85,wavelet-LL_firstorder_Median,wavelet-LL_firstorder_Median,14.861048264031286
Doppler,F-Score (ANOVA),86,original_firstorder_Median,original_firstorder_Median,14.849226223523527
Doppler,F-Score (ANOVA),87,wavelet-HL_firstorder_Entropy,wavelet-HL_firstorder_Entropy,14.816521768467904
Doppler,F-Score (ANOVA),88,wavelet-LL_firstorder_Skewness,wavelet-LL_firstorder_Skewness,14.75173897735236
Doppler,F-Score (ANOVA),89,wavelet-LL_glcm_SumEntropy,wavelet-LL_glcm_SumEntropy,14.593427375810714
Doppler,F-Score (ANOVA),90,original_glcm_DifferenceAverage,original_glcm_DifferenceAverage,14.48394387536048
Doppler,F-Score (ANOVA),91,wavelet-HL_firstorder_Uniformity,wavelet-HL_firstorder_Uniformity,14.462492759007583
Doppler,F-Score (ANOVA),92,wavelet-LL_glcm_ClusterShade,wavelet-LL_glcm_ClusterShade,14.34100745831405
Doppler,F-Score (ANOVA),93,wavelet-LL_gldm_LargeDependenceHighGrayLevelEmphasis,wavelet-LL_gldm_LargeDependenceHighGrayLevelEmphasis,14.170657389188015
Doppler,F-Score (ANOVA),94,original_firstorder_Range,original_firstorder_Range,14.131970331006743
Doppler,F-Score (ANOVA),95,wavelet-HL_glcm_InverseVariance,wavelet-HL_glcm_InverseVariance,13.75312832630968
Doppler,F-Score (ANOVA),96,original_glcm_DifferenceEntropy,original_glcm_DifferenceEntropy,13.752868582592706
Doppler,F-Score (ANOVA),97,original_glrlm_ShortRunEmphasis,original_glrlm_ShortRunEmphasis,13.736956574871424
Doppler,F-Score (ANOVA),98,wavelet-HL_glcm_SumEntropy,wavelet-HL_glcm_SumEntropy,13.173593668053421
Doppler,F-Score (ANOVA),99,wavelet-LL_glszm_ZoneEntropy,wavelet-LL_glszm_ZoneEntropy,13.098390073074357
Doppler,F-Score (ANOVA),100,wavelet-LH_glcm_Imc2,wavelet-LH_glcm_Imc2,12.209329893562302
Doppler,F-Score (ANOVA),101,wavelet-HL_firstorder_Kurtosis,wavelet-HL_firstorder_Kurtosis,12.184750528678597
Doppler,F-Score (ANOVA),102,wavelet-LL_glcm_DifferenceAverage,wavelet-LL_glcm_DifferenceAverage,12.171043727151188
Doppler,F-Score (ANOVA),103,wavelet-LL_glcm_InverseVariance,wavelet-LL_glcm_InverseVariance,12.048921974247632
Doppler,F-Score (ANOVA),104,wavelet-LL_firstorder_Range,wavelet-LL_firstorder_Range,12.006087887285872
Doppler,F-Score (ANOVA),105,wavelet-LH_firstorder_Minimum,wavelet-LH_firstorder_Minimum,11.964694383087663
Doppler,F-Score (ANOVA),106,original_glcm_SumEntropy,original_glcm_SumEntropy,11.402954410241584
Doppler,F-Score (ANOVA),107,wavelet-HH_gldm_DependenceEntropy,wavelet-HH_gldm_DependenceEntropy,11.346871426135337
Doppler,F-Score (ANOVA),108,original_glcm_Imc1,original_glcm_Imc1,11.341649639959927
Doppler,F-Score (ANOVA),109,wavelet-LL_glcm_DifferenceEntropy,wavelet-LL_glcm_DifferenceEntropy,11.314285564716322
Doppler,F-Score (ANOVA),110,wavelet-HH_glszm_SmallAreaLowGrayLevelEmphasis,wavelet-HH_glszm_SmallAreaLowGrayLevelEmphasis,11.296319330278255
Doppler,F-Score (ANOVA),111,wavelet-LL_glcm_MCC,wavelet-LL_glcm_MCC,11.255909688666142
Doppler,F-Score (ANOVA),112,wavelet-LL_glszm_GrayLevelNonUniformity,wavelet-LL_glszm_GrayLevelNonUniformity,11.252217554763796
Doppler,F-Score (ANOVA),113,original_glcm_DifferenceVariance,original_glcm_DifferenceVariance,11.192372698248542
Doppler,F-Score (ANOVA),114,wavelet-HL_glcm_JointEntropy,wavelet-HL_glcm_JointEntropy,11.181450147014207
Doppler,F-Score (ANOVA),115,wavelet-LH_glcm_SumAverage,wavelet-LH_glcm_SumAverage,11.107271771500574
Doppler,F-Score (ANOVA),116,wavelet-LH_glcm_JointAverage,wavelet-LH_glcm_JointAverage,11.107271771499986
Doppler,F-Score (ANOVA),117,wavelet-HL_glszm_ZonePercentage,wavelet-HL_glszm_ZonePercentage,10.973722835480082
Doppler,F-Score (ANOVA),118,wavelet-LH_gldm_HighGrayLevelEmphasis,wavelet-LH_gldm_HighGrayLevelEmphasis,10.403285514817645
Doppler,F-Score (ANOVA),119,wavelet-LH_glrlm_HighGrayLevelRunEmphasis,wavelet-LH_glrlm_HighGrayLevelRunEmphasis,10.398375260988537
Doppler,F-Score (ANOVA),120,wavelet-LH_glcm_Autocorrelation,wavelet-LH_glcm_Autocorrelation,10.363103650997273
Doppler,F-Score (ANOVA),121,wavelet-LH_glcm_DifferenceVariance,wavelet-LH_glcm_DifferenceVariance,10.342550649599307
Doppler,F-Score (ANOVA),122,wavelet-LH_gldm_LargeDependenceLowGrayLevelEmphasis,wavelet-LH_gldm_LargeDependenceLowGrayLevelEmphasis,10.254539744374831
Doppler,F-Score (ANOVA),123,original_glcm_MCC,original_glcm_MCC,10.221245760232037
Doppler,F-Score (ANOVA),124,wavelet-LL_glszm_SizeZoneNonUniformityNormalized,wavelet-LL_glszm_SizeZoneNonUniformityNormalized,10.220495677606719
Doppler,F-Score (ANOVA),125,original_glcm_Idm,original_glcm_Idm,10.17048577898731
Doppler,F-Score (ANOVA),126,wavelet-LL_glszm_SmallAreaHighGrayLevelEmphasis,wavelet-LL_glszm_SmallAreaHighGrayLevelEmphasis,9.948777375155734
Doppler,F-Score (ANOVA),127,wavelet-HH_glszm_GrayLevelNonUniformity,wavelet-HH_glszm_GrayLevelNonUniformity,9.925135477284824
Doppler,F-Score (ANOVA),128,wavelet-LH_glszm_HighGrayLevelZoneEmphasis,wavelet-LH_glszm_HighGrayLevelZoneEmphasis,9.920848332330753
Doppler,F-Score (ANOVA),129,wavelet-HH_glszm_LowGrayLevelZoneEmphasis,wavelet-HH_glszm_LowGrayLevelZoneEmphasis,9.60520194716837
Doppler,F-Score (ANOVA),130,wavelet-LL_glrlm_GrayLevelNonUniformityNormalized,wavelet-LL_glrlm_GrayLevelNonUniformityNormalized,9.281485870703603
Doppler,F-Score (ANOVA),131,wavelet-HH_firstorder_InterquartileRange,wavelet-HH_firstorder_InterquartileRange,9.204125251864866
Doppler,F-Score (ANOVA),132,original_glcm_MaximumProbability,original_glcm_MaximumProbability,9.12578729481189
Doppler,F-Score (ANOVA),133,wavelet-HL_firstorder_Maximum,wavelet-HL_firstorder_Maximum,9.123414852633948
Doppler,F-Score (ANOVA),134,original_glszm_SmallAreaHighGrayLevelEmphasis,original_glszm_SmallAreaHighGrayLevelEmphasis,9.102699149767972
Doppler,F-Score (ANOVA),135,original_glrlm_GrayLevelNonUniformity,original_glrlm_GrayLevelNonUniformity,9.069232104045176
Doppler,F-Score (ANOVA),136,original_firstorder_Kurtosis,original_firstorder_Kurtosis,8.986556269312288
Doppler,F-Score (ANOVA),137,wavelet-HL_glcm_ClusterTendency,wavelet-HL_glcm_ClusterTendency,8.983105656190588
Doppler,F-Score (ANOVA),138,original_ngtdm_Strength,original_ngtdm_Strength,8.919164401009636
Doppler,F-Score (ANOVA),139,wavelet-LL_glszm_ZonePercentage,wavelet-LL_glszm_ZonePercentage,8.87792445091684
Doppler,F-Score (ANOVA),140,wavelet-LH_ngtdm_Complexity,wavelet-LH_ngtdm_Complexity,8.802070101869365
Doppler,F-Score (ANOVA),141,original_glcm_Id,original_glcm_Id,8.78407325521875
Doppler,F-Score (ANOVA),142,original_gldm_SmallDependenceHighGrayLevelEmphasis,original_gldm_SmallDependenceHighGrayLevelEmphasis,8.715796689053823
Doppler,F-Score (ANOVA),143,wavelet-LL_firstorder_Kurtosis,wavelet-LL_firstorder_Kurtosis,8.59019707606597
Doppler,F-Score (ANOVA),144,wavelet-HL_glszm_ZoneEntropy,wavelet-HL_glszm_ZoneEntropy,8.576298123205056
Doppler,F-Score (ANOVA),145,wavelet-HL_firstorder_Median,wavelet-HL_firstorder_Median,8.480414825778878
Doppler,F-Score (ANOVA),146,original_glcm_ClusterProminence,original_glcm_ClusterProminence,8.319585915541188
Doppler,F-Score (ANOVA),147,wavelet-HH_glrlm_RunEntropy,wavelet-HH_glrlm_RunEntropy,8.317784121359379
Doppler,F-Score (ANOVA),148,wavelet-LH_glcm_Idn,wavelet-LH_glcm_Idn,8.307804288264736
Doppler,F-Score (ANOVA),149,wavelet-LH_glszm_LowGrayLevelZoneEmphasis,wavelet-LH_glszm_LowGrayLevelZoneEmphasis,8.29372532964436
Doppler,F-Score (ANOVA),150,wavelet-HL_glcm_DifferenceEntropy,wavelet-HL_glcm_DifferenceEntropy,8.187883440163693
Doppler,F-Score (ANOVA),151,wavelet-LL_glcm_ClusterProminence,wavelet-LL_glcm_ClusterProminence,8.109520072933183
Doppler,F-Score (ANOVA),152,wavelet-HH_firstorder_RobustMeanAbsoluteDeviation,wavelet-HH_firstorder_RobustMeanAbsoluteDeviation,7.988940906429801
Doppler,F-Score (ANOVA),153,wavelet-LL_gldm_SmallDependenceEmphasis,wavelet-LL_gldm_SmallDependenceEmphasis,7.830497897108464
Doppler,F-Score (ANOVA),154,wavelet-LH_glcm_Correlation,wavelet-LH_glcm_Correlation,7.793539950708743
Doppler,F-Score (ANOVA),155,wavelet-HH_ngtdm_Strength,wavelet-HH_ngtdm_Strength,7.444656494458257
Doppler,F-Score (ANOVA),156,wavelet-LL_glrlm_RunEntropy,wavelet-LL_glrlm_RunEntropy,7.338188050486379
Doppler,F-Score (ANOVA),157,wavelet-HH_glcm_JointEntropy,wavelet-HH_glcm_JointEntropy,7.266040977233677
Doppler,F-Score (ANOVA),158,wavelet-LH_firstorder_Median,wavelet-LH_firstorder_Median,7.07515967209784
Doppler,F-Score (ANOVA),159,wavelet-HH_firstorder_Uniformity,wavelet-HH_firstorder_Uniformity,7.061384818673193
Doppler,F-Score (ANOVA),160,wavelet-HL_glszm_SizeZoneNonUniformity,wavelet-HL_glszm_SizeZoneNonUniformity,7.028748322548445
Doppler,F-Score (ANOVA),161,wavelet-HH_glrlm_GrayLevelNonUniformityNormalized,wavelet-HH_glrlm_GrayLevelNonUniformityNormalized,6.9597077622171675
Doppler,F-Score (ANOVA),162,wavelet-HL_firstorder_Mean,wavelet-HL_firstorder_Mean,6.934407352058963
Doppler,F-Score (ANOVA),163,wavelet-HH_gldm_SmallDependenceLowGrayLevelEmphasis,wavelet-HH_gldm_SmallDependenceLowGrayLevelEmphasis,6.85511071589705
Doppler,F-Score (ANOVA),164,wavelet-HH_firstorder_Entropy,wavelet-HH_firstorder_Entropy,6.810540860662481
Doppler,F-Score (ANOVA),165,wavelet-LL_glcm_MaximumProbability,wavelet-LL_glcm_MaximumProbability,6.587341079958898
Doppler,F-Score (ANOVA),166,wavelet-HH_glrlm_LowGrayLevelRunEmphasis,wavelet-HH_glrlm_LowGrayLevelRunEmphasis,6.534135402928224
Doppler,F-Score (ANOVA),167,wavelet-HH_gldm_DependenceNonUniformityNormalized,wavelet-HH_gldm_DependenceNonUniformityNormalized,6.443958327036306
Doppler,F-Score (ANOVA),168,wavelet-HH_glrlm_ShortRunLowGrayLevelEmphasis,wavelet-HH_glrlm_ShortRunLowGrayLevelEmphasis,6.429236299032408
Doppler,F-Score (ANOVA),169,wavelet-HH_glcm_SumEntropy,wavelet-HH_glcm_SumEntropy,6.4209933948766915
Doppler,F-Score (ANOVA),170,wavelet-HH_gldm_LowGrayLevelEmphasis,wavelet-HH_gldm_LowGrayLevelEmphasis,6.405130735380231
Doppler,F-Score (ANOVA),171,wavelet-HH_glcm_JointEnergy,wavelet-HH_glcm_JointEnergy,6.403589483846652
Doppler,F-Score (ANOVA),172,wavelet-HH_glcm_DifferenceEntropy,wavelet-HH_glcm_DifferenceEntropy,6.384125277143037
Doppler,F-Score (ANOVA),173,wavelet-LL_glcm_Imc1,wavelet-LL_glcm_Imc1,6.240548699536544
Doppler,F-Score (ANOVA),174,original_glrlm_GrayLevelNonUniformityNormalized,original_glrlm_GrayLevelNonUniformityNormalized,6.131766119841274
Doppler,F-Score (ANOVA),175,wavelet-HH_gldm_SmallDependenceHighGrayLevelEmphasis,wavelet-HH_gldm_SmallDependenceHighGrayLevelEmphasis,6.121433773869044
Doppler,F-Score (ANOVA),176,wavelet-LH_glcm_Imc1,wavelet-LH_glcm_Imc1,6.089111012756151
Doppler,F-Score (ANOVA),177,wavelet-HL_glrlm_GrayLevelVariance,wavelet-HL_glrlm_GrayLevelVariance,6.070362602812054
Doppler,F-Score (ANOVA),178,wavelet-LL_gldm_SmallDependenceHighGrayLevelEmphasis,wavelet-LL_gldm_SmallDependenceHighGrayLevelEmphasis,6.064342535872902
Doppler,F-Score (ANOVA),179,wavelet-HH_ngtdm_Complexity,wavelet-HH_ngtdm_Complexity,6.031604664420562
Doppler,F-Score (ANOVA),180,wavelet-LL_ngtdm_Strength,wavelet-LL_ngtdm_Strength,6.02353701880582
Doppler,F-Score (ANOVA),181,wavelet-HL_gldm_GrayLevelVariance,wavelet-HL_gldm_GrayLevelVariance,5.993025737868016
Doppler,F-Score (ANOVA),182,wavelet-HH_glcm_SumAverage,wavelet-HH_glcm_SumAverage,5.929675733980809
Doppler,F-Score (ANOVA),183,wavelet-HH_glcm_JointAverage,wavelet-HH_glcm_JointAverage,5.9296757339807815
Doppler,F-Score (ANOVA),184,wavelet-LL_glszm_SmallAreaLowGrayLevelEmphasis,wavelet-LL_glszm_SmallAreaLowGrayLevelEmphasis,5.8906761581844895
Doppler,F-Score (ANOVA),185,original_glrlm_RunPercentage,original_glrlm_RunPercentage,5.887584469459916
Doppler,F-Score (ANOVA),186,wavelet-LH_glrlm_LowGrayLevelRunEmphasis,wavelet-LH_glrlm_LowGrayLevelRunEmphasis,5.871047544924405
Doppler,F-Score (ANOVA),187,wavelet-LL_glszm_SmallAreaEmphasis,wavelet-LL_glszm_SmallAreaEmphasis,5.817398446838756
Doppler,F-Score (ANOVA),188,wavelet-HL_firstorder_RootMeanSquared,wavelet-HL_firstorder_RootMeanSquared,5.772751322043512
Doppler,F-Score (ANOVA),189,wavelet-HH_glcm_Idn,wavelet-HH_glcm_Idn,5.759100347795685
Doppler,F-Score (ANOVA),190,wavelet-LH_gldm_LowGrayLevelEmphasis,wavelet-LH_gldm_LowGrayLevelEmphasis,5.7585789428001615
Doppler,F-Score (ANOVA),191,wavelet-LH_glcm_Idmn,wavelet-LH_glcm_Idmn,5.71757745346837
Doppler,F-Score (ANOVA),192,wavelet-HL_firstorder_Variance,wavelet-HL_firstorder_Variance,5.692211832600665
Doppler,F-Score (ANOVA),193,original_gldm_DependenceVariance,original_gldm_DependenceVariance,5.666831216045748
Doppler,F-Score (ANOVA),194,wavelet-HH_gldm_LargeDependenceHighGrayLevelEmphasis,wavelet-HH_gldm_LargeDependenceHighGrayLevelEmphasis,5.608838793980122
Doppler,F-Score (ANOVA),195,wavelet-HH_gldm_LargeDependenceLowGrayLevelEmphasis,wavelet-HH_gldm_LargeDependenceLowGrayLevelEmphasis,5.600795008723395
Doppler,F-Score (ANOVA),196,wavelet-HH_firstorder_Minimum,wavelet-HH_firstorder_Minimum,5.574258592082904
Doppler,F-Score (ANOVA),197,original_glrlm_LongRunHighGrayLevelEmphasis,original_glrlm_LongRunHighGrayLevelEmphasis,5.548099492496397
Doppler,F-Score (ANOVA),198,wavelet-LL_glcm_JointEnergy,wavelet-LL_glcm_JointEnergy,5.525581269851401
Doppler,F-Score (ANOVA),199,wavelet-HH_firstorder_10Percentile,wavelet-HH_firstorder_10Percentile,5.497452578048314
Doppler,F-Score (ANOVA),200,wavelet-HH_firstorder_90Percentile,wavelet-HH_firstorder_90Percentile,5.444758030887649
Doppler,F-Score (ANOVA),201,wavelet-HH_glrlm_ShortRunHighGrayLevelEmphasis,wavelet-HH_glrlm_ShortRunHighGrayLevelEmphasis,5.32756917690727
Doppler,F-Score (ANOVA),202,wavelet-HH_gldm_HighGrayLevelEmphasis,wavelet-HH_gldm_HighGrayLevelEmphasis,5.303351077872844
Doppler,F-Score (ANOVA),203,wavelet-HH_glcm_Autocorrelation,wavelet-HH_glcm_Autocorrelation,5.30110184941775
Doppler,F-Score (ANOVA),204,wavelet-HH_glrlm_HighGrayLevelRunEmphasis,wavelet-HH_glrlm_HighGrayLevelRunEmphasis,5.288130847098062
Doppler,F-Score (ANOVA),205,original_glcm_JointEnergy,original_glcm_JointEnergy,5.255195350435365
Doppler,F-Score (ANOVA),206,wavelet-HL_glszm_LargeAreaHighGrayLevelEmphasis,wavelet-HL_glszm_LargeAreaHighGrayLevelEmphasis,5.244603530113433
Doppler,F-Score (ANOVA),207,wavelet-LL_glrlm_RunLengthNonUniformity,wavelet-LL_glrlm_RunLengthNonUniformity,5.217579634865556
Doppler,F-Score (ANOVA),208,wavelet-HL_firstorder_MeanAbsoluteDeviation,wavelet-HL_firstorder_MeanAbsoluteDeviation,5.165458179456047
Doppler,F-Score (ANOVA),209,wavelet-HH_glszm_HighGrayLevelZoneEmphasis,wavelet-HH_glszm_HighGrayLevelZoneEmphasis,5.115178524591706
Doppler,F-Score (ANOVA),210,wavelet-HL_gldm_LargeDependenceEmphasis,wavelet-HL_gldm_LargeDependenceEmphasis,5.086487469692685
Doppler,F-Score (ANOVA),211,wavelet-HL_glcm_SumSquares,wavelet-HL_glcm_SumSquares,5.034255062792932
Doppler,F-Score (ANOVA),212,wavelet-HL_firstorder_Energy,wavelet-HL_firstorder_Energy,5.033397742332103
Doppler,F-Score (ANOVA),213,wavelet-HL_firstorder_TotalEnergy,wavelet-HL_firstorder_TotalEnergy,5.033397742332103
Doppler,F-Score (ANOVA),214,wavelet-LH_ngtdm_Strength,wavelet-LH_ngtdm_Strength,4.983192110264603
Doppler,F-Score (ANOVA),215,wavelet-HH_firstorder_Range,wavelet-HH_firstorder_Range,4.93313264130504
Doppler,F-Score (ANOVA),216,original_firstorder_Mean,original_firstorder_Mean,4.797664909244556
Doppler,F-Score (ANOVA),217,wavelet-LL_glrlm_GrayLevelNonUniformity,wavelet-LL_glrlm_GrayLevelNonUniformity,4.709618238299038
Doppler,F-Score (ANOVA),218,wavelet-HH_glcm_ClusterTendency,wavelet-HH_glcm_ClusterTendency,4.596291561093901
Doppler,F-Score (ANOVA),219,wavelet-HL_gldm_SmallDependenceEmphasis,wavelet-HL_gldm_SmallDependenceEmphasis,4.549100159121868
Doppler,F-Score (ANOVA),220,original_glszm_HighGrayLevelZoneEmphasis,original_glszm_HighGrayLevelZoneEmphasis,4.518494839384839
Doppler,F-Score (ANOVA),221,wavelet-LL_firstorder_Mean,wavelet-LL_firstorder_Mean,4.511148933092083
Doppler,F-Score (ANOVA),222,wavelet-LL_glrlm_RunLengthNonUniformityNormalized,wavelet-LL_glrlm_RunLengthNonUniformityNormalized,4.472312869503131
Doppler,F-Score (ANOVA),223,wavelet-HL_ngtdm_Coarseness,wavelet-HL_ngtdm_Coarseness,4.470296831943175
Doppler,F-Score (ANOVA),224,wavelet-HH_glszm_ZonePercentage,wavelet-HH_glszm_ZonePercentage,4.424323891787163
Doppler,F-Score (ANOVA),225,original_gldm_GrayLevelNonUniformity,original_gldm_GrayLevelNonUniformity,4.410102771908291
Doppler,F-Score (ANOVA),226,original_glszm_LargeAreaHighGrayLevelEmphasis,original_glszm_LargeAreaHighGrayLevelEmphasis,4.391312768434143
Doppler,F-Score (ANOVA),227,wavelet-HH_glcm_Idmn,wavelet-HH_glcm_Idmn,4.386781111453615
Doppler,F-Score (ANOVA),228,wavelet-LH_gldm_LargeDependenceHighGrayLevelEmphasis,wavelet-LH_gldm_LargeDependenceHighGrayLevelEmphasis,4.335087707247435
Doppler,F-Score (ANOVA),229,wavelet-HH_gldm_SmallDependenceEmphasis,wavelet-HH_gldm_SmallDependenceEmphasis,4.26073194698967
Doppler,F-Score (ANOVA),230,wavelet-HH_glszm_ZoneEntropy,wavelet-HH_glszm_ZoneEntropy,4.211461139095157
Doppler,F-Score (ANOVA),231,wavelet-LL_glrlm_LongRunHighGrayLevelEmphasis,wavelet-LL_glrlm_LongRunHighGrayLevelEmphasis,4.16928852185681
Doppler,F-Score (ANOVA),232,wavelet-LL_glcm_Idm,wavelet-LL_glcm_Idm,4.093741705504712
Doppler,F-Score (ANOVA),233,wavelet-LH_glrlm_LongRunLowGrayLevelEmphasis,wavelet-LH_glrlm_LongRunLowGrayLevelEmphasis,3.9750654263932037
Doppler,F-Score (ANOVA),234,wavelet-LH_firstorder_Range,wavelet-LH_firstorder_Range,3.925810321265642
Doppler,F-Score (ANOVA),235,wavelet-HL_glszm_LargeAreaEmphasis,wavelet-HL_glszm_LargeAreaEmphasis,3.918521042243109
Doppler,F-Score (ANOVA),236,wavelet-HL_glszm_ZoneVariance,wavelet-HL_glszm_ZoneVariance,3.9153699871318017
Doppler,F-Score (ANOVA),237,wavelet-LL_gldm_GrayLevelNonUniformity,wavelet-LL_gldm_GrayLevelNonUniformity,3.913076824982839
Doppler,F-Score (ANOVA),238,wavelet-HH_ngtdm_Contrast,wavelet-HH_ngtdm_Contrast,3.8523314627292766
Doppler,F-Score (ANOVA),239,original_gldm_LargeDependenceEmphasis,original_gldm_LargeDependenceEmphasis,3.8328064261686134
Doppler,F-Score (ANOVA),240,original_firstorder_InterquartileRange,original_firstorder_InterquartileRange,3.7775901658716755
Doppler,F-Score (ANOVA),241,wavelet-HH_glszm_SizeZoneNonUniformity,wavelet-HH_glszm_SizeZoneNonUniformity,3.7747428912599297
Doppler,F-Score (ANOVA),242,original_ngtdm_Contrast,original_ngtdm_Contrast,3.747238873927468
Doppler,F-Score (ANOVA),243,wavelet-HH_glszm_SmallAreaHighGrayLevelEmphasis,wavelet-HH_glszm_SmallAreaHighGrayLevelEmphasis,3.6866147909796325
Doppler,F-Score (ANOVA),244,wavelet-LL_firstorder_InterquartileRange,wavelet-LL_firstorder_InterquartileRange,3.679584652901958
Doppler,F-Score (ANOVA),245,wavelet-LH_glszm_GrayLevelNonUniformityNormalized,wavelet-LH_glszm_GrayLevelNonUniformityNormalized,3.602230591978643
Doppler,F-Score (ANOVA),246,wavelet-LH_ngtdm_Busyness,wavelet-LH_ngtdm_Busyness,3.5928451086007893
Doppler,F-Score (ANOVA),247,wavelet-HH_gldm_GrayLevelVariance,wavelet-HH_gldm_GrayLevelVariance,3.570377026965561
Doppler,F-Score (ANOVA),248,wavelet-HH_glcm_SumSquares,wavelet-HH_glcm_SumSquares,3.5622183665533247
Doppler,F-Score (ANOVA),249,wavelet-HL_glszm_GrayLevelNonUniformityNormalized,wavelet-HL_glszm_GrayLevelNonUniformityNormalized,3.5087968343204943
Doppler,F-Score (ANOVA),250,wavelet-LL_glszm_LowGrayLevelZoneEmphasis,wavelet-LL_glszm_LowGrayLevelZoneEmphasis,3.436506994357427
Doppler,F-Score (ANOVA),251,wavelet-HH_firstorder_Mean,wavelet-HH_firstorder_Mean,3.381508399694495
Doppler,F-Score (ANOVA),252,original_glrlm_ShortRunHighGrayLevelEmphasis,original_glrlm_ShortRunHighGrayLevelEmphasis,3.3809578444839548
Doppler,F-Score (ANOVA),253,wavelet-LL_glcm_Id,wavelet-LL_glcm_Id,3.380673152725133
Doppler,F-Score (ANOVA),254,wavelet-HH_ngtdm_Busyness,wavelet-HH_ngtdm_Busyness,3.3660180270382893
Doppler,F-Score (ANOVA),255,wavelet-HH_firstorder_Maximum,wavelet-HH_firstorder_Maximum,3.342913751730801
Doppler,F-Score (ANOVA),256,original_firstorder_Variance,original_firstorder_Variance,3.3175363537472817
Doppler,F-Score (ANOVA),257,wavelet-HH_firstorder_Energy,wavelet-HH_firstorder_Energy,3.29110705093015
Doppler,F-Score (ANOVA),258,wavelet-HH_firstorder_TotalEnergy,wavelet-HH_firstorder_TotalEnergy,3.29110705093015
Doppler,F-Score (ANOVA),259,wavelet-HH_glrlm_GrayLevelVariance,wavelet-HH_glrlm_GrayLevelVariance,3.2736744280761716
Doppler,F-Score (ANOVA),260,original_firstorder_RootMeanSquared,original_firstorder_RootMeanSquared,3.245178519594899
Doppler,F-Score (ANOVA),261,wavelet-LL_firstorder_MeanAbsoluteDeviation,wavelet-LL_firstorder_MeanAbsoluteDeviation,3.1890862263590463
Doppler,F-Score (ANOVA),262,wavelet-HH_glszm_ZoneVariance,wavelet-HH_glszm_ZoneVariance,3.0957133678330973
Doppler,F-Score (ANOVA),263,wavelet-HH_glszm_LargeAreaEmphasis,wavelet-HH_glszm_LargeAreaEmphasis,3.0947710929076555
Doppler,F-Score (ANOVA),264,wavelet-HH_glcm_DifferenceVariance,wavelet-HH_glcm_DifferenceVariance,3.030653351752332
Doppler,F-Score (ANOVA),265,wavelet-LL_glrlm_ShortRunEmphasis,wavelet-LL_glrlm_ShortRunEmphasis,2.9852749132941176
Doppler,F-Score (ANOVA),266,wavelet-LL_glrlm_GrayLevelVariance,wavelet-LL_glrlm_GrayLevelVariance,2.900104787784614
Doppler,F-Score (ANOVA),267,original_firstorder_MeanAbsoluteDeviation,original_firstorder_MeanAbsoluteDeviation,2.8976888425283387
Doppler,F-Score (ANOVA),268,original_glszm_SmallAreaLowGrayLevelEmphasis,original_glszm_SmallAreaLowGrayLevelEmphasis,2.851327283205461
Doppler,F-Score (ANOVA),269,original_glcm_Idn,original_glcm_Idn,2.8305594670031424
Doppler,F-Score (ANOVA),270,wavelet-HL_glrlm_RunLengthNonUniformityNormalized,wavelet-HL_glrlm_RunLengthNonUniformityNormalized,2.7956571175902596
Doppler,F-Score (ANOVA),271,wavelet-LH_ngtdm_Coarseness,wavelet-LH_ngtdm_Coarseness,2.7919088272468926
Doppler,F-Score (ANOVA),272,wavelet-HH_firstorder_RootMeanSquared,wavelet-HH_firstorder_RootMeanSquared,2.7246942025421874
Doppler,F-Score (ANOVA),273,wavelet-LL_glszm_HighGrayLevelZoneEmphasis,wavelet-LL_glszm_HighGrayLevelZoneEmphasis,2.715280106220547
Doppler,F-Score (ANOVA),274,wavelet-LH_glszm_LargeAreaLowGrayLevelEmphasis,wavelet-LH_glszm_LargeAreaLowGrayLevelEmphasis,2.692583472128243
Doppler,F-Score (ANOVA),275,wavelet-LH_glrlm_ShortRunLowGrayLevelEmphasis,wavelet-LH_glrlm_ShortRunLowGrayLevelEmphasis,2.6907755573885628
Doppler,F-Score (ANOVA),276,wavelet-LH_glszm_SizeZoneNonUniformity,wavelet-LH_glszm_SizeZoneNonUniformity,2.679186262017019
Doppler,F-Score (ANOVA),277,original_glszm_GrayLevelVariance,original_glszm_GrayLevelVariance,2.6473871732000673
Doppler,F-Score (ANOVA),278,original_firstorder_RobustMeanAbsoluteDeviation,original_firstorder_RobustMeanAbsoluteDeviation,2.639944628982743
Doppler,F-Score (ANOVA),279,wavelet-LL_firstorder_RobustMeanAbsoluteDeviation,wavelet-LL_firstorder_RobustMeanAbsoluteDeviation,2.617887866092863
Doppler,F-Score (ANOVA),280,wavelet-HH_glszm_SizeZoneNonUniformityNormalized,wavelet-HH_glszm_SizeZoneNonUniformityNormalized,2.6052480794576085
Doppler,F-Score (ANOVA),281,wavelet-HL_glrlm_RunPercentage,wavelet-HL_glrlm_RunPercentage,2.5477403850246505
Doppler,F-Score (ANOVA),282,wavelet-HL_glszm_SmallAreaLowGrayLevelEmphasis,wavelet-HL_glszm_SmallAreaLowGrayLevelEmphasis,2.493078464904468
Doppler,F-Score (ANOVA),283,wavelet-HH_glcm_Contrast,wavelet-HH_glcm_Contrast,2.3796694764550694
Doppler,F-Score (ANOVA),284,wavelet-HH_glcm_Imc2,wavelet-HH_glcm_Imc2,2.368889542113804
Doppler,F-Score (ANOVA),285,wavelet-HH_glcm_ClusterProminence,wavelet-HH_glcm_ClusterProminence,2.324563658323504
Doppler,F-Score (ANOVA),286,wavelet-LL_glcm_Idmn,wavelet-LL_glcm_Idmn,2.324335206188688
Doppler,F-Score (ANOVA),287,wavelet-HL_glcm_Contrast,wavelet-HL_glcm_Contrast,2.2259258737631513
Doppler,F-Score (ANOVA),288,original_glszm_ZoneEntropy,original_glszm_ZoneEntropy,2.182767172817431
Doppler,F-Score (ANOVA),289,original_glrlm_GrayLevelVariance,original_glrlm_GrayLevelVariance,2.1790464330362282
Doppler,F-Score (ANOVA),290,original_glszm_SizeZoneNonUniformityNormalized,original_glszm_SizeZoneNonUniformityNormalized,2.1755872936553007
Doppler,F-Score (ANOVA),291,wavelet-HH_firstorder_Variance,wavelet-HH_firstorder_Variance,2.1457032216890166
Doppler,F-Score (ANOVA),292,wavelet-LH_glrlm_RunEntropy,wavelet-LH_glrlm_RunEntropy,2.115755818785086
Doppler,F-Score (ANOVA),293,wavelet-HL_glcm_DifferenceVariance,wavelet-HL_glcm_DifferenceVariance,2.066202885075877
Doppler,F-Score (ANOVA),294,wavelet-LH_glszm_SmallAreaHighGrayLevelEmphasis,wavelet-LH_glszm_SmallAreaHighGrayLevelEmphasis,2.0413641519246033
Doppler,F-Score (ANOVA),295,original_glrlm_RunVariance,original_glrlm_RunVariance,2.030851446705332
Doppler,F-Score (ANOVA),296,wavelet-HL_glcm_ClusterShade,wavelet-HL_glcm_ClusterShade,2.0056947170500936
Doppler,F-Score (ANOVA),297,wavelet-HH_glrlm_ShortRunEmphasis,wavelet-HH_glrlm_ShortRunEmphasis,1.9679236285975068
Doppler,F-Score (ANOVA),298,wavelet-HL_glszm_LargeAreaLowGrayLevelEmphasis,wavelet-HL_glszm_LargeAreaLowGrayLevelEmphasis,1.9655561827592352
Doppler,F-Score (ANOVA),299,wavelet-HL_glcm_JointEnergy,wavelet-HL_glcm_JointEnergy,1.910052686130371
Doppler,F-Score (ANOVA),300,wavelet-HL_glcm_DifferenceAverage,wavelet-HL_glcm_DifferenceAverage,1.7924274834570828
Doppler,F-Score (ANOVA),301,wavelet-LL_glrlm_ShortRunLowGrayLevelEmphasis,wavelet-LL_glrlm_ShortRunLowGrayLevelEmphasis,1.6659762376054812
Doppler,F-Score (ANOVA),302,wavelet-HH_glrlm_LongRunLowGrayLevelEmphasis,wavelet-HH_glrlm_LongRunLowGrayLevelEmphasis,1.6379265046304166
Doppler,F-Score (ANOVA),303,wavelet-LH_glrlm_LongRunHighGrayLevelEmphasis,wavelet-LH_glrlm_LongRunHighGrayLevelEmphasis,1.622380361273039
Doppler,F-Score (ANOVA),304,wavelet-HL_gldm_DependenceNonUniformity,wavelet-HL_gldm_DependenceNonUniformity,1.5967557201510567
Doppler,F-Score (ANOVA),305,wavelet-HL_glrlm_GrayLevelNonUniformity,wavelet-HL_glrlm_GrayLevelNonUniformity,1.561296126542275
Doppler,F-Score (ANOVA),306,original_glrlm_LongRunEmphasis,original_glrlm_LongRunEmphasis,1.531517899662758
Doppler,F-Score (ANOVA),307,original_firstorder_90Percentile,original_firstorder_90Percentile,1.5064891705241756
Doppler,F-Score (ANOVA),308,original_glcm_SumSquares,original_glcm_SumSquares,1.4736992558742847
Doppler,F-Score (ANOVA),309,original_glcm_JointAverage,original_glcm_JointAverage,1.4553437200221744
Doppler,F-Score (ANOVA),310,original_glcm_SumAverage,original_glcm_SumAverage,1.4553437200213586
Doppler,F-Score (ANOVA),311,wavelet-HH_glcm_DifferenceAverage,wavelet-HH_glcm_DifferenceAverage,1.4513643404573195
Doppler,F-Score (ANOVA),312,original_glszm_LowGrayLevelZoneEmphasis,original_glszm_LowGrayLevelZoneEmphasis,1.419495897718068
Doppler,F-Score (ANOVA),313,wavelet-HL_firstorder_Range,wavelet-HL_firstorder_Range,1.4185274454312973
Doppler,F-Score (ANOVA),314,wavelet-LL_ngtdm_Contrast,wavelet-LL_ngtdm_Contrast,1.38476883259112
Doppler,F-Score (ANOVA),315,wavelet-HH_glszm_LargeAreaHighGrayLevelEmphasis,wavelet-HH_glszm_LargeAreaHighGrayLevelEmphasis,1.3826616418909408
Doppler,F-Score (ANOVA),316,wavelet-HH_glszm_LargeAreaLowGrayLevelEmphasis,wavelet-HH_glszm_LargeAreaLowGrayLevelEmphasis,1.3736797425118323
Doppler,F-Score (ANOVA),317,original_gldm_GrayLevelVariance,original_gldm_GrayLevelVariance,1.3490727316482776
Doppler,F-Score (ANOVA),318,wavelet-HL_glcm_Correlation,wavelet-HL_glcm_Correlation,1.308582966949085
Doppler,F-Score (ANOVA),319,wavelet-HH_gldm_DependenceVariance,wavelet-HH_gldm_DependenceVariance,1.285633478724229
Doppler,F-Score (ANOVA),320,wavelet-LL_firstorder_90Percentile,wavelet-LL_firstorder_90Percentile,1.2488249479330171
Doppler,F-Score (ANOVA),321,wavelet-LL_ngtdm_Busyness,wavelet-LL_ngtdm_Busyness,1.2037755298735282
Doppler,F-Score (ANOVA),322,wavelet-HL_ngtdm_Contrast,wavelet-HL_ngtdm_Contrast,1.193115981045847
Doppler,F-Score (ANOVA),323,wavelet-HH_glszm_GrayLevelVariance,wavelet-HH_glszm_GrayLevelVariance,1.1905804783013143
Doppler,F-Score (ANOVA),324,wavelet-HH_glszm_SmallAreaEmphasis,wavelet-HH_glszm_SmallAreaEmphasis,1.1841084062797758
Doppler,F-Score (ANOVA),325,wavelet-LL_glcm_Idn,wavelet-LL_glcm_Idn,1.163995503454376
Doppler,F-Score (ANOVA),326,wavelet-LL_gldm_DependenceVariance,wavelet-LL_gldm_DependenceVariance,1.153100143846161
Doppler,F-Score (ANOVA),327,wavelet-LH_glcm_MCC,wavelet-LH_glcm_MCC,1.1195496420891748
Doppler,F-Score (ANOVA),328,wavelet-HH_glcm_MCC,wavelet-HH_glcm_MCC,1.0698765987946122
Doppler,F-Score (ANOVA),329,wavelet-LH_firstorder_Maximum,wavelet-LH_firstorder_Maximum,1.0554216515106178
Doppler,F-Score (ANOVA),330,original_glrlm_LongRunLowGrayLevelEmphasis,original_glrlm_LongRunLowGrayLevelEmphasis,0.9863246398432364
Doppler,F-Score (ANOVA),331,original_glcm_Autocorrelation,original_glcm_Autocorrelation,0.9765232324885081
Doppler,F-Score (ANOVA),332,wavelet-HL_firstorder_10Percentile,wavelet-HL_firstorder_10Percentile,0.9439321174904077
Doppler,F-Score (ANOVA),333,wavelet-LL_gldm_DependenceNonUniformity,wavelet-LL_gldm_DependenceNonUniformity,0.937243002630992
Doppler,F-Score (ANOVA),334,original_gldm_HighGrayLevelEmphasis,original_gldm_HighGrayLevelEmphasis,0.9367029812391086
Doppler,F-Score (ANOVA),335,wavelet-HH_glcm_Idm,wavelet-HH_glcm_Idm,0.9366926648611742
Doppler,F-Score (ANOVA),336,wavelet-HL_glrlm_RunLengthNonUniformity,wavelet-HL_glrlm_RunLengthNonUniformity,0.9199565529490296
Doppler,F-Score (ANOVA),337,wavelet-HH_glcm_MaximumProbability,wavelet-HH_glcm_MaximumProbability,0.9123364165080591
Doppler,F-Score (ANOVA),338,wavelet-LL_glrlm_ShortRunHighGrayLevelEmphasis,wavelet-LL_glrlm_ShortRunHighGrayLevelEmphasis,0.9073683215074595
Doppler,F-Score (ANOVA),339,wavelet-HH_gldm_DependenceNonUniformity,wavelet-HH_gldm_DependenceNonUniformity,0.8987009264055879
Doppler,F-Score (ANOVA),340,wavelet-HL_gldm_GrayLevelNonUniformity,wavelet-HL_gldm_GrayLevelNonUniformity,0.8924731308832079
Doppler,F-Score (ANOVA),341,wavelet-LL_glrlm_RunPercentage,wavelet-LL_glrlm_RunPercentage,0.8896068315338702
Doppler,F-Score (ANOVA),342,original_ngtdm_Busyness,original_ngtdm_Busyness,0.8860601359781435
Doppler,F-Score (ANOVA),343,wavelet-LL_glrlm_RunVariance,wavelet-LL_glrlm_RunVariance,0.8851479204865218
Doppler,F-Score (ANOVA),344,wavelet-LL_glszm_GrayLevelVariance,wavelet-LL_glszm_GrayLevelVariance,0.8783899748279613
Doppler,F-Score (ANOVA),345,wavelet-HL_glcm_MaximumProbability,wavelet-HL_glcm_MaximumProbability,0.8450918569644751
Doppler,F-Score (ANOVA),346,original_firstorder_Minimum,original_firstorder_Minimum,0.8441552049779756
Doppler,F-Score (ANOVA),347,wavelet-HL_ngtdm_Busyness,wavelet-HL_ngtdm_Busyness,0.8418704827500453
Doppler,F-Score (ANOVA),348,wavelet-LL_glrlm_LongRunEmphasis,wavelet-LL_glrlm_LongRunEmphasis,0.8361019110757731
Doppler,F-Score (ANOVA),349,wavelet-LH_glszm_LargeAreaHighGrayLevelEmphasis,wavelet-LH_glszm_LargeAreaHighGrayLevelEmphasis,0.8265879547973959
Doppler,F-Score (ANOVA),350,wavelet-LL_firstorder_Minimum,wavelet-LL_firstorder_Minimum,0.8163821670993705
Doppler,F-Score (ANOVA),351,original_gldm_SmallDependenceLowGrayLevelEmphasis,original_gldm_SmallDependenceLowGrayLevelEmphasis,0.7484301538524791
Doppler,F-Score (ANOVA),352,wavelet-LL_glszm_ZoneVariance,wavelet-LL_glszm_ZoneVariance,0.7358433454605866
Doppler,F-Score (ANOVA),353,wavelet-LL_glszm_LargeAreaEmphasis,wavelet-LL_glszm_LargeAreaEmphasis,0.7321705197108392
Doppler,F-Score (ANOVA),354,original_glszm_LargeAreaLowGrayLevelEmphasis,original_glszm_LargeAreaLowGrayLevelEmphasis,0.7294743817116589
Doppler,F-Score (ANOVA),355,wavelet-LH_gldm_SmallDependenceLowGrayLevelEmphasis,wavelet-LH_gldm_SmallDependenceLowGrayLevelEmphasis,0.7162793065005364
Doppler,F-Score (ANOVA),356,wavelet-LL_glszm_GrayLevelNonUniformityNormalized,wavelet-LL_glszm_GrayLevelNonUniformityNormalized,0.7082278355352066
Doppler,F-Score (ANOVA),357,wavelet-HL_glszm_LowGrayLevelZoneEmphasis,wavelet-HL_glszm_LowGrayLevelZoneEmphasis,0.7063287161306631
Doppler,F-Score (ANOVA),358,wavelet-LL_gldm_SmallDependenceLowGrayLevelEmphasis,wavelet-LL_gldm_SmallDependenceLowGrayLevelEmphasis,0.696437715890211
Doppler,F-Score (ANOVA),359,wavelet-LH_glszm_GrayLevelVariance,wavelet-LH_glszm_GrayLevelVariance,0.6799396683549621
Doppler,F-Score (ANOVA),360,wavelet-HH_glcm_Id,wavelet-HH_glcm_Id,0.6722927713404726
Doppler,F-Score (ANOVA),361,wavelet-HH_gldm_GrayLevelNonUniformity,wavelet-HH_gldm_GrayLevelNonUniformity,0.6682366932027536
Doppler,F-Score (ANOVA),362,original_firstorder_Energy,original_firstorder_Energy,0.6509497876349554
Doppler,F-Score (ANOVA),363,original_firstorder_TotalEnergy,original_firstorder_TotalEnergy,0.6509497876349554
Doppler,F-Score (ANOVA),364,wavelet-HH_glcm_Imc1,wavelet-HH_glcm_Imc1,0.6468990829319806
Doppler,F-Score (ANOVA),365,wavelet-HH_ngtdm_Coarseness,wavelet-HH_ngtdm_Coarseness,0.6291016890147604
Doppler,F-Score (ANOVA),366,original_gldm_LargeDependenceLowGrayLevelEmphasis,original_gldm_LargeDependenceLowGrayLevelEmphasis,0.6265987236755217
Doppler,F-Score (ANOVA),367,wavelet-LL_glrlm_LowGrayLevelRunEmphasis,wavelet-LL_glrlm_LowGrayLevelRunEmphasis,0.6229817786460456
Doppler,F-Score (ANOVA),368,wavelet-HH_glrlm_LongRunEmphasis,wavelet-HH_glrlm_LongRunEmphasis,0.5995962833676715
Doppler,F-Score (ANOVA),369,wavelet-LH_gldm_DependenceNonUniformity,wavelet-LH_gldm_DependenceNonUniformity,0.5879845803484866
Doppler,F-Score (ANOVA),370,wavelet-HH_glrlm_RunVariance,wavelet-HH_glrlm_RunVariance,0.5832041744666234
Doppler,F-Score (ANOVA),371,wavelet-LL_firstorder_Energy,wavelet-LL_firstorder_Energy,0.5829172790544743
Doppler,F-Score (ANOVA),372,wavelet-LL_firstorder_TotalEnergy,wavelet-LL_firstorder_TotalEnergy,0.5829172790544743
Doppler,F-Score (ANOVA),373,wavelet-LL_glcm_SumAverage,wavelet-LL_glcm_SumAverage,0.5745650022943336
Doppler,F-Score (ANOVA),374,wavelet-LL_glcm_JointAverage,wavelet-LL_glcm_JointAverage,0.5745650022935865
Doppler,F-Score (ANOVA),375,wavelet-HH_firstorder_Kurtosis,wavelet-HH_firstorder_Kurtosis,0.5602522174556049
Doppler,F-Score (ANOVA),376,wavelet-HH_glrlm_GrayLevelNonUniformity,wavelet-HH_glrlm_GrayLevelNonUniformity,0.5562582913774257
Doppler,F-Score (ANOVA),377,original_glcm_Idmn,original_glcm_Idmn,0.5440153125688761
Doppler,F-Score (ANOVA),378,original_gldm_DependenceNonUniformity,original_gldm_DependenceNonUniformity,0.5395655539204693
Doppler,F-Score (ANOVA),379,original_gldm_LowGrayLevelEmphasis,original_gldm_LowGrayLevelEmphasis,0.5235016679197175
Doppler,F-Score (ANOVA),380,wavelet-HL_glrlm_LongRunLowGrayLevelEmphasis,wavelet-HL_glrlm_LongRunLowGrayLevelEmphasis,0.5211167052459452
Doppler,F-Score (ANOVA),381,wavelet-HL_glcm_Idmn,wavelet-HL_glcm_Idmn,0.519643274666755
Doppler,F-Score (ANOVA),382,wavelet-HL_glrlm_RunVariance,wavelet-HL_glrlm_RunVariance,0.5145482939298905
Doppler,F-Score (ANOVA),383,wavelet-HH_glcm_ClusterShade,wavelet-HH_glcm_ClusterShade,0.5067258888620456
Doppler,F-Score (ANOVA),384,wavelet-HL_glszm_GrayLevelVariance,wavelet-HL_glszm_GrayLevelVariance,0.4966154235903156
Doppler,F-Score (ANOVA),385,wavelet-LL_gldm_DependenceNonUniformityNormalized,wavelet-LL_gldm_DependenceNonUniformityNormalized,0.44168294867969593
Doppler,F-Score (ANOVA),386,wavelet-HH_firstorder_Median,wavelet-HH_firstorder_Median,0.4213473221202721
Doppler,F-Score (ANOVA),387,wavelet-LL_firstorder_Variance,wavelet-LL_firstorder_Variance,0.3917596732826073
Doppler,F-Score (ANOVA),388,wavelet-HH_glrlm_RunLengthNonUniformity,wavelet-HH_glrlm_RunLengthNonUniformity,0.3834513078253615
Doppler,F-Score (ANOVA),389,wavelet-HL_ngtdm_Complexity,wavelet-HL_ngtdm_Complexity,0.38116270648491013
Doppler,F-Score (ANOVA),390,wavelet-HL_glszm_GrayLevelNonUniformity,wavelet-HL_glszm_GrayLevelNonUniformity,0.37513509667737177
Doppler,F-Score (ANOVA),391,wavelet-LL_glszm_LargeAreaLowGrayLevelEmphasis,wavelet-LL_glszm_LargeAreaLowGrayLevelEmphasis,0.3725108426326485
Doppler,F-Score (ANOVA),392,wavelet-LL_firstorder_RootMeanSquared,wavelet-LL_firstorder_RootMeanSquared,0.36575172196464667
Doppler,F-Score (ANOVA),393,original_glszm_GrayLevelNonUniformityNormalized,original_glszm_GrayLevelNonUniformityNormalized,0.36085886709558224
Doppler,F-Score (ANOVA),394,wavelet-LL_glszm_LargeAreaHighGrayLevelEmphasis,wavelet-LL_glszm_LargeAreaHighGrayLevelEmphasis,0.3596682543355479
Doppler,F-Score (ANOVA),395,wavelet-HL_glcm_Id,wavelet-HL_glcm_Id,0.3584127560474381
Doppler,F-Score (ANOVA),396,wavelet-HH_glrlm_RunPercentage,wavelet-HH_glrlm_RunPercentage,0.3559739548595632
Doppler,F-Score (ANOVA),397,wavelet-HL_glrlm_ShortRunHighGrayLevelEmphasis,wavelet-HL_glrlm_ShortRunHighGrayLevelEmphasis,0.33877761650712596
Doppler,F-Score (ANOVA),398,wavelet-HL_glrlm_LongRunEmphasis,wavelet-HL_glrlm_LongRunEmphasis,0.3346201672380071
Doppler,F-Score (ANOVA),399,original_glcm_InverseVariance,original_glcm_InverseVariance,0.32366544773918593
Doppler,F-Score (ANOVA),400,wavelet-LL_glcm_ClusterTendency,wavelet-LL_glcm_ClusterTendency,0.32272575157688094
Doppler,F-Score (ANOVA),401,wavelet-HL_glcm_Idn,wavelet-HL_glcm_Idn,0.32028374281381783
Doppler,F-Score (ANOVA),402,wavelet-HL_glcm_Autocorrelation,wavelet-HL_glcm_Autocorrelation,0.31794833410537154
Doppler,F-Score (ANOVA),403,wavelet-HL_gldm_HighGrayLevelEmphasis,wavelet-HL_gldm_HighGrayLevelEmphasis,0.3166281146733562
Doppler,F-Score (ANOVA),404,wavelet-HL_glrlm_HighGrayLevelRunEmphasis,wavelet-HL_glrlm_HighGrayLevelRunEmphasis,0.30914455966309196
Doppler,F-Score (ANOVA),405,wavelet-HL_firstorder_RobustMeanAbsoluteDeviation,wavelet-HL_firstorder_RobustMeanAbsoluteDeviation,0.30294319311851137
Doppler,F-Score (ANOVA),406,wavelet-LL_glcm_SumSquares,wavelet-LL_glcm_SumSquares,0.3021990489659538
Doppler,F-Score (ANOVA),407,wavelet-HL_firstorder_Minimum,wavelet-HL_firstorder_Minimum,0.28669242732670125
Doppler,F-Score (ANOVA),408,wavelet-HL_firstorder_InterquartileRange,wavelet-HL_firstorder_InterquartileRange,0.2838842564796086
Doppler,F-Score (ANOVA),409,wavelet-LL_glcm_Autocorrelation,wavelet-LL_glcm_Autocorrelation,0.2809636016159458
Doppler,F-Score (ANOVA),410,wavelet-HL_glcm_MCC,wavelet-HL_glcm_MCC,0.2762574379568355
Doppler,F-Score (ANOVA),411,wavelet-LH_firstorder_Kurtosis,wavelet-LH_firstorder_Kurtosis,0.26613214383698797
Doppler,F-Score (ANOVA),412,original_glszm_ZoneVariance,original_glszm_ZoneVariance,0.2633925065574065
Doppler,F-Score (ANOVA),413,original_glszm_LargeAreaEmphasis,original_glszm_LargeAreaEmphasis,0.2627107671817505
Doppler,F-Score (ANOVA),414,wavelet-LL_gldm_HighGrayLevelEmphasis,wavelet-LL_gldm_HighGrayLevelEmphasis,0.2625645845471584
Doppler,F-Score (ANOVA),415,wavelet-HL_glszm_SmallAreaHighGrayLevelEmphasis,wavelet-HL_glszm_SmallAreaHighGrayLevelEmphasis,0.26220669799373403
Doppler,F-Score (ANOVA),416,wavelet-HL_glrlm_LongRunHighGrayLevelEmphasis,wavelet-HL_glrlm_LongRunHighGrayLevelEmphasis,0.2600334565642789
Doppler,F-Score (ANOVA),417,wavelet-HL_glcm_JointAverage,wavelet-HL_glcm_JointAverage,0.25811468205978244
Doppler,F-Score (ANOVA),418,wavelet-HL_glcm_SumAverage,wavelet-HL_glcm_SumAverage,0.2581146820582867
Doppler,F-Score (ANOVA),419,original_gldm_DependenceNonUniformityNormalized,original_gldm_DependenceNonUniformityNormalized,0.25385250827683054
Doppler,F-Score (ANOVA),420,wavelet-HL_gldm_SmallDependenceLowGrayLevelEmphasis,wavelet-HL_gldm_SmallDependenceLowGrayLevelEmphasis,0.22626998037474877
Doppler,F-Score (ANOVA),421,wavelet-HL_glszm_HighGrayLevelZoneEmphasis,wavelet-HL_glszm_HighGrayLevelZoneEmphasis,0.19864647996057283
Doppler,F-Score (ANOVA),422,wavelet-LL_gldm_LargeDependenceEmphasis,wavelet-LL_gldm_LargeDependenceEmphasis,0.19558161966194443
Doppler,F-Score (ANOVA),423,original_glszm_SmallAreaEmphasis,original_glszm_SmallAreaEmphasis,0.18734007347374418
Doppler,F-Score (ANOVA),424,wavelet-LL_gldm_GrayLevelVariance,wavelet-LL_gldm_GrayLevelVariance,0.185582180142246
Doppler,F-Score (ANOVA),425,wavelet-LH_glrlm_RunVariance,wavelet-LH_glrlm_RunVariance,0.1788670832867415
Doppler,F-Score (ANOVA),426,wavelet-HH_firstorder_Skewness,wavelet-HH_firstorder_Skewness,0.1702109955323714
Doppler,F-Score (ANOVA),427,wavelet-LH_gldm_GrayLevelNonUniformity,wavelet-LH_gldm_GrayLevelNonUniformity,0.16515443241184696
Doppler,F-Score (ANOVA),428,wavelet-HH_glcm_Correlation,wavelet-HH_glcm_Correlation,0.14515699453093303
Doppler,F-Score (ANOVA),429,original_glrlm_ShortRunLowGrayLevelEmphasis,original_glrlm_ShortRunLowGrayLevelEmphasis,0.14197146511758088
Doppler,F-Score (ANOVA),430,wavelet-HL_ngtdm_Strength,wavelet-HL_ngtdm_Strength,0.13847813601253056
Doppler,F-Score (ANOVA),431,original_glrlm_LowGrayLevelRunEmphasis,original_glrlm_LowGrayLevelRunEmphasis,0.12062671679253062
Doppler,F-Score (ANOVA),432,wavelet-LH_firstorder_Mean,wavelet-LH_firstorder_Mean,0.120507255371818
Doppler,F-Score (ANOVA),433,wavelet-HH_firstorder_MeanAbsoluteDeviation,wavelet-HH_firstorder_MeanAbsoluteDeviation,0.11540020273333522
Doppler,F-Score (ANOVA),434,wavelet-LL_gldm_LowGrayLevelEmphasis,wavelet-LL_gldm_LowGrayLevelEmphasis,0.11298585652711321
Doppler,F-Score (ANOVA),435,wavelet-HH_gldm_LargeDependenceEmphasis,wavelet-HH_gldm_LargeDependenceEmphasis,0.1119555275618785
Doppler,F-Score (ANOVA),436,wavelet-HH_glrlm_RunLengthNonUniformityNormalized,wavelet-HH_glrlm_RunLengthNonUniformityNormalized,0.11052428204579812
Doppler,F-Score (ANOVA),437,wavelet-HL_firstorder_90Percentile,wavelet-HL_firstorder_90Percentile,0.10477002762893635
Doppler,F-Score (ANOVA),438,wavelet-LH_glrlm_GrayLevelNonUniformity,wavelet-LH_glrlm_GrayLevelNonUniformity,0.07035452504547325
Doppler,F-Score (ANOVA),439,wavelet-HL_gldm_LargeDependenceHighGrayLevelEmphasis,wavelet-HL_gldm_LargeDependenceHighGrayLevelEmphasis,0.0618472165723633
Doppler,F-Score (ANOVA),440,original_glcm_JointEntropy,original_glcm_JointEntropy,0.05769843331417997
Doppler,F-Score (ANOVA),441,wavelet-HL_gldm_LargeDependenceLowGrayLevelEmphasis,wavelet-HL_gldm_LargeDependenceLowGrayLevelEmphasis,0.05222917369707492
Doppler,F-Score (ANOVA),442,wavelet-LH_gldm_DependenceVariance,wavelet-LH_gldm_DependenceVariance,0.0404090974031539
Doppler,F-Score (ANOVA),443,wavelet-LH_glszm_LargeAreaEmphasis,wavelet-LH_glszm_LargeAreaEmphasis,0.04025070875636485
Doppler,F-Score (ANOVA),444,wavelet-LH_glszm_ZoneVariance,wavelet-LH_glszm_ZoneVariance,0.03981497952678269
Doppler,F-Score (ANOVA),445,wavelet-LL_glrlm_LongRunLowGrayLevelEmphasis,wavelet-LL_glrlm_LongRunLowGrayLevelEmphasis,0.03697813633106094
Doppler,F-Score (ANOVA),446,wavelet-LH_gldm_DependenceNonUniformityNormalized,wavelet-LH_gldm_DependenceNonUniformityNormalized,0.033251482352720546
Doppler,F-Score (ANOVA),447,original_glcm_ClusterTendency,original_glcm_ClusterTendency,0.03286457836689479
Doppler,F-Score (ANOVA),448,wavelet-LL_glcm_JointEntropy,wavelet-LL_glcm_JointEntropy,0.031636900888459794
Doppler,F-Score (ANOVA),449,wavelet-LL_gldm_LargeDependenceLowGrayLevelEmphasis,wavelet-LL_gldm_LargeDependenceLowGrayLevelEmphasis,0.029765215362816018
Doppler,F-Score (ANOVA),450,wavelet-LH_glrlm_LongRunEmphasis,wavelet-LH_glrlm_LongRunEmphasis,0.026127950321188635
Doppler,F-Score (ANOVA),451,wavelet-HL_glcm_Idm,wavelet-HL_glcm_Idm,0.023295797194889122
Doppler,F-Score (ANOVA),452,wavelet-HL_glrlm_ShortRunLowGrayLevelEmphasis,wavelet-HL_glrlm_ShortRunLowGrayLevelEmphasis,0.020597713744604243
Doppler,F-Score (ANOVA),453,wavelet-HL_glrlm_ShortRunEmphasis,wavelet-HL_glrlm_ShortRunEmphasis,0.019942589530423185
Doppler,F-Score (ANOVA),454,wavelet-HL_glrlm_LowGrayLevelRunEmphasis,wavelet-HL_glrlm_LowGrayLevelRunEmphasis,0.015917647796285652
Doppler,F-Score (ANOVA),455,wavelet-HL_gldm_LowGrayLevelEmphasis,wavelet-HL_gldm_LowGrayLevelEmphasis,0.01436455794785019
Doppler,F-Score (ANOVA),456,wavelet-LH_firstorder_Skewness,wavelet-LH_firstorder_Skewness,0.01359084397294928
Doppler,F-Score (ANOVA),457,wavelet-HH_glrlm_LongRunHighGrayLevelEmphasis,wavelet-HH_glrlm_LongRunHighGrayLevelEmphasis,0.013349433206819118
Doppler,F-Score (ANOVA),458,original_glrlm_HighGrayLevelRunEmphasis,original_glrlm_HighGrayLevelRunEmphasis,0.0076342298888638655
Doppler,F-Score (ANOVA),459,wavelet-LL_glrlm_HighGrayLevelRunEmphasis,wavelet-LL_glrlm_HighGrayLevelRunEmphasis,0.007261369083478344
Doppler,F-Score (ANOVA),460,wavelet-HL_glszm_SizeZoneNonUniformityNormalized,wavelet-HL_glszm_SizeZoneNonUniformityNormalized,0.004152704764877808
Doppler,F-Score (ANOVA),461,wavelet-HL_glszm_SmallAreaEmphasis,wavelet-HL_glszm_SmallAreaEmphasis,0.0026749720589958896
Doppler,F-Score (ANOVA),462,wavelet-HH_glszm_GrayLevelNonUniformityNormalized,wavelet-HH_glszm_GrayLevelNonUniformityNormalized,0.002146423064076824
Doppler,F-Score (ANOVA),463,wavelet-HL_gldm_SmallDependenceHighGrayLevelEmphasis,wavelet-HL_gldm_SmallDependenceHighGrayLevelEmphasis,0.0008992011154305641
Doppler,F-Score (ANOVA),464,wavelet-HH_glcm_InverseVariance,wavelet-HH_glcm_InverseVariance,0.00035790294815203204
Doppler,F-Score (ANOVA),465,wavelet-HL_glcm_ClusterProminence,wavelet-HL_glcm_ClusterProminence,1.0372306869331508e-07
Doppler,Mutual Information,1,wavelet-LH_glrlm_GrayLevelNonUniformityNormalized,wavelet-LH_glrlm_GrayLevelNonUniformityNormalized,0.15600685925048996
Doppler,Mutual Information,2,wavelet-HH_gldm_LargeDependenceHighGrayLevelEmphasis,wavelet-HH_gldm_LargeDependenceHighGrayLevelEmphasis,0.1483857685448049
Doppler,Mutual Information,3,wavelet-HH_glcm_MaximumProbability,wavelet-HH_glcm_MaximumProbability,0.1432642517221292
Doppler,Mutual Information,4,wavelet-LH_gldm_GrayLevelVariance,wavelet-LH_gldm_GrayLevelVariance,0.13899590006702756
Doppler,Mutual Information,5,wavelet-LL_glcm_Idmn,wavelet-LL_glcm_Idmn,0.1352897203303567
Doppler,Mutual Information,6,wavelet-LL_glcm_SumAverage,wavelet-LL_glcm_SumAverage,0.134096875730064
Doppler,Mutual Information,7,wavelet-LL_glcm_JointAverage,wavelet-LL_glcm_JointAverage,0.134096875730064
Doppler,Mutual Information,8,wavelet-HH_gldm_DependenceNonUniformity,wavelet-HH_gldm_DependenceNonUniformity,0.12540032126222944
Doppler,Mutual Information,9,wavelet-LH_firstorder_90Percentile,wavelet-LH_firstorder_90Percentile,0.12480676545790037
Doppler,Mutual Information,10,wavelet-HH_gldm_DependenceNonUniformityNormalized,wavelet-HH_gldm_DependenceNonUniformityNormalized,0.12413269064066612
Doppler,Mutual Information,11,wavelet-HL_glrlm_RunEntropy,wavelet-HL_glrlm_RunEntropy,0.1236506321990467
Doppler,Mutual Information,12,wavelet-LH_firstorder_MeanAbsoluteDeviation,wavelet-LH_firstorder_MeanAbsoluteDeviation,0.12195437969551914
Doppler,Mutual Information,13,wavelet-HH_ngtdm_Strength,wavelet-HH_ngtdm_Strength,0.12176847000604285
Doppler,Mutual Information,14,wavelet-LH_gldm_GrayLevelNonUniformity,wavelet-LH_gldm_GrayLevelNonUniformity,0.12167119260575454
Doppler,Mutual Information,15,wavelet-LL_glcm_Correlation,wavelet-LL_glcm_Correlation,0.12101584112036279
Doppler,Mutual Information,16,wavelet-LH_glcm_ClusterTendency,wavelet-LH_glcm_ClusterTendency,0.11835198333343877
Doppler,Mutual Information,17,wavelet-HH_glrlm_LongRunHighGrayLevelEmphasis,wavelet-HH_glrlm_LongRunHighGrayLevelEmphasis,0.11826352836581777
Doppler,Mutual Information,18,wavelet-LH_firstorder_Uniformity,wavelet-LH_firstorder_Uniformity,0.1178385863855076
Doppler,Mutual Information,19,wavelet-LL_glcm_Autocorrelation,wavelet-LL_glcm_Autocorrelation,0.11684896061367578
Doppler,Mutual Information,20,wavelet-HH_glszm_SmallAreaLowGrayLevelEmphasis,wavelet-HH_glszm_SmallAreaLowGrayLevelEmphasis,0.11655324303585224
Doppler,Mutual Information,21,wavelet-HH_ngtdm_Complexity,wavelet-HH_ngtdm_Complexity,0.11591840821905741
Doppler,Mutual Information,22,wavelet-LL_glcm_Imc2,wavelet-LL_glcm_Imc2,0.11557258582055874
Doppler,Mutual Information,23,wavelet-LH_gldm_LargeDependenceLowGrayLevelEmphasis,wavelet-LH_gldm_LargeDependenceLowGrayLevelEmphasis,0.11449897358617456
Doppler,Mutual Information,24,original_glcm_Autocorrelation,original_glcm_Autocorrelation,0.11266469958283087
Doppler,Mutual Information,25,wavelet-LH_glrlm_GrayLevelNonUniformity,wavelet-LH_glrlm_GrayLevelNonUniformity,0.11248200017248045
Doppler,Mutual Information,26,wavelet-LL_glcm_Contrast,wavelet-LL_glcm_Contrast,0.1114876486778662
Doppler,Mutual Information,27,wavelet-HH_gldm_HighGrayLevelEmphasis,wavelet-HH_gldm_HighGrayLevelEmphasis,0.11058982606463275
Doppler,Mutual Information,28,wavelet-LL_glszm_ZoneVariance,wavelet-LL_glszm_ZoneVariance,0.10949956972544106
Doppler,Mutual Information,29,wavelet-LH_glcm_JointEntropy,wavelet-LH_glcm_JointEntropy,0.10945345893168712
Doppler,Mutual Information,30,wavelet-HH_ngtdm_Busyness,wavelet-HH_ngtdm_Busyness,0.10908929582740834
Doppler,Mutual Information,31,wavelet-LL_glcm_Imc1,wavelet-LL_glcm_Imc1,0.1077455938024745
Doppler,Mutual Information,32,wavelet-LL_gldm_LowGrayLevelEmphasis,wavelet-LL_gldm_LowGrayLevelEmphasis,0.10718773731472497
Doppler,Mutual Information,33,wavelet-LH_glcm_Imc2,wavelet-LH_glcm_Imc2,0.10682396533904881
Doppler,Mutual Information,34,wavelet-LH_firstorder_Entropy,wavelet-LH_firstorder_Entropy,0.1067667182295875
Doppler,Mutual Information,35,wavelet-LH_glszm_ZonePercentage,wavelet-LH_glszm_ZonePercentage,0.10602674501486065
Doppler,Mutual Information,36,wavelet-LH_ngtdm_Strength,wavelet-LH_ngtdm_Strength,0.1057705868031038
Doppler,Mutual Information,37,wavelet-HH_glszm_LargeAreaLowGrayLevelEmphasis,wavelet-HH_glszm_LargeAreaLowGrayLevelEmphasis,0.10528388503496378
Doppler,Mutual Information,38,wavelet-LL_gldm_DependenceEntropy,wavelet-LL_gldm_DependenceEntropy,0.10496888530079795
Doppler,Mutual Information,39,wavelet-LH_glcm_DifferenceAverage,wavelet-LH_glcm_DifferenceAverage,0.10413842126933592
Doppler,Mutual Information,40,wavelet-LH_glcm_ClusterProminence,wavelet-LH_glcm_ClusterProminence,0.1041027305565243
Doppler,Mutual Information,41,wavelet-LH_glcm_DifferenceEntropy,wavelet-LH_glcm_DifferenceEntropy,0.10309805379413572
Doppler,Mutual Information,42,wavelet-LH_firstorder_Skewness,wavelet-LH_firstorder_Skewness,0.10235931780986474
Doppler,Mutual Information,43,wavelet-HH_glrlm_ShortRunLowGrayLevelEmphasis,wavelet-HH_glrlm_ShortRunLowGrayLevelEmphasis,0.10210255597549955
Doppler,Mutual Information,44,wavelet-LH_glcm_Id,wavelet-LH_glcm_Id,0.10194124051311482
Doppler,Mutual Information,45,wavelet-LH_glcm_SumEntropy,wavelet-LH_glcm_SumEntropy,0.10191513173659561
Doppler,Mutual Information,46,wavelet-LL_gldm_HighGrayLevelEmphasis,wavelet-LL_gldm_HighGrayLevelEmphasis,0.10064674834404763
Doppler,Mutual Information,47,wavelet-LH_gldm_LargeDependenceEmphasis,wavelet-LH_gldm_LargeDependenceEmphasis,0.10031051576075445
Doppler,Mutual Information,48,wavelet-LH_glrlm_RunPercentage,wavelet-LH_glrlm_RunPercentage,0.0985478661969903
Doppler,Mutual Information,49,wavelet-HL_gldm_DependenceEntropy,wavelet-HL_gldm_DependenceEntropy,0.0977202072998018
Doppler,Mutual Information,50,original_firstorder_Maximum,original_firstorder_Maximum,0.09732635882701546
Doppler,Mutual Information,51,wavelet-HH_firstorder_Maximum,wavelet-HH_firstorder_Maximum,0.09715302935871217
Doppler,Mutual Information,52,original_firstorder_Uniformity,original_firstorder_Uniformity,0.09677522368314007
Doppler,Mutual Information,53,wavelet-HL_glcm_InverseVariance,wavelet-HL_glcm_InverseVariance,0.09610353928020055
Doppler,Mutual Information,54,wavelet-LH_ngtdm_Coarseness,wavelet-LH_ngtdm_Coarseness,0.09591448074309117
Doppler,Mutual Information,55,wavelet-HH_glrlm_LongRunLowGrayLevelEmphasis,wavelet-HH_glrlm_LongRunLowGrayLevelEmphasis,0.09563213009239568
Doppler,Mutual Information,56,original_glrlm_RunEntropy,original_glrlm_RunEntropy,0.09556526431612444
Doppler,Mutual Information,57,wavelet-LH_firstorder_Kurtosis,wavelet-LH_firstorder_Kurtosis,0.09553414051981779
Doppler,Mutual Information,58,wavelet-HL_gldm_LargeDependenceLowGrayLevelEmphasis,wavelet-HL_gldm_LargeDependenceLowGrayLevelEmphasis,0.09222659884569873
Doppler,Mutual Information,59,wavelet-LL_ngtdm_Coarseness,wavelet-LL_ngtdm_Coarseness,0.09196238079288177
Doppler,Mutual Information,60,wavelet-LH_glrlm_ShortRunHighGrayLevelEmphasis,wavelet-LH_glrlm_ShortRunHighGrayLevelEmphasis,0.09026407367334865
Doppler,Mutual Information,61,wavelet-HL_glszm_GrayLevelNonUniformity,wavelet-HL_glszm_GrayLevelNonUniformity,0.08998292993859924
Doppler,Mutual Information,62,wavelet-LH_glcm_SumSquares,wavelet-LH_glcm_SumSquares,0.08945955051721244
Doppler,Mutual Information,63,wavelet-LH_glszm_SmallAreaEmphasis,wavelet-LH_glszm_SmallAreaEmphasis,0.08931679907518686
Doppler,Mutual Information,64,wavelet-HH_glcm_Imc2,wavelet-HH_glcm_Imc2,0.08923286578287737
Doppler,Mutual Information,65,wavelet-LH_gldm_HighGrayLevelEmphasis,wavelet-LH_gldm_HighGrayLevelEmphasis,0.087879005337264
Doppler,Mutual Information,66,wavelet-HH_glszm_LowGrayLevelZoneEmphasis,wavelet-HH_glszm_LowGrayLevelZoneEmphasis,0.08703823006908795
Doppler,Mutual Information,67,wavelet-HL_glcm_Autocorrelation,wavelet-HL_glcm_Autocorrelation,0.08685563725278378
Doppler,Mutual Information,68,wavelet-HH_glrlm_RunEntropy,wavelet-HH_glrlm_RunEntropy,0.08638511759413481
Doppler,Mutual Information,69,wavelet-LH_glcm_JointEnergy,wavelet-LH_glcm_JointEnergy,0.08538623848372162
Doppler,Mutual Information,70,wavelet-LH_gldm_SmallDependenceEmphasis,wavelet-LH_gldm_SmallDependenceEmphasis,0.08412250007992994
Doppler,Mutual Information,71,wavelet-LH_glszm_ZoneEntropy,wavelet-LH_glszm_ZoneEntropy,0.0830535926777749
Doppler,Mutual Information,72,wavelet-LH_firstorder_Variance,wavelet-LH_firstorder_Variance,0.08303973024557498
Doppler,Mutual Information,73,wavelet-LH_gldm_LowGrayLevelEmphasis,wavelet-LH_gldm_LowGrayLevelEmphasis,0.08278781958007331
Doppler,Mutual Information,74,wavelet-LL_ngtdm_Strength,wavelet-LL_ngtdm_Strength,0.08258622303624419
Doppler,Mutual Information,75,wavelet-LH_glcm_Autocorrelation,wavelet-LH_glcm_Autocorrelation,0.08021708927152438
Doppler,Mutual Information,76,original_ngtdm_Complexity,original_ngtdm_Complexity,0.08013532241101129
Doppler,Mutual Information,77,wavelet-LH_firstorder_RootMeanSquared,wavelet-LH_firstorder_RootMeanSquared,0.07997397085219848
Doppler,Mutual Information,78,wavelet-LL_firstorder_Entropy,wavelet-LL_firstorder_Entropy,0.07990183471317058
Doppler,Mutual Information,79,wavelet-HL_glszm_SmallAreaEmphasis,wavelet-HL_glszm_SmallAreaEmphasis,0.07939111134394206
Doppler,Mutual Information,80,original_glrlm_ShortRunEmphasis,original_glrlm_ShortRunEmphasis,0.07884263736443775
Doppler,Mutual Information,81,wavelet-LH_glrlm_LongRunEmphasis,wavelet-LH_glrlm_LongRunEmphasis,0.07850994298652636
Doppler,Mutual Information,82,wavelet-HL_gldm_LargeDependenceEmphasis,wavelet-HL_gldm_LargeDependenceEmphasis,0.07818903971647795
Doppler,Mutual Information,83,wavelet-LL_glcm_DifferenceVariance,wavelet-LL_glcm_DifferenceVariance,0.07787119527504283
Doppler,Mutual Information,84,wavelet-LH_glcm_Correlation,wavelet-LH_glcm_Correlation,0.07760154368015404
Doppler,Mutual Information,85,wavelet-LH_glcm_Idm,wavelet-LH_glcm_Idm,0.07748967005725005
Doppler,Mutual Information,86,wavelet-HH_glrlm_ShortRunHighGrayLevelEmphasis,wavelet-HH_glrlm_ShortRunHighGrayLevelEmphasis,0.0764031771661462
Doppler,Mutual Information,87,wavelet-LL_firstorder_Maximum,wavelet-LL_firstorder_Maximum,0.07604319350168542
Doppler,Mutual Information,88,wavelet-HL_ngtdm_Coarseness,wavelet-HL_ngtdm_Coarseness,0.07560181606236593
Doppler,Mutual Information,89,original_glrlm_GrayLevelVariance,original_glrlm_GrayLevelVariance,0.07534056836411906
Doppler,Mutual Information,90,wavelet-LH_glszm_SmallAreaLowGrayLevelEmphasis,wavelet-LH_glszm_SmallAreaLowGrayLevelEmphasis,0.075233733652607
Doppler,Mutual Information,91,wavelet-HL_glcm_Imc1,wavelet-HL_glcm_Imc1,0.0751002166094763
Doppler,Mutual Information,92,wavelet-HL_glcm_JointAverage,wavelet-HL_glcm_JointAverage,0.07505816506205276
Doppler,Mutual Information,93,wavelet-HL_glcm_SumAverage,wavelet-HL_glcm_SumAverage,0.07505816506205276
Doppler,Mutual Information,94,wavelet-LH_glrlm_GrayLevelVariance,wavelet-LH_glrlm_GrayLevelVariance,0.07490324845463414
Doppler,Mutual Information,95,wavelet-LH_glcm_InverseVariance,wavelet-LH_glcm_InverseVariance,0.07456880499450547
Doppler,Mutual Information,96,wavelet-HH_gldm_LargeDependenceLowGrayLevelEmphasis,wavelet-HH_gldm_LargeDependenceLowGrayLevelEmphasis,0.07446644562602134
Doppler,Mutual Information,97,wavelet-HL_glrlm_GrayLevelNonUniformity,wavelet-HL_glrlm_GrayLevelNonUniformity,0.07396678097341614
Doppler,Mutual Information,98,original_gldm_GrayLevelNonUniformity,original_gldm_GrayLevelNonUniformity,0.07389144508117451
Doppler,Mutual Information,99,original_firstorder_RobustMeanAbsoluteDeviation,original_firstorder_RobustMeanAbsoluteDeviation,0.07383097464946942
Doppler,Mutual Information,100,wavelet-LH_gldm_SmallDependenceHighGrayLevelEmphasis,wavelet-LH_gldm_SmallDependenceHighGrayLevelEmphasis,0.07301879130138689
Doppler,Mutual Information,101,wavelet-LL_glrlm_RunVariance,wavelet-LL_glrlm_RunVariance,0.07287209429056452
Doppler,Mutual Information,102,wavelet-HH_glrlm_ShortRunEmphasis,wavelet-HH_glrlm_ShortRunEmphasis,0.07246709836643506
Doppler,Mutual Information,103,wavelet-LL_gldm_LargeDependenceHighGrayLevelEmphasis,wavelet-LL_gldm_LargeDependenceHighGrayLevelEmphasis,0.07221221913761378
Doppler,Mutual Information,104,wavelet-LL_glszm_SmallAreaHighGrayLevelEmphasis,wavelet-LL_glszm_SmallAreaHighGrayLevelEmphasis,0.07193161481867483
Doppler,Mutual Information,105,original_ngtdm_Coarseness,original_ngtdm_Coarseness,0.0719063823875965
Doppler,Mutual Information,106,wavelet-LH_gldm_DependenceEntropy,wavelet-LH_gldm_DependenceEntropy,0.07136032818017113
Doppler,Mutual Information,107,wavelet-LL_glcm_Idn,wavelet-LL_glcm_Idn,0.07054665181136688
Doppler,Mutual Information,108,wavelet-LH_glrlm_LongRunLowGrayLevelEmphasis,wavelet-LH_glrlm_LongRunLowGrayLevelEmphasis,0.06986580002467013
Doppler,Mutual Information,109,wavelet-HH_gldm_LowGrayLevelEmphasis,wavelet-HH_gldm_LowGrayLevelEmphasis,0.06934490591508924
Doppler,Mutual Information,110,wavelet-HL_glszm_LargeAreaLowGrayLevelEmphasis,wavelet-HL_glszm_LargeAreaLowGrayLevelEmphasis,0.06921424364563711
Doppler,Mutual Information,111,wavelet-LH_firstorder_RobustMeanAbsoluteDeviation,wavelet-LH_firstorder_RobustMeanAbsoluteDeviation,0.06789183905745699
Doppler,Mutual Information,112,wavelet-LL_glcm_DifferenceEntropy,wavelet-LL_glcm_DifferenceEntropy,0.0675372185274663
Doppler,Mutual Information,113,wavelet-LL_firstorder_10Percentile,wavelet-LL_firstorder_10Percentile,0.06743271640732318
Doppler,Mutual Information,114,wavelet-HL_glrlm_RunVariance,wavelet-HL_glrlm_RunVariance,0.06720257638731231
Doppler,Mutual Information,115,wavelet-LL_glszm_LowGrayLevelZoneEmphasis,wavelet-LL_glszm_LowGrayLevelZoneEmphasis,0.06704207888707758
Doppler,Mutual Information,116,wavelet-LH_glcm_MaximumProbability,wavelet-LH_glcm_MaximumProbability,0.0666343185972591
Doppler,Mutual Information,117,original_glcm_Imc2,original_glcm_Imc2,0.0665281749320612
Doppler,Mutual Information,118,wavelet-HH_glcm_Autocorrelation,wavelet-HH_glcm_Autocorrelation,0.06590613896521536
Doppler,Mutual Information,119,wavelet-LL_glrlm_GrayLevelNonUniformity,wavelet-LL_glrlm_GrayLevelNonUniformity,0.06578971778413711
Doppler,Mutual Information,120,wavelet-LH_ngtdm_Contrast,wavelet-LH_ngtdm_Contrast,0.0649649170194102
Doppler,Mutual Information,121,wavelet-HH_firstorder_RobustMeanAbsoluteDeviation,wavelet-HH_firstorder_RobustMeanAbsoluteDeviation,0.0647112947371451
Doppler,Mutual Information,122,wavelet-HH_gldm_SmallDependenceHighGrayLevelEmphasis,wavelet-HH_gldm_SmallDependenceHighGrayLevelEmphasis,0.06427406776110178
Doppler,Mutual Information,123,wavelet-HH_glrlm_GrayLevelNonUniformity,wavelet-HH_glrlm_GrayLevelNonUniformity,0.064018273588907
Doppler,Mutual Information,124,original_glcm_Idmn,original_glcm_Idmn,0.06389630293587478
Doppler,Mutual Information,125,wavelet-HH_firstorder_Skewness,wavelet-HH_firstorder_Skewness,0.06319321965500224
Doppler,Mutual Information,126,wavelet-LH_glszm_LargeAreaLowGrayLevelEmphasis,wavelet-LH_glszm_LargeAreaLowGrayLevelEmphasis,0.0627470920508415
Doppler,Mutual Information,127,wavelet-HL_firstorder_Skewness,wavelet-HL_firstorder_Skewness,0.0625676925562546
Doppler,Mutual Information,128,wavelet-LH_glcm_DifferenceVariance,wavelet-LH_glcm_DifferenceVariance,0.062474117870275236
Doppler,Mutual Information,129,wavelet-LH_glcm_Contrast,wavelet-LH_glcm_Contrast,0.06165171856359364
Doppler,Mutual Information,130,wavelet-LH_firstorder_Energy,wavelet-LH_firstorder_Energy,0.061013009865124035
Doppler,Mutual Information,131,wavelet-LH_firstorder_TotalEnergy,wavelet-LH_firstorder_TotalEnergy,0.061013009865124035
Doppler,Mutual Information,132,wavelet-HH_glszm_SmallAreaEmphasis,wavelet-HH_glszm_SmallAreaEmphasis,0.06099083505784275
Doppler,Mutual Information,133,original_firstorder_Variance,original_firstorder_Variance,0.060864785268699206
Doppler,Mutual Information,134,original_glcm_Idm,original_glcm_Idm,0.06026681428692604
Doppler,Mutual Information,135,wavelet-LH_glrlm_RunLengthNonUniformity,wavelet-LH_glrlm_RunLengthNonUniformity,0.05990522730390779
Doppler,Mutual Information,136,original_gldm_HighGrayLevelEmphasis,original_gldm_HighGrayLevelEmphasis,0.05988193991391744
Doppler,Mutual Information,137,wavelet-LL_glszm_ZoneEntropy,wavelet-LL_glszm_ZoneEntropy,0.05927257960169374
Doppler,Mutual Information,138,wavelet-LH_firstorder_Range,wavelet-LH_firstorder_Range,0.05903943418368818
Doppler,Mutual Information,139,original_glcm_DifferenceEntropy,original_glcm_DifferenceEntropy,0.057808136839367696
Doppler,Mutual Information,140,wavelet-HL_glrlm_LongRunHighGrayLevelEmphasis,wavelet-HL_glrlm_LongRunHighGrayLevelEmphasis,0.05773725630529869
Doppler,Mutual Information,141,original_glcm_ClusterShade,original_glcm_ClusterShade,0.057421342932028274
Doppler,Mutual Information,142,wavelet-LH_gldm_DependenceNonUniformityNormalized,wavelet-LH_gldm_DependenceNonUniformityNormalized,0.05722677215316163
Doppler,Mutual Information,143,original_firstorder_RootMeanSquared,original_firstorder_RootMeanSquared,0.056222790826682356
Doppler,Mutual Information,144,wavelet-HL_gldm_DependenceVariance,wavelet-HL_gldm_DependenceVariance,0.0561524517063523
Doppler,Mutual Information,145,wavelet-LH_glszm_LowGrayLevelZoneEmphasis,wavelet-LH_glszm_LowGrayLevelZoneEmphasis,0.055983071344900104
Doppler,Mutual Information,146,original_firstorder_Skewness,original_firstorder_Skewness,0.05574502923219393
Doppler,Mutual Information,147,wavelet-HH_glcm_SumEntropy,wavelet-HH_glcm_SumEntropy,0.055588230329438604
Doppler,Mutual Information,148,wavelet-HL_firstorder_90Percentile,wavelet-HL_firstorder_90Percentile,0.055442180906290606
Doppler,Mutual Information,149,wavelet-LL_glszm_SmallAreaEmphasis,wavelet-LL_glszm_SmallAreaEmphasis,0.0545983209299461
Doppler,Mutual Information,150,wavelet-LL_glszm_LargeAreaEmphasis,wavelet-LL_glszm_LargeAreaEmphasis,0.05452708147382812
Doppler,Mutual Information,151,wavelet-HH_glszm_SmallAreaHighGrayLevelEmphasis,wavelet-HH_glszm_SmallAreaHighGrayLevelEmphasis,0.05444010706370506
Doppler,Mutual Information,152,wavelet-LL_glszm_ZonePercentage,wavelet-LL_glszm_ZonePercentage,0.05425229520576602
Doppler,Mutual Information,153,wavelet-HL_glszm_SmallAreaLowGrayLevelEmphasis,wavelet-HL_glszm_SmallAreaLowGrayLevelEmphasis,0.054128527616869926
Doppler,Mutual Information,154,original_glszm_GrayLevelNonUniformity,original_glszm_GrayLevelNonUniformity,0.054085463021893654
Doppler,Mutual Information,155,wavelet-HL_glrlm_RunLengthNonUniformityNormalized,wavelet-HL_glrlm_RunLengthNonUniformityNormalized,0.05406556759408421
Doppler,Mutual Information,156,wavelet-LL_glcm_ClusterShade,wavelet-LL_glcm_ClusterShade,0.05401573078319788
Doppler,Mutual Information,157,wavelet-LH_firstorder_Minimum,wavelet-LH_firstorder_Minimum,0.053851856220605177
Doppler,Mutual Information,158,wavelet-LH_ngtdm_Complexity,wavelet-LH_ngtdm_Complexity,0.05379162807906912
Doppler,Mutual Information,159,original_glrlm_GrayLevelNonUniformity,original_glrlm_GrayLevelNonUniformity,0.05376207551884771
Doppler,Mutual Information,160,original_glcm_DifferenceAverage,original_glcm_DifferenceAverage,0.053709443746160046
Doppler,Mutual Information,161,original_firstorder_Entropy,original_firstorder_Entropy,0.05297867843390236
Doppler,Mutual Information,162,wavelet-LL_glcm_SumEntropy,wavelet-LL_glcm_SumEntropy,0.05252602276326579
Doppler,Mutual Information,163,wavelet-LL_glrlm_ShortRunLowGrayLevelEmphasis,wavelet-LL_glrlm_ShortRunLowGrayLevelEmphasis,0.051664534597249734
Doppler,Mutual Information,164,wavelet-LL_glcm_Id,wavelet-LL_glcm_Id,0.05139079635394439
Doppler,Mutual Information,165,original_ngtdm_Strength,original_ngtdm_Strength,0.05122644773049423
Doppler,Mutual Information,166,wavelet-LL_glcm_DifferenceAverage,wavelet-LL_glcm_DifferenceAverage,0.051122524663625324
Doppler,Mutual Information,167,wavelet-LL_glcm_Idm,wavelet-LL_glcm_Idm,0.050773473307645256
Doppler,Mutual Information,168,original_gldm_LargeDependenceHighGrayLevelEmphasis,original_gldm_LargeDependenceHighGrayLevelEmphasis,0.05067597054006301
Doppler,Mutual Information,169,wavelet-LL_gldm_SmallDependenceEmphasis,wavelet-LL_gldm_SmallDependenceEmphasis,0.05021784910671312
Doppler,Mutual Information,170,wavelet-LL_firstorder_Minimum,wavelet-LL_firstorder_Minimum,0.04944296409572835
Doppler,Mutual Information,171,wavelet-HL_firstorder_Kurtosis,wavelet-HL_firstorder_Kurtosis,0.04924002297321506
Doppler,Mutual Information,172,wavelet-LH_glrlm_RunLengthNonUniformityNormalized,wavelet-LH_glrlm_RunLengthNonUniformityNormalized,0.04918123742209746
Doppler,Mutual Information,173,wavelet-LH_gldm_DependenceNonUniformity,wavelet-LH_gldm_DependenceNonUniformity,0.049157233279756296
Doppler,Mutual Information,174,wavelet-LH_glcm_Idn,wavelet-LH_glcm_Idn,0.04904865804531222
Doppler,Mutual Information,175,wavelet-HL_firstorder_Entropy,wavelet-HL_firstorder_Entropy,0.0488252741915951
Doppler,Mutual Information,176,wavelet-HH_firstorder_Kurtosis,wavelet-HH_firstorder_Kurtosis,0.0487515611786582
Doppler,Mutual Information,177,wavelet-HH_gldm_LargeDependenceEmphasis,wavelet-HH_gldm_LargeDependenceEmphasis,0.04864692462000075
Doppler,Mutual Information,178,wavelet-HH_glrlm_RunLengthNonUniformity,wavelet-HH_glrlm_RunLengthNonUniformity,0.04852606036836482
Doppler,Mutual Information,179,wavelet-HL_glszm_SizeZoneNonUniformityNormalized,wavelet-HL_glszm_SizeZoneNonUniformityNormalized,0.04805667642804612
Doppler,Mutual Information,180,wavelet-HL_gldm_GrayLevelNonUniformity,wavelet-HL_gldm_GrayLevelNonUniformity,0.04800952152456239
Doppler,Mutual Information,181,wavelet-LL_firstorder_MeanAbsoluteDeviation,wavelet-LL_firstorder_MeanAbsoluteDeviation,0.04757724334368918
Doppler,Mutual Information,182,wavelet-LL_ngtdm_Contrast,wavelet-LL_ngtdm_Contrast,0.047369245147422356
Doppler,Mutual Information,183,original_glcm_Contrast,original_glcm_Contrast,0.04733620189860255
Doppler,Mutual Information,184,wavelet-HH_glszm_GrayLevelNonUniformityNormalized,wavelet-HH_glszm_GrayLevelNonUniformityNormalized,0.04697155967542477
Doppler,Mutual Information,185,wavelet-LH_firstorder_10Percentile,wavelet-LH_firstorder_10Percentile,0.04677533672906753
Doppler,Mutual Information,186,wavelet-LH_glszm_GrayLevelNonUniformity,wavelet-LH_glszm_GrayLevelNonUniformity,0.04674966887108378
Doppler,Mutual Information,187,wavelet-LL_firstorder_Skewness,wavelet-LL_firstorder_Skewness,0.04666566904989211
Doppler,Mutual Information,188,original_glcm_JointEnergy,original_glcm_JointEnergy,0.046604088273197286
Doppler,Mutual Information,189,wavelet-HL_glcm_JointEntropy,wavelet-HL_glcm_JointEntropy,0.046551770116946445
Doppler,Mutual Information,190,original_glrlm_RunVariance,original_glrlm_RunVariance,0.04618372883880628
Doppler,Mutual Information,191,wavelet-LL_gldm_SmallDependenceLowGrayLevelEmphasis,wavelet-LL_gldm_SmallDependenceLowGrayLevelEmphasis,0.046149398239244466
Doppler,Mutual Information,192,wavelet-HL_glcm_Imc2,wavelet-HL_glcm_Imc2,0.04601365616151076
Doppler,Mutual Information,193,wavelet-LL_glrlm_RunEntropy,wavelet-LL_glrlm_RunEntropy,0.04596044770118479
Doppler,Mutual Information,194,original_glszm_ZonePercentage,original_glszm_ZonePercentage,0.045943231598877254
Doppler,Mutual Information,195,original_glcm_JointAverage,original_glcm_JointAverage,0.04589432224330681
Doppler,Mutual Information,196,original_glcm_SumAverage,original_glcm_SumAverage,0.04589432224330681
Doppler,Mutual Information,197,wavelet-LL_glszm_HighGrayLevelZoneEmphasis,wavelet-LL_glszm_HighGrayLevelZoneEmphasis,0.04571648363902758
Doppler,Mutual Information,198,wavelet-HH_firstorder_Variance,wavelet-HH_firstorder_Variance,0.04512425001990916
Doppler,Mutual Information,199,wavelet-LL_firstorder_Uniformity,wavelet-LL_firstorder_Uniformity,0.045087696282099854
Doppler,Mutual Information,200,wavelet-HH_gldm_GrayLevelVariance,wavelet-HH_gldm_GrayLevelVariance,0.04508198258256546
Doppler,Mutual Information,201,original_glszm_SmallAreaHighGrayLevelEmphasis,original_glszm_SmallAreaHighGrayLevelEmphasis,0.04474811826107339
Doppler,Mutual Information,202,wavelet-HL_glcm_SumSquares,wavelet-HL_glcm_SumSquares,0.04435552714366198
Doppler,Mutual Information,203,wavelet-HH_firstorder_InterquartileRange,wavelet-HH_firstorder_InterquartileRange,0.044019262130339465
Doppler,Mutual Information,204,wavelet-LH_glcm_Imc1,wavelet-LH_glcm_Imc1,0.043804002936938424
Doppler,Mutual Information,205,wavelet-LH_glcm_SumAverage,wavelet-LH_glcm_SumAverage,0.04361808260861144
Doppler,Mutual Information,206,wavelet-LH_glcm_JointAverage,wavelet-LH_glcm_JointAverage,0.04361808260861144
Doppler,Mutual Information,207,original_ngtdm_Busyness,original_ngtdm_Busyness,0.043442413552051695
Doppler,Mutual Information,208,original_gldm_DependenceEntropy,original_gldm_DependenceEntropy,0.043389719704213014
Doppler,Mutual Information,209,wavelet-LL_glcm_JointEnergy,wavelet-LL_glcm_JointEnergy,0.043008852146566356
Doppler,Mutual Information,210,wavelet-HL_glcm_Id,wavelet-HL_glcm_Id,0.0429937597873995
Doppler,Mutual Information,211,original_glrlm_LongRunLowGrayLevelEmphasis,original_glrlm_LongRunLowGrayLevelEmphasis,0.04273446817775173
Doppler,Mutual Information,212,wavelet-HH_firstorder_RootMeanSquared,wavelet-HH_firstorder_RootMeanSquared,0.042299655762730426
Doppler,Mutual Information,213,wavelet-LH_gldm_DependenceVariance,wavelet-LH_gldm_DependenceVariance,0.04171224116841965
Doppler,Mutual Information,214,wavelet-LL_glrlm_GrayLevelNonUniformityNormalized,wavelet-LL_glrlm_GrayLevelNonUniformityNormalized,0.041635991530911465
Doppler,Mutual Information,215,wavelet-HH_glszm_ZoneVariance,wavelet-HH_glszm_ZoneVariance,0.0416041228968842
Doppler,Mutual Information,216,wavelet-LH_firstorder_Median,wavelet-LH_firstorder_Median,0.0414378620883864
Doppler,Mutual Information,217,wavelet-HH_glcm_JointEntropy,wavelet-HH_glcm_JointEntropy,0.04138303468422322
Doppler,Mutual Information,218,wavelet-HL_firstorder_Maximum,wavelet-HL_firstorder_Maximum,0.04135310378346202
Doppler,Mutual Information,219,wavelet-HH_glszm_LargeAreaEmphasis,wavelet-HH_glszm_LargeAreaEmphasis,0.04019962851486181
Doppler,Mutual Information,220,wavelet-HH_glcm_JointEnergy,wavelet-HH_glcm_JointEnergy,0.03962256078970028
Doppler,Mutual Information,221,wavelet-LH_glszm_SizeZoneNonUniformityNormalized,wavelet-LH_glszm_SizeZoneNonUniformityNormalized,0.03932578728920122
Doppler,Mutual Information,222,wavelet-HL_firstorder_TotalEnergy,wavelet-HL_firstorder_TotalEnergy,0.03900587902389874
Doppler,Mutual Information,223,wavelet-HL_firstorder_Energy,wavelet-HL_firstorder_Energy,0.03900587902389874
Doppler,Mutual Information,224,original_glrlm_RunLengthNonUniformity,original_glrlm_RunLengthNonUniformity,0.038991528247753315
Doppler,Mutual Information,225,wavelet-LH_glszm_LargeAreaEmphasis,wavelet-LH_glszm_LargeAreaEmphasis,0.038645233888454866
Doppler,Mutual Information,226,wavelet-LH_glszm_ZoneVariance,wavelet-LH_glszm_ZoneVariance,0.03840020737938343
Doppler,Mutual Information,227,wavelet-LH_glszm_LargeAreaHighGrayLevelEmphasis,wavelet-LH_glszm_LargeAreaHighGrayLevelEmphasis,0.03764509914918879
Doppler,Mutual Information,228,original_firstorder_TotalEnergy,original_firstorder_TotalEnergy,0.0376185819449224
Doppler,Mutual Information,229,original_firstorder_Energy,original_firstorder_Energy,0.0376185819449224
Doppler,Mutual Information,230,wavelet-HH_glcm_JointAverage,wavelet-HH_glcm_JointAverage,0.03636376342564862
Doppler,Mutual Information,231,wavelet-HH_glcm_SumAverage,wavelet-HH_glcm_SumAverage,0.03636376342564862
Doppler,Mutual Information,232,wavelet-HL_glrlm_LongRunLowGrayLevelEmphasis,wavelet-HL_glrlm_LongRunLowGrayLevelEmphasis,0.03626364851811914
Doppler,Mutual Information,233,wavelet-LH_glcm_ClusterShade,wavelet-LH_glcm_ClusterShade,0.0361912810540177
Doppler,Mutual Information,234,wavelet-HL_glszm_SizeZoneNonUniformity,wavelet-HL_glszm_SizeZoneNonUniformity,0.03594732880238394
Doppler,Mutual Information,235,original_glcm_Id,original_glcm_Id,0.03574925602122114
Doppler,Mutual Information,236,wavelet-HH_glcm_Correlation,wavelet-HH_glcm_Correlation,0.03566781383994733
Doppler,Mutual Information,237,wavelet-LH_glszm_SmallAreaHighGrayLevelEmphasis,wavelet-LH_glszm_SmallAreaHighGrayLevelEmphasis,0.03565405096362273
Doppler,Mutual Information,238,wavelet-HH_glcm_Idmn,wavelet-HH_glcm_Idmn,0.03555345161071033
Doppler,Mutual Information,239,wavelet-HH_glcm_DifferenceVariance,wavelet-HH_glcm_DifferenceVariance,0.03550901145730201
Doppler,Mutual Information,240,wavelet-LL_gldm_GrayLevelNonUniformity,wavelet-LL_gldm_GrayLevelNonUniformity,0.035470787073019316
Doppler,Mutual Information,241,wavelet-LL_glcm_MaximumProbability,wavelet-LL_glcm_MaximumProbability,0.035261968114200126
Doppler,Mutual Information,242,original_firstorder_Mean,original_firstorder_Mean,0.03487501235816093
Doppler,Mutual Information,243,wavelet-HH_glcm_Idn,wavelet-HH_glcm_Idn,0.03484226681988245
Doppler,Mutual Information,244,wavelet-HH_glszm_SizeZoneNonUniformityNormalized,wavelet-HH_glszm_SizeZoneNonUniformityNormalized,0.03471544812156058
Doppler,Mutual Information,245,original_glcm_Imc1,original_glcm_Imc1,0.03429283013183726
Doppler,Mutual Information,246,original_glcm_DifferenceVariance,original_glcm_DifferenceVariance,0.033569512867090534
Doppler,Mutual Information,247,wavelet-HL_glcm_JointEnergy,wavelet-HL_glcm_JointEnergy,0.03337481893650418
Doppler,Mutual Information,248,wavelet-LL_gldm_LargeDependenceLowGrayLevelEmphasis,wavelet-LL_gldm_LargeDependenceLowGrayLevelEmphasis,0.033337610181429334
Doppler,Mutual Information,249,wavelet-HH_glszm_ZoneEntropy,wavelet-HH_glszm_ZoneEntropy,0.03283512390760768
Doppler,Mutual Information,250,wavelet-LH_gldm_LargeDependenceHighGrayLevelEmphasis,wavelet-LH_gldm_LargeDependenceHighGrayLevelEmphasis,0.03270041664837042
Doppler,Mutual Information,251,wavelet-LL_glszm_LargeAreaLowGrayLevelEmphasis,wavelet-LL_glszm_LargeAreaLowGrayLevelEmphasis,0.03266288796241712
Doppler,Mutual Information,252,wavelet-HH_gldm_SmallDependenceLowGrayLevelEmphasis,wavelet-HH_gldm_SmallDependenceLowGrayLevelEmphasis,0.0326209518383227
Doppler,Mutual Information,253,wavelet-LL_glszm_SizeZoneNonUniformity,wavelet-LL_glszm_SizeZoneNonUniformity,0.032617817009081396
Doppler,Mutual Information,254,original_glrlm_HighGrayLevelRunEmphasis,original_glrlm_HighGrayLevelRunEmphasis,0.032381874952769785
Doppler,Mutual Information,255,wavelet-HH_firstorder_MeanAbsoluteDeviation,wavelet-HH_firstorder_MeanAbsoluteDeviation,0.032201193693845775
Doppler,Mutual Information,256,wavelet-HH_ngtdm_Contrast,wavelet-HH_ngtdm_Contrast,0.03196098446487228
Doppler,Mutual Information,257,original_glcm_Correlation,original_glcm_Correlation,0.03192979385276873
Doppler,Mutual Information,258,wavelet-LL_glrlm_GrayLevelVariance,wavelet-LL_glrlm_GrayLevelVariance,0.03185719642169049
Doppler,Mutual Information,259,original_gldm_SmallDependenceHighGrayLevelEmphasis,original_gldm_SmallDependenceHighGrayLevelEmphasis,0.03152265761139761
Doppler,Mutual Information,260,wavelet-HL_glrlm_ShortRunHighGrayLevelEmphasis,wavelet-HL_glrlm_ShortRunHighGrayLevelEmphasis,0.03132200889612147
Doppler,Mutual Information,261,wavelet-HH_glszm_LargeAreaHighGrayLevelEmphasis,wavelet-HH_glszm_LargeAreaHighGrayLevelEmphasis,0.031195079113705892
Doppler,Mutual Information,262,wavelet-LH_glrlm_ShortRunLowGrayLevelEmphasis,wavelet-LH_glrlm_ShortRunLowGrayLevelEmphasis,0.031062915184226103
Doppler,Mutual Information,263,wavelet-HL_ngtdm_Busyness,wavelet-HL_ngtdm_Busyness,0.030861402912547797
Doppler,Mutual Information,264,wavelet-HH_glcm_ClusterShade,wavelet-HH_glcm_ClusterShade,0.030735642397007323
Doppler,Mutual Information,265,wavelet-LH_firstorder_InterquartileRange,wavelet-LH_firstorder_InterquartileRange,0.030669995108739023
Doppler,Mutual Information,266,wavelet-HL_firstorder_Variance,wavelet-HL_firstorder_Variance,0.030530730422388963
Doppler,Mutual Information,267,wavelet-HH_glrlm_LongRunEmphasis,wavelet-HH_glrlm_LongRunEmphasis,0.03044522414710671
Doppler,Mutual Information,268,original_firstorder_MeanAbsoluteDeviation,original_firstorder_MeanAbsoluteDeviation,0.030367509275891713
Doppler,Mutual Information,269,wavelet-LL_gldm_DependenceNonUniformity,wavelet-LL_gldm_DependenceNonUniformity,0.03035123344105206
Doppler,Mutual Information,270,wavelet-LL_firstorder_RobustMeanAbsoluteDeviation,wavelet-LL_firstorder_RobustMeanAbsoluteDeviation,0.030319687247732263
Doppler,Mutual Information,271,original_glrlm_ShortRunHighGrayLevelEmphasis,original_glrlm_ShortRunHighGrayLevelEmphasis,0.029795253907701325
Doppler,Mutual Information,272,wavelet-HL_firstorder_RobustMeanAbsoluteDeviation,wavelet-HL_firstorder_RobustMeanAbsoluteDeviation,0.029429474668908773
Doppler,Mutual Information,273,wavelet-LL_glrlm_LowGrayLevelRunEmphasis,wavelet-LL_glrlm_LowGrayLevelRunEmphasis,0.02939716395966152
Doppler,Mutual Information,274,original_glrlm_GrayLevelNonUniformityNormalized,original_glrlm_GrayLevelNonUniformityNormalized,0.029205515702213525
Doppler,Mutual Information,275,wavelet-HL_firstorder_RootMeanSquared,wavelet-HL_firstorder_RootMeanSquared,0.02913379164111496
Doppler,Mutual Information,276,wavelet-LL_firstorder_Mean,wavelet-LL_firstorder_Mean,0.029090083002542455
Doppler,Mutual Information,277,wavelet-HL_firstorder_Uniformity,wavelet-HL_firstorder_Uniformity,0.029078690946514163
Doppler,Mutual Information,278,wavelet-LL_glszm_GrayLevelNonUniformityNormalized,wavelet-LL_glszm_GrayLevelNonUniformityNormalized,0.029034311889410302
Doppler,Mutual Information,279,wavelet-LL_gldm_DependenceVariance,wavelet-LL_gldm_DependenceVariance,0.028501995777860056
Doppler,Mutual Information,280,wavelet-HL_gldm_GrayLevelVariance,wavelet-HL_gldm_GrayLevelVariance,0.028459630795022894
Doppler,Mutual Information,281,wavelet-HH_glcm_ClusterTendency,wavelet-HH_glcm_ClusterTendency,0.028247250048849537
Doppler,Mutual Information,282,wavelet-HH_glcm_MCC,wavelet-HH_glcm_MCC,0.02772286985089223
Doppler,Mutual Information,283,wavelet-LL_gldm_DependenceNonUniformityNormalized,wavelet-LL_gldm_DependenceNonUniformityNormalized,0.026200665062911854
Doppler,Mutual Information,284,original_gldm_SmallDependenceLowGrayLevelEmphasis,original_gldm_SmallDependenceLowGrayLevelEmphasis,0.02542632441571513
Doppler,Mutual Information,285,wavelet-HH_firstorder_Range,wavelet-HH_firstorder_Range,0.02518473948637978
Doppler,Mutual Information,286,wavelet-HH_glcm_Id,wavelet-HH_glcm_Id,0.025135477973141418
Doppler,Mutual Information,287,wavelet-LH_glszm_HighGrayLevelZoneEmphasis,wavelet-LH_glszm_HighGrayLevelZoneEmphasis,0.024955421193054272
Doppler,Mutual Information,288,wavelet-LH_ngtdm_Busyness,wavelet-LH_ngtdm_Busyness,0.024890305886185127
Doppler,Mutual Information,289,wavelet-HH_glrlm_RunVariance,wavelet-HH_glrlm_RunVariance,0.024881894472920996
Doppler,Mutual Information,290,original_gldm_SmallDependenceEmphasis,original_gldm_SmallDependenceEmphasis,0.024659821111561175
Doppler,Mutual Information,291,original_firstorder_Median,original_firstorder_Median,0.02407529618601223
Doppler,Mutual Information,292,original_glrlm_LongRunHighGrayLevelEmphasis,original_glrlm_LongRunHighGrayLevelEmphasis,0.02392353306333095
Doppler,Mutual Information,293,wavelet-HL_glszm_ZoneEntropy,wavelet-HL_glszm_ZoneEntropy,0.023700067809081293
Doppler,Mutual Information,294,original_glszm_SizeZoneNonUniformity,original_glszm_SizeZoneNonUniformity,0.023082307505545963
Doppler,Mutual Information,295,wavelet-LH_glrlm_LowGrayLevelRunEmphasis,wavelet-LH_glrlm_LowGrayLevelRunEmphasis,0.023068338411053713
Doppler,Mutual Information,296,wavelet-LL_glcm_SumSquares,wavelet-LL_glcm_SumSquares,0.022803304397619018
Doppler,Mutual Information,297,wavelet-HH_glcm_Contrast,wavelet-HH_glcm_Contrast,0.0227374445544819
Doppler,Mutual Information,298,wavelet-HL_gldm_LargeDependenceHighGrayLevelEmphasis,wavelet-HL_gldm_LargeDependenceHighGrayLevelEmphasis,0.02265020088112113
Doppler,Mutual Information,299,wavelet-HL_glcm_SumEntropy,wavelet-HL_glcm_SumEntropy,0.022605636374749105
Doppler,Mutual Information,300,original_firstorder_Minimum,original_firstorder_Minimum,0.02259860896820487
Doppler,Mutual Information,301,wavelet-HL_glszm_ZonePercentage,wavelet-HL_glszm_ZonePercentage,0.022539626306906868
Doppler,Mutual Information,302,original_glrlm_RunLengthNonUniformityNormalized,original_glrlm_RunLengthNonUniformityNormalized,0.022229333086249303
Doppler,Mutual Information,303,wavelet-HH_firstorder_Energy,wavelet-HH_firstorder_Energy,0.02156928881710618
Doppler,Mutual Information,304,wavelet-HH_firstorder_TotalEnergy,wavelet-HH_firstorder_TotalEnergy,0.02156928881710618
Doppler,Mutual Information,305,wavelet-LH_glrlm_HighGrayLevelRunEmphasis,wavelet-LH_glrlm_HighGrayLevelRunEmphasis,0.021294545436070678
Doppler,Mutual Information,306,wavelet-LL_gldm_GrayLevelVariance,wavelet-LL_gldm_GrayLevelVariance,0.020880251776450365
Doppler,Mutual Information,307,original_ngtdm_Contrast,original_ngtdm_Contrast,0.020879839069804174
Doppler,Mutual Information,308,wavelet-HL_firstorder_10Percentile,wavelet-HL_firstorder_10Percentile,0.02085920995087398
Doppler,Mutual Information,309,original_glszm_ZoneEntropy,original_glszm_ZoneEntropy,0.020669063257266362
Doppler,Mutual Information,310,wavelet-LH_glcm_Idmn,wavelet-LH_glcm_Idmn,0.019887656595028336
Doppler,Mutual Information,311,wavelet-HH_glrlm_GrayLevelNonUniformityNormalized,wavelet-HH_glrlm_GrayLevelNonUniformityNormalized,0.01964595695325899
Doppler,Mutual Information,312,wavelet-HL_firstorder_Mean,wavelet-HL_firstorder_Mean,0.019196768361962047
Doppler,Mutual Information,313,wavelet-LL_glrlm_RunLengthNonUniformityNormalized,wavelet-LL_glrlm_RunLengthNonUniformityNormalized,0.019127643230486102
Doppler,Mutual Information,314,original_firstorder_Range,original_firstorder_Range,0.018930070845905256
Doppler,Mutual Information,315,wavelet-LL_gldm_LargeDependenceEmphasis,wavelet-LL_gldm_LargeDependenceEmphasis,0.018683861044081596
Doppler,Mutual Information,316,wavelet-LH_glszm_SizeZoneNonUniformity,wavelet-LH_glszm_SizeZoneNonUniformity,0.018644963077139032
Doppler,Mutual Information,317,wavelet-HH_ngtdm_Coarseness,wavelet-HH_ngtdm_Coarseness,0.018379958820210263
Doppler,Mutual Information,318,wavelet-LL_glcm_InverseVariance,wavelet-LL_glcm_InverseVariance,0.018326054544547388
Doppler,Mutual Information,319,wavelet-LH_glcm_MCC,wavelet-LH_glcm_MCC,0.018195020587374877
Doppler,Mutual Information,320,wavelet-HL_glcm_DifferenceEntropy,wavelet-HL_glcm_DifferenceEntropy,0.017576631727169723
Doppler,Mutual Information,321,wavelet-HL_gldm_DependenceNonUniformityNormalized,wavelet-HL_gldm_DependenceNonUniformityNormalized,0.017366084669093285
Doppler,Mutual Information,322,wavelet-HL_glcm_ClusterShade,wavelet-HL_glcm_ClusterShade,0.01702584478997693
Doppler,Mutual Information,323,wavelet-LH_glrlm_RunVariance,wavelet-LH_glrlm_RunVariance,0.016865598491438316
Doppler,Mutual Information,324,original_gldm_LargeDependenceEmphasis,original_gldm_LargeDependenceEmphasis,0.01682336085937086
Doppler,Mutual Information,325,wavelet-LL_glszm_SizeZoneNonUniformityNormalized,wavelet-LL_glszm_SizeZoneNonUniformityNormalized,0.016471530316602312
Doppler,Mutual Information,326,wavelet-HH_glcm_SumSquares,wavelet-HH_glcm_SumSquares,0.01629225868378703
Doppler,Mutual Information,327,wavelet-LL_gldm_SmallDependenceHighGrayLevelEmphasis,wavelet-LL_gldm_SmallDependenceHighGrayLevelEmphasis,0.016128944939056034
Doppler,Mutual Information,328,wavelet-LH_glrlm_ShortRunEmphasis,wavelet-LH_glrlm_ShortRunEmphasis,0.015303882112199574
Doppler,Mutual Information,329,wavelet-LL_glcm_ClusterTendency,wavelet-LL_glcm_ClusterTendency,0.01500437506448593
Doppler,Mutual Information,330,wavelet-HL_glszm_GrayLevelNonUniformityNormalized,wavelet-HL_glszm_GrayLevelNonUniformityNormalized,0.01492328647546648
Doppler,Mutual Information,331,original_glcm_MCC,original_glcm_MCC,0.014022497547068635
Doppler,Mutual Information,332,wavelet-HL_glcm_ClusterProminence,wavelet-HL_glcm_ClusterProminence,0.013964847532846214
Doppler,Mutual Information,333,wavelet-HH_glszm_HighGrayLevelZoneEmphasis,wavelet-HH_glszm_HighGrayLevelZoneEmphasis,0.013895846621148955
Doppler,Mutual Information,334,wavelet-HH_firstorder_Minimum,wavelet-HH_firstorder_Minimum,0.012637571679098514
Doppler,Mutual Information,335,wavelet-HL_firstorder_InterquartileRange,wavelet-HL_firstorder_InterquartileRange,0.012426862890972945
Doppler,Mutual Information,336,original_glszm_LargeAreaEmphasis,original_glszm_LargeAreaEmphasis,0.01238405967845324
Doppler,Mutual Information,337,wavelet-HH_glszm_ZonePercentage,wavelet-HH_glszm_ZonePercentage,0.01228955260643172
Doppler,Mutual Information,338,wavelet-LL_firstorder_Kurtosis,wavelet-LL_firstorder_Kurtosis,0.012130493328244674
Doppler,Mutual Information,339,wavelet-HH_firstorder_Uniformity,wavelet-HH_firstorder_Uniformity,0.011854944081281404
Doppler,Mutual Information,340,original_glszm_ZoneVariance,original_glszm_ZoneVariance,0.011516315577067227
Doppler,Mutual Information,341,wavelet-HH_firstorder_Entropy,wavelet-HH_firstorder_Entropy,0.01106945518116298
Doppler,Mutual Information,342,wavelet-HH_gldm_DependenceEntropy,wavelet-HH_gldm_DependenceEntropy,0.010634733969828059
Doppler,Mutual Information,343,wavelet-HH_gldm_GrayLevelNonUniformity,wavelet-HH_gldm_GrayLevelNonUniformity,0.010224996313693335
Doppler,Mutual Information,344,wavelet-HL_glcm_DifferenceVariance,wavelet-HL_glcm_DifferenceVariance,0.009834284789428605
Doppler,Mutual Information,345,wavelet-HL_glcm_Idm,wavelet-HL_glcm_Idm,0.008400668548964596
Doppler,Mutual Information,346,wavelet-HH_glcm_DifferenceEntropy,wavelet-HH_glcm_DifferenceEntropy,0.007887026293792898
Doppler,Mutual Information,347,wavelet-HL_glrlm_ShortRunLowGrayLevelEmphasis,wavelet-HL_glrlm_ShortRunLowGrayLevelEmphasis,0.007751565543831385
Doppler,Mutual Information,348,wavelet-HH_firstorder_10Percentile,wavelet-HH_firstorder_10Percentile,0.007299833747004714
Doppler,Mutual Information,349,wavelet-LL_glrlm_LongRunEmphasis,wavelet-LL_glrlm_LongRunEmphasis,0.007055733839328893
Doppler,Mutual Information,350,wavelet-HL_gldm_DependenceNonUniformity,wavelet-HL_gldm_DependenceNonUniformity,0.006988805972681922
Doppler,Mutual Information,351,original_gldm_DependenceVariance,original_gldm_DependenceVariance,0.006756996662612869
Doppler,Mutual Information,352,wavelet-LL_firstorder_Median,wavelet-LL_firstorder_Median,0.006507668938552813
Doppler,Mutual Information,353,original_gldm_LargeDependenceLowGrayLevelEmphasis,original_gldm_LargeDependenceLowGrayLevelEmphasis,0.0060765669619817775
Doppler,Mutual Information,354,wavelet-HL_ngtdm_Complexity,wavelet-HL_ngtdm_Complexity,0.005904914911655235
Doppler,Mutual Information,355,wavelet-HL_firstorder_Median,wavelet-HL_firstorder_Median,0.005811378812760948
Doppler,Mutual Information,356,wavelet-LH_glrlm_RunEntropy,wavelet-LH_glrlm_RunEntropy,0.005656991311077331
Doppler,Mutual Information,357,original_firstorder_InterquartileRange,original_firstorder_InterquartileRange,0.0054229703566337495
Doppler,Mutual Information,358,wavelet-HH_glrlm_RunPercentage,wavelet-HH_glrlm_RunPercentage,0.005422773214343479
Doppler,Mutual Information,359,original_glcm_Idn,original_glcm_Idn,0.005376954328212502
Doppler,Mutual Information,360,original_glrlm_ShortRunLowGrayLevelEmphasis,original_glrlm_ShortRunLowGrayLevelEmphasis,0.005108616151221268
Doppler,Mutual Information,361,wavelet-HL_glcm_MCC,wavelet-HL_glcm_MCC,0.004999961717332635
Doppler,Mutual Information,362,original_glszm_LargeAreaHighGrayLevelEmphasis,original_glszm_LargeAreaHighGrayLevelEmphasis,0.0048677092755819995
Doppler,Mutual Information,363,wavelet-LL_glrlm_HighGrayLevelRunEmphasis,wavelet-LL_glrlm_HighGrayLevelRunEmphasis,0.004835511887310684
Doppler,Mutual Information,364,wavelet-HL_glrlm_HighGrayLevelRunEmphasis,wavelet-HL_glrlm_HighGrayLevelRunEmphasis,0.004319501416086169
Doppler,Mutual Information,365,wavelet-HH_glrlm_RunLengthNonUniformityNormalized,wavelet-HH_glrlm_RunLengthNonUniformityNormalized,0.004260536779249424
Doppler,Mutual Information,366,wavelet-HL_glrlm_RunPercentage,wavelet-HL_glrlm_RunPercentage,0.003843662962806249
Doppler,Mutual Information,367,original_glcm_SumEntropy,original_glcm_SumEntropy,0.003840562715859308
Doppler,Mutual Information,368,original_glszm_SmallAreaLowGrayLevelEmphasis,original_glszm_SmallAreaLowGrayLevelEmphasis,0.0033049555701227806
Doppler,Mutual Information,369,original_glcm_InverseVariance,original_glcm_InverseVariance,0.0032453888425123534
Doppler,Mutual Information,370,original_firstorder_10Percentile,original_firstorder_10Percentile,0.002884511469903428
Doppler,Mutual Information,371,wavelet-LL_firstorder_InterquartileRange,wavelet-LL_firstorder_InterquartileRange,0.002142836834431172
Doppler,Mutual Information,372,wavelet-HH_glrlm_LowGrayLevelRunEmphasis,wavelet-HH_glrlm_LowGrayLevelRunEmphasis,0.0017863058351375027
Doppler,Mutual Information,373,wavelet-HH_gldm_DependenceVariance,wavelet-HH_gldm_DependenceVariance,0.0012409163987991967
Doppler,Mutual Information,374,wavelet-HL_glrlm_GrayLevelNonUniformityNormalized,wavelet-HL_glrlm_GrayLevelNonUniformityNormalized,0.0011638787707808351
Doppler,Mutual Information,375,wavelet-LL_glrlm_ShortRunEmphasis,wavelet-LL_glrlm_ShortRunEmphasis,0.0011364984196695627
Doppler,Mutual Information,376,wavelet-HL_glrlm_LowGrayLevelRunEmphasis,wavelet-HL_glrlm_LowGrayLevelRunEmphasis,0.0007923793496380505
Doppler,Mutual Information,377,original_glszm_GrayLevelNonUniformityNormalized,original_glszm_GrayLevelNonUniformityNormalized,0.0007273625752688417
Doppler,Mutual Information,378,wavelet-HL_glcm_Idn,wavelet-HL_glcm_Idn,0.0005558447525615406
Doppler,Mutual Information,379,original_glszm_SmallAreaEmphasis,original_glszm_SmallAreaEmphasis,0.0005312119789502301
Doppler,Mutual Information,380,original_firstorder_90Percentile,original_firstorder_90Percentile,0.0
Doppler,Mutual Information,381,wavelet-HH_glcm_Idm,wavelet-HH_glcm_Idm,0.0
Doppler,Mutual Information,382,wavelet-HL_glcm_Idmn,wavelet-HL_glcm_Idmn,0.0
Doppler,Mutual Information,383,wavelet-LL_glszm_GrayLevelNonUniformity,wavelet-LL_glszm_GrayLevelNonUniformity,0.0
Doppler,Mutual Information,384,wavelet-HL_glszm_ZoneVariance,wavelet-HL_glszm_ZoneVariance,0.0
Doppler,Mutual Information,385,wavelet-LL_glrlm_ShortRunHighGrayLevelEmphasis,wavelet-LL_glrlm_ShortRunHighGrayLevelEmphasis,0.0
Doppler,Mutual Information,386,wavelet-HH_gldm_SmallDependenceEmphasis,wavelet-HH_gldm_SmallDependenceEmphasis,0.0
Doppler,Mutual Information,387,wavelet-LH_glszm_GrayLevelVariance,wavelet-LH_glszm_GrayLevelVariance,0.0
Doppler,Mutual Information,388,wavelet-LL_glrlm_RunPercentage,wavelet-LL_glrlm_RunPercentage,0.0
Doppler,Mutual Information,389,wavelet-LH_glszm_GrayLevelNonUniformityNormalized,wavelet-LH_glszm_GrayLevelNonUniformityNormalized,0.0
Doppler,Mutual Information,390,wavelet-HH_firstorder_Median,wavelet-HH_firstorder_Median,0.0
Doppler,Mutual Information,391,original_glcm_JointEntropy,original_glcm_JointEntropy,0.0
Doppler,Mutual Information,392,wavelet-HL_glcm_MaximumProbability,wavelet-HL_glcm_MaximumProbability,0.0
Doppler,Mutual Information,393,original_glcm_MaximumProbability,original_glcm_MaximumProbability,0.0
Doppler,Mutual Information,394,wavelet-HL_glszm_SmallAreaHighGrayLevelEmphasis,wavelet-HL_glszm_SmallAreaHighGrayLevelEmphasis,0.0
Doppler,Mutual Information,395,wavelet-HH_glrlm_GrayLevelVariance,wavelet-HH_glrlm_GrayLevelVariance,0.0
Doppler,Mutual Information,396,original_glcm_SumSquares,original_glcm_SumSquares,0.0
Doppler,Mutual Information,397,wavelet-HH_glrlm_HighGrayLevelRunEmphasis,wavelet-HH_glrlm_HighGrayLevelRunEmphasis,0.0
Doppler,Mutual Information,398,wavelet-HH_firstorder_Mean,wavelet-HH_firstorder_Mean,0.0
Doppler,Mutual Information,399,wavelet-LL_glszm_GrayLevelVariance,wavelet-LL_glszm_GrayLevelVariance,0.0
Doppler,Mutual Information,400,original_glcm_ClusterTendency,original_glcm_ClusterTendency,0.0
Doppler,Mutual Information,401,wavelet-HL_glcm_ClusterTendency,wavelet-HL_glcm_ClusterTendency,0.0
Doppler,Mutual Information,402,wavelet-HH_glcm_Imc1,wavelet-HH_glcm_Imc1,0.0
Doppler,Mutual Information,403,wavelet-LL_ngtdm_Complexity,wavelet-LL_ngtdm_Complexity,0.0
Doppler,Mutual Information,404,wavelet-HL_firstorder_Range,wavelet-HL_firstorder_Range,0.0
Doppler,Mutual Information,405,original_firstorder_Kurtosis,original_firstorder_Kurtosis,0.0
Doppler,Mutual Information,406,wavelet-LL_ngtdm_Busyness,wavelet-LL_ngtdm_Busyness,0.0
Doppler,Mutual Information,407,wavelet-HL_firstorder_Minimum,wavelet-HL_firstorder_Minimum,0.0
Doppler,Mutual Information,408,wavelet-HL_firstorder_MeanAbsoluteDeviation,wavelet-HL_firstorder_MeanAbsoluteDeviation,0.0
Doppler,Mutual Information,409,wavelet-HH_glcm_InverseVariance,wavelet-HH_glcm_InverseVariance,0.0
Doppler,Mutual Information,410,wavelet-HL_glcm_Contrast,wavelet-HL_glcm_Contrast,0.0
Doppler,Mutual Information,411,original_gldm_DependenceNonUniformity,original_gldm_DependenceNonUniformity,0.0
Doppler,Mutual Information,412,wavelet-LL_glszm_SmallAreaLowGrayLevelEmphasis,wavelet-LL_glszm_SmallAreaLowGrayLevelEmphasis,0.0
Doppler,Mutual Information,413,wavelet-HL_glcm_Correlation,wavelet-HL_glcm_Correlation,0.0
Doppler,Mutual Information,414,wavelet-HH_firstorder_90Percentile,wavelet-HH_firstorder_90Percentile,0.0
Doppler,Mutual Information,415,wavelet-HL_glcm_DifferenceAverage,wavelet-HL_glcm_DifferenceAverage,0.0
Doppler,Mutual Information,416,wavelet-HL_ngtdm_Strength,wavelet-HL_ngtdm_Strength,0.0
Doppler,Mutual Information,417,wavelet-LL_glszm_LargeAreaHighGrayLevelEmphasis,wavelet-LL_glszm_LargeAreaHighGrayLevelEmphasis,0.0
Doppler,Mutual Information,418,wavelet-HL_ngtdm_Contrast,wavelet-HL_ngtdm_Contrast,0.0
Doppler,Mutual Information,419,original_glcm_ClusterProminence,original_glcm_ClusterProminence,0.0
Doppler,Mutual Information,420,wavelet-HH_glcm_ClusterProminence,wavelet-HH_glcm_ClusterProminence,0.0
Doppler,Mutual Information,421,original_gldm_GrayLevelVariance,original_gldm_GrayLevelVariance,0.0
Doppler,Mutual Information,422,original_gldm_DependenceNonUniformityNormalized,original_gldm_DependenceNonUniformityNormalized,0.0
Doppler,Mutual Information,423,wavelet-LH_glrlm_LongRunHighGrayLevelEmphasis,wavelet-LH_glrlm_LongRunHighGrayLevelEmphasis,0.0
Doppler,Mutual Information,424,wavelet-HL_gldm_SmallDependenceEmphasis,wavelet-HL_gldm_SmallDependenceEmphasis,0.0
Doppler,Mutual Information,425,wavelet-HL_gldm_SmallDependenceHighGrayLevelEmphasis,wavelet-HL_gldm_SmallDependenceHighGrayLevelEmphasis,0.0
Doppler,Mutual Information,426,wavelet-HL_gldm_SmallDependenceLowGrayLevelEmphasis,wavelet-HL_gldm_SmallDependenceLowGrayLevelEmphasis,0.0
Doppler,Mutual Information,427,original_glszm_GrayLevelVariance,original_glszm_GrayLevelVariance,0.0
Doppler,Mutual Information,428,original_glszm_HighGrayLevelZoneEmphasis,original_glszm_HighGrayLevelZoneEmphasis,0.0
Doppler,Mutual Information,429,wavelet-LL_firstorder_Range,wavelet-LL_firstorder_Range,0.0
Doppler,Mutual Information,430,wavelet-LL_firstorder_RootMeanSquared,wavelet-LL_firstorder_RootMeanSquared,0.0
Doppler,Mutual Information,431,original_glszm_LargeAreaLowGrayLevelEmphasis,original_glszm_LargeAreaLowGrayLevelEmphasis,0.0
Doppler,Mutual Information,432,original_glszm_LowGrayLevelZoneEmphasis,original_glszm_LowGrayLevelZoneEmphasis,0.0
Doppler,Mutual Information,433,wavelet-LL_firstorder_TotalEnergy,wavelet-LL_firstorder_TotalEnergy,0.0
Doppler,Mutual Information,434,original_glszm_SizeZoneNonUniformityNormalized,original_glszm_SizeZoneNonUniformityNormalized,0.0
Doppler,Mutual Information,435,wavelet-LL_firstorder_Variance,wavelet-LL_firstorder_Variance,0.0
Doppler,Mutual Information,436,wavelet-LL_glcm_ClusterProminence,wavelet-LL_glcm_ClusterProminence,0.0
Doppler,Mutual Information,437,wavelet-HL_glrlm_GrayLevelVariance,wavelet-HL_glrlm_GrayLevelVariance,0.0
Doppler,Mutual Information,438,wavelet-LL_glcm_JointEntropy,wavelet-LL_glcm_JointEntropy,0.0
Doppler,Mutual Information,439,wavelet-LL_glcm_MCC,wavelet-LL_glcm_MCC,0.0
Doppler,Mutual Information,440,wavelet-HL_glrlm_ShortRunEmphasis,wavelet-HL_glrlm_ShortRunEmphasis,0.0
Doppler,Mutual Information,441,wavelet-HL_glrlm_LongRunEmphasis,wavelet-HL_glrlm_LongRunEmphasis,0.0
Doppler,Mutual Information,442,wavelet-LH_firstorder_Maximum,wavelet-LH_firstorder_Maximum,0.0
Doppler,Mutual Information,443,wavelet-HL_glszm_GrayLevelVariance,wavelet-HL_glszm_GrayLevelVariance,0.0
Doppler,Mutual Information,444,original_glrlm_RunPercentage,original_glrlm_RunPercentage,0.0
Doppler,Mutual Information,445,wavelet-LL_firstorder_Energy,wavelet-LL_firstorder_Energy,0.0
Doppler,Mutual Information,446,wavelet-HH_glcm_DifferenceAverage,wavelet-HH_glcm_DifferenceAverage,0.0
Doppler,Mutual Information,447,wavelet-HL_glrlm_RunLengthNonUniformity,wavelet-HL_glrlm_RunLengthNonUniformity,0.0
Doppler,Mutual Information,448,wavelet-LL_glrlm_RunLengthNonUniformity,wavelet-LL_glrlm_RunLengthNonUniformity,0.0
Doppler,Mutual Information,449,wavelet-HH_glszm_GrayLevelNonUniformity,wavelet-HH_glszm_GrayLevelNonUniformity,0.0
Doppler,Mutual Information,450,wavelet-LH_gldm_SmallDependenceLowGrayLevelEmphasis,wavelet-LH_gldm_SmallDependenceLowGrayLevelEmphasis,0.0
Doppler,Mutual Information,451,wavelet-HH_glszm_GrayLevelVariance,wavelet-HH_glszm_GrayLevelVariance,0.0
Doppler,Mutual Information,452,original_gldm_LowGrayLevelEmphasis,original_gldm_LowGrayLevelEmphasis,0.0
Doppler,Mutual Information,453,wavelet-HH_glszm_SizeZoneNonUniformity,wavelet-HH_glszm_SizeZoneNonUniformity,0.0
Doppler,Mutual Information,454,wavelet-HL_glszm_LowGrayLevelZoneEmphasis,wavelet-HL_glszm_LowGrayLevelZoneEmphasis,0.0
Doppler,Mutual Information,455,wavelet-HL_gldm_HighGrayLevelEmphasis,wavelet-HL_gldm_HighGrayLevelEmphasis,0.0
Doppler,Mutual Information,456,wavelet-HL_glszm_HighGrayLevelZoneEmphasis,wavelet-HL_glszm_HighGrayLevelZoneEmphasis,0.0
Doppler,Mutual Information,457,wavelet-LL_firstorder_90Percentile,wavelet-LL_firstorder_90Percentile,0.0
Doppler,Mutual Information,458,wavelet-LL_glrlm_LongRunLowGrayLevelEmphasis,wavelet-LL_glrlm_LongRunLowGrayLevelEmphasis,0.0
Doppler,Mutual Information,459,wavelet-HL_glszm_LargeAreaHighGrayLevelEmphasis,wavelet-HL_glszm_LargeAreaHighGrayLevelEmphasis,0.0
Doppler,Mutual Information,460,original_glrlm_LongRunEmphasis,original_glrlm_LongRunEmphasis,0.0
Doppler,Mutual Information,461,wavelet-HL_gldm_LowGrayLevelEmphasis,wavelet-HL_gldm_LowGrayLevelEmphasis,0.0
Doppler,Mutual Information,462,wavelet-HL_glszm_LargeAreaEmphasis,wavelet-HL_glszm_LargeAreaEmphasis,0.0
Doppler,Mutual Information,463,original_glrlm_LowGrayLevelRunEmphasis,original_glrlm_LowGrayLevelRunEmphasis,0.0
Doppler,Mutual Information,464,wavelet-LL_glrlm_LongRunHighGrayLevelEmphasis,wavelet-LL_glrlm_LongRunHighGrayLevelEmphasis,0.0
Doppler,Mutual Information,465,wavelet-LH_firstorder_Mean,wavelet-LH_firstorder_Mean,0.0
BW+Doppler,F-Score (ANOVA),1,doppler__wavelet-LL_gldm_DependenceEntropy,[D] wavelet-LL_gldm_DependenceEntropy,45.52193909769152
BW+Doppler,F-Score (ANOVA),2,doppler__wavelet-LH_glszm_SmallAreaEmphasis,[D] wavelet-LH_glszm_SmallAreaEmphasis,38.736430335888144
BW+Doppler,F-Score (ANOVA),3,doppler__wavelet-LH_glszm_SizeZoneNonUniformityNormalized,[D] wavelet-LH_glszm_SizeZoneNonUniformityNormalized,36.66439692467097
BW+Doppler,F-Score (ANOVA),4,doppler__wavelet-HL_glrlm_RunEntropy,[D] wavelet-HL_glrlm_RunEntropy,34.84019744314761
BW+Doppler,F-Score (ANOVA),5,bw__wavelet-LH_glrlm_GrayLevelNonUniformityNormalized,[BW] wavelet-LH_glrlm_GrayLevelNonUniformityNormalized,31.86491804381393
BW+Doppler,F-Score (ANOVA),6,doppler__wavelet-LL_ngtdm_Coarseness,[D] wavelet-LL_ngtdm_Coarseness,31.609256904697776
BW+Doppler,F-Score (ANOVA),7,bw__wavelet-LH_firstorder_Entropy,[BW] wavelet-LH_firstorder_Entropy,30.667761409163507
BW+Doppler,F-Score (ANOVA),8,doppler__wavelet-LH_glcm_ClusterTendency,[D] wavelet-LH_glcm_ClusterTendency,30.580805175086958
BW+Doppler,F-Score (ANOVA),9,bw__wavelet-LH_firstorder_Uniformity,[BW] wavelet-LH_firstorder_Uniformity,30.397052780290082
BW+Doppler,F-Score (ANOVA),10,bw__wavelet-LH_glcm_SumEntropy,[BW] wavelet-LH_glcm_SumEntropy,29.932237748918165
BW+Doppler,F-Score (ANOVA),11,bw__wavelet-LH_glcm_JointEntropy,[BW] wavelet-LH_glcm_JointEntropy,29.771130557551462
BW+Doppler,F-Score (ANOVA),12,doppler__wavelet-LH_firstorder_Uniformity,[D] wavelet-LH_firstorder_Uniformity,28.798329239317614
BW+Doppler,F-Score (ANOVA),13,bw__wavelet-LL_firstorder_10Percentile,[BW] wavelet-LL_firstorder_10Percentile,28.48383101096885
BW+Doppler,F-Score (ANOVA),14,bw__wavelet-LH_glrlm_ShortRunEmphasis,[BW] wavelet-LH_glrlm_ShortRunEmphasis,28.374035970390267
BW+Doppler,F-Score (ANOVA),15,bw__original_firstorder_10Percentile,[BW] original_firstorder_10Percentile,28.330872977577098
BW+Doppler,F-Score (ANOVA),16,doppler__wavelet-LH_firstorder_Entropy,[D] wavelet-LH_firstorder_Entropy,28.292055503118828
BW+Doppler,F-Score (ANOVA),17,bw__wavelet-LL_ngtdm_Coarseness,[BW] wavelet-LL_ngtdm_Coarseness,28.12433861337352
BW+Doppler,F-Score (ANOVA),18,bw__wavelet-LH_glcm_ClusterTendency,[BW] wavelet-LH_glcm_ClusterTendency,27.926709403872486
BW+Doppler,F-Score (ANOVA),19,doppler__wavelet-LH_firstorder_90Percentile,[D] wavelet-LH_firstorder_90Percentile,27.44377090062705
BW+Doppler,F-Score (ANOVA),20,doppler__wavelet-LH_glcm_SumEntropy,[D] wavelet-LH_glcm_SumEntropy,27.244307245297367
BW+Doppler,F-Score (ANOVA),21,doppler__wavelet-LH_firstorder_Variance,[D] wavelet-LH_firstorder_Variance,26.941892469874666
BW+Doppler,F-Score (ANOVA),22,doppler__wavelet-LH_firstorder_10Percentile,[D] wavelet-LH_firstorder_10Percentile,26.796085085882112
BW+Doppler,F-Score (ANOVA),23,doppler__wavelet-LH_firstorder_RootMeanSquared,[D] wavelet-LH_firstorder_RootMeanSquared,26.72277919471079
BW+Doppler,F-Score (ANOVA),24,bw__wavelet-LH_glcm_JointEnergy,[BW] wavelet-LH_glcm_JointEnergy,26.62558173880282
BW+Doppler,F-Score (ANOVA),25,doppler__wavelet-LH_glcm_SumSquares,[D] wavelet-LH_glcm_SumSquares,26.586648150957995
BW+Doppler,F-Score (ANOVA),26,doppler__wavelet-LH_gldm_GrayLevelVariance,[D] wavelet-LH_gldm_GrayLevelVariance,26.304268643548728
BW+Doppler,F-Score (ANOVA),27,bw__wavelet-LH_firstorder_90Percentile,[BW] wavelet-LH_firstorder_90Percentile,25.896949782339746
BW+Doppler,F-Score (ANOVA),28,doppler__wavelet-LH_firstorder_MeanAbsoluteDeviation,[D] wavelet-LH_firstorder_MeanAbsoluteDeviation,25.763413527380376
BW+Doppler,F-Score (ANOVA),29,doppler__wavelet-LH_glrlm_GrayLevelNonUniformityNormalized,[D] wavelet-LH_glrlm_GrayLevelNonUniformityNormalized,25.650023649754054
BW+Doppler,F-Score (ANOVA),30,doppler__wavelet-LH_glcm_JointEntropy,[D] wavelet-LH_glcm_JointEntropy,25.628564703215343
BW+Doppler,F-Score (ANOVA),31,doppler__wavelet-HL_glcm_Imc1,[D] wavelet-HL_glcm_Imc1,25.619068442500506
BW+Doppler,F-Score (ANOVA),32,doppler__wavelet-LH_glszm_GrayLevelNonUniformity,[D] wavelet-LH_glszm_GrayLevelNonUniformity,25.598422653400213
BW+Doppler,F-Score (ANOVA),33,doppler__wavelet-LH_firstorder_TotalEnergy,[D] wavelet-LH_firstorder_TotalEnergy,25.54355652801174
BW+Doppler,F-Score (ANOVA),34,doppler__wavelet-LH_firstorder_Energy,[D] wavelet-LH_firstorder_Energy,25.54355652801174
BW+Doppler,F-Score (ANOVA),35,bw__wavelet-LH_glcm_SumSquares,[BW] wavelet-LH_glcm_SumSquares,25.249212151765967
BW+Doppler,F-Score (ANOVA),36,bw__wavelet-LH_firstorder_10Percentile,[BW] wavelet-LH_firstorder_10Percentile,25.058906655139328
BW+Doppler,F-Score (ANOVA),37,bw__wavelet-LH_gldm_DependenceEntropy,[BW] wavelet-LH_gldm_DependenceEntropy,24.802177567783986
BW+Doppler,F-Score (ANOVA),38,bw__wavelet-LH_glrlm_RunLengthNonUniformityNormalized,[BW] wavelet-LH_glrlm_RunLengthNonUniformityNormalized,24.735907151936296
BW+Doppler,F-Score (ANOVA),39,bw__wavelet-LL_glcm_DifferenceVariance,[BW] wavelet-LL_glcm_DifferenceVariance,24.446517200287957
BW+Doppler,F-Score (ANOVA),40,bw__wavelet-LH_firstorder_MeanAbsoluteDeviation,[BW] wavelet-LH_firstorder_MeanAbsoluteDeviation,24.4087356761471
BW+Doppler,F-Score (ANOVA),41,bw__wavelet-LH_firstorder_TotalEnergy,[BW] wavelet-LH_firstorder_TotalEnergy,24.406288833104238
BW+Doppler,F-Score (ANOVA),42,bw__wavelet-LH_firstorder_Energy,[BW] wavelet-LH_firstorder_Energy,24.406288833104238
BW+Doppler,F-Score (ANOVA),43,bw__wavelet-LH_glrlm_RunLengthNonUniformity,[BW] wavelet-LH_glrlm_RunLengthNonUniformity,24.265801068713984
BW+Doppler,F-Score (ANOVA),44,doppler__wavelet-HL_gldm_DependenceEntropy,[D] wavelet-HL_gldm_DependenceEntropy,23.980174975796814
BW+Doppler,F-Score (ANOVA),45,doppler__wavelet-HL_gldm_DependenceNonUniformityNormalized,[D] wavelet-HL_gldm_DependenceNonUniformityNormalized,23.877357976889996
BW+Doppler,F-Score (ANOVA),46,bw__wavelet-LH_gldm_GrayLevelVariance,[BW] wavelet-LH_gldm_GrayLevelVariance,23.811011811084583
BW+Doppler,F-Score (ANOVA),47,bw__wavelet-LH_glcm_MCC,[BW] wavelet-LH_glcm_MCC,23.6962277853815
BW+Doppler,F-Score (ANOVA),48,doppler__wavelet-LH_glcm_JointEnergy,[D] wavelet-LH_glcm_JointEnergy,23.67244639775308
BW+Doppler,F-Score (ANOVA),49,bw__wavelet-LH_firstorder_Variance,[BW] wavelet-LH_firstorder_Variance,23.610927303224162
BW+Doppler,F-Score (ANOVA),50,doppler__wavelet-LH_glrlm_RunLengthNonUniformity,[D] wavelet-LH_glrlm_RunLengthNonUniformity,23.56108495411179
BW+Doppler,F-Score (ANOVA),51,doppler__original_glcm_Imc2,[D] original_glcm_Imc2,23.420580826515256
BW+Doppler,F-Score (ANOVA),52,bw__wavelet-LH_glcm_Idm,[BW] wavelet-LH_glcm_Idm,23.32399729492766
BW+Doppler,F-Score (ANOVA),53,bw__original_glcm_DifferenceVariance,[BW] original_glcm_DifferenceVariance,23.249100390160862
BW+Doppler,F-Score (ANOVA),54,bw__original_glcm_Imc2,[BW] original_glcm_Imc2,23.215536522020937
BW+Doppler,F-Score (ANOVA),55,bw__wavelet-LH_glcm_Id,[BW] wavelet-LH_glcm_Id,23.180346371354663
BW+Doppler,F-Score (ANOVA),56,bw__original_firstorder_Skewness,[BW] original_firstorder_Skewness,23.094743399979794
BW+Doppler,F-Score (ANOVA),57,bw__wavelet-LH_glrlm_RunPercentage,[BW] wavelet-LH_glrlm_RunPercentage,23.07162346007835
BW+Doppler,F-Score (ANOVA),58,bw__wavelet-LH_glcm_DifferenceEntropy,[BW] wavelet-LH_glcm_DifferenceEntropy,23.04946562608815
BW+Doppler,F-Score (ANOVA),59,bw__wavelet-LH_glszm_GrayLevelNonUniformity,[BW] wavelet-LH_glszm_GrayLevelNonUniformity,22.66204995964169
BW+Doppler,F-Score (ANOVA),60,bw__original_glcm_Contrast,[BW] original_glcm_Contrast,22.418322099461506
BW+Doppler,F-Score (ANOVA),61,bw__wavelet-LH_gldm_SmallDependenceEmphasis,[BW] wavelet-LH_gldm_SmallDependenceEmphasis,22.414458232728332
BW+Doppler,F-Score (ANOVA),62,bw__wavelet-LL_firstorder_Skewness,[BW] wavelet-LL_firstorder_Skewness,22.32596282782998
BW+Doppler,F-Score (ANOVA),63,bw__original_glcm_ClusterShade,[BW] original_glcm_ClusterShade,21.94994315988878
BW+Doppler,F-Score (ANOVA),64,bw__wavelet-LH_glrlm_GrayLevelVariance,[BW] wavelet-LH_glrlm_GrayLevelVariance,21.794969339284854
BW+Doppler,F-Score (ANOVA),65,bw__wavelet-LL_glcm_Contrast,[BW] wavelet-LL_glcm_Contrast,21.753861979635968
BW+Doppler,F-Score (ANOVA),66,bw__original_glcm_Correlation,[BW] original_glcm_Correlation,21.72012295380092
BW+Doppler,F-Score (ANOVA),67,doppler__wavelet-LH_glrlm_RunLengthNonUniformityNormalized,[D] wavelet-LH_glrlm_RunLengthNonUniformityNormalized,21.645497263051176
BW+Doppler,F-Score (ANOVA),68,bw__wavelet-LH_glcm_DifferenceAverage,[BW] wavelet-LH_glcm_DifferenceAverage,21.550205026022997
BW+Doppler,F-Score (ANOVA),69,bw__wavelet-LH_gldm_LargeDependenceEmphasis,[BW] wavelet-LH_gldm_LargeDependenceEmphasis,21.54334885781719
BW+Doppler,F-Score (ANOVA),70,bw__wavelet-LH_firstorder_RootMeanSquared,[BW] wavelet-LH_firstorder_RootMeanSquared,21.528180038673984
BW+Doppler,F-Score (ANOVA),71,bw__wavelet-LL_glcm_Correlation,[BW] wavelet-LL_glcm_Correlation,21.315304883548592
BW+Doppler,F-Score (ANOVA),72,bw__wavelet-LH_glszm_ZonePercentage,[BW] wavelet-LH_glszm_ZonePercentage,21.307481867357968
BW+Doppler,F-Score (ANOVA),73,bw__wavelet-LL_glcm_ClusterShade,[BW] wavelet-LL_glcm_ClusterShade,21.282384351457075
BW+Doppler,F-Score (ANOVA),74,doppler__wavelet-HL_glcm_Imc2,[D] wavelet-HL_glcm_Imc2,21.1945767192146
BW+Doppler,F-Score (ANOVA),75,bw__wavelet-LL_gldm_DependenceEntropy,[BW] wavelet-LL_gldm_DependenceEntropy,21.087442143646083
BW+Doppler,F-Score (ANOVA),76,doppler__original_ngtdm_Coarseness,[D] original_ngtdm_Coarseness,20.828976050086347
BW+Doppler,F-Score (ANOVA),77,doppler__wavelet-HL_gldm_DependenceVariance,[D] wavelet-HL_gldm_DependenceVariance,20.50382187880084
BW+Doppler,F-Score (ANOVA),78,bw__wavelet-HH_ngtdm_Contrast,[BW] wavelet-HH_ngtdm_Contrast,20.500696913385404
BW+Doppler,F-Score (ANOVA),79,doppler__wavelet-LH_gldm_DependenceEntropy,[D] wavelet-LH_gldm_DependenceEntropy,20.375923222192903
BW+Doppler,F-Score (ANOVA),80,doppler__wavelet-LH_firstorder_RobustMeanAbsoluteDeviation,[D] wavelet-LH_firstorder_RobustMeanAbsoluteDeviation,20.37388084834965
BW+Doppler,F-Score (ANOVA),81,doppler__original_firstorder_Maximum,[D] original_firstorder_Maximum,19.83508688404129
BW+Doppler,F-Score (ANOVA),82,doppler__wavelet-LH_glcm_Idm,[D] wavelet-LH_glcm_Idm,19.833149205841845
BW+Doppler,F-Score (ANOVA),83,bw__wavelet-LL_ngtdm_Complexity,[BW] wavelet-LL_ngtdm_Complexity,19.77250042926226
BW+Doppler,F-Score (ANOVA),84,bw__wavelet-LH_glcm_InverseVariance,[BW] wavelet-LH_glcm_InverseVariance,19.72589003195606
BW+Doppler,F-Score (ANOVA),85,doppler__wavelet-LH_glcm_Id,[D] wavelet-LH_glcm_Id,19.69372560084182
BW+Doppler,F-Score (ANOVA),86,bw__wavelet-LL_firstorder_Maximum,[BW] wavelet-LL_firstorder_Maximum,19.676549829882916
BW+Doppler,F-Score (ANOVA),87,doppler__wavelet-LH_glrlm_GrayLevelVariance,[D] wavelet-LH_glrlm_GrayLevelVariance,19.636778103067588
BW+Doppler,F-Score (ANOVA),88,doppler__wavelet-LH_glrlm_RunPercentage,[D] wavelet-LH_glrlm_RunPercentage,19.551866640479695
BW+Doppler,F-Score (ANOVA),89,bw__wavelet-LH_glcm_MaximumProbability,[BW] wavelet-LH_glcm_MaximumProbability,19.495754072031726
BW+Doppler,F-Score (ANOVA),90,doppler__wavelet-LH_glrlm_ShortRunEmphasis,[D] wavelet-LH_glrlm_ShortRunEmphasis,19.159681794062834
BW+Doppler,F-Score (ANOVA),91,bw__wavelet-LH_firstorder_RobustMeanAbsoluteDeviation,[BW] wavelet-LH_firstorder_RobustMeanAbsoluteDeviation,18.973177464958038
BW+Doppler,F-Score (ANOVA),92,bw__original_glszm_GrayLevelNonUniformity,[BW] original_glszm_GrayLevelNonUniformity,18.955179192144595
BW+Doppler,F-Score (ANOVA),93,doppler__wavelet-LL_glcm_Contrast,[D] wavelet-LL_glcm_Contrast,18.87026607750876
BW+Doppler,F-Score (ANOVA),94,doppler__original_glrlm_RunLengthNonUniformity,[D] original_glrlm_RunLengthNonUniformity,18.84359648727052
BW+Doppler,F-Score (ANOVA),95,bw__original_firstorder_Maximum,[BW] original_firstorder_Maximum,18.719109390669185
BW+Doppler,F-Score (ANOVA),96,doppler__original_gldm_DependenceEntropy,[D] original_gldm_DependenceEntropy,18.714039570401066
BW+Doppler,F-Score (ANOVA),97,bw__wavelet-HL_glrlm_ShortRunEmphasis,[BW] wavelet-HL_glrlm_ShortRunEmphasis,18.70833282782351
BW+Doppler,F-Score (ANOVA),98,bw__wavelet-HH_glcm_Idmn,[BW] wavelet-HH_glcm_Idmn,18.694678034418974
BW+Doppler,F-Score (ANOVA),99,bw__original_ngtdm_Complexity,[BW] original_ngtdm_Complexity,18.67364878744775
BW+Doppler,F-Score (ANOVA),100,doppler__wavelet-LH_glszm_SmallAreaLowGrayLevelEmphasis,[D] wavelet-LH_glszm_SmallAreaLowGrayLevelEmphasis,18.652507147647462
BW+Doppler,F-Score (ANOVA),101,doppler__wavelet-LH_glcm_DifferenceAverage,[D] wavelet-LH_glcm_DifferenceAverage,18.61563565243452
BW+Doppler,F-Score (ANOVA),102,bw__original_glszm_SizeZoneNonUniformity,[BW] original_glszm_SizeZoneNonUniformity,18.584300006185575
BW+Doppler,F-Score (ANOVA),103,doppler__wavelet-LH_gldm_LargeDependenceEmphasis,[D] wavelet-LH_gldm_LargeDependenceEmphasis,18.44563824553743
BW+Doppler,F-Score (ANOVA),104,bw__original_glrlm_RunLengthNonUniformity,[BW] original_glrlm_RunLengthNonUniformity,18.395953283699598
BW+Doppler,F-Score (ANOVA),105,doppler__wavelet-LL_firstorder_Maximum,[D] wavelet-LL_firstorder_Maximum,18.309304258787325
BW+Doppler,F-Score (ANOVA),106,doppler__wavelet-LL_glcm_DifferenceVariance,[D] wavelet-LL_glcm_DifferenceVariance,18.243144752819994
BW+Doppler,F-Score (ANOVA),107,bw__wavelet-HH_glszm_SmallAreaLowGrayLevelEmphasis,[BW] wavelet-HH_glszm_SmallAreaLowGrayLevelEmphasis,18.18704429361583
BW+Doppler,F-Score (ANOVA),108,doppler__wavelet-LL_ngtdm_Complexity,[D] wavelet-LL_ngtdm_Complexity,18.155986506488205
BW+Doppler,F-Score (ANOVA),109,doppler__wavelet-LH_gldm_SmallDependenceHighGrayLevelEmphasis,[D] wavelet-LH_gldm_SmallDependenceHighGrayLevelEmphasis,18.15246908399747
BW+Doppler,F-Score (ANOVA),110,bw__wavelet-LL_glcm_Imc2,[BW] wavelet-LL_glcm_Imc2,18.113673738835114
BW+Doppler,F-Score (ANOVA),111,bw__original_glszm_ZonePercentage,[BW] original_glszm_ZonePercentage,18.09545617316357
BW+Doppler,F-Score (ANOVA),112,doppler__wavelet-LH_firstorder_InterquartileRange,[D] wavelet-LH_firstorder_InterquartileRange,18.0760122009421
BW+Doppler,F-Score (ANOVA),113,bw__original_firstorder_Median,[BW] original_firstorder_Median,17.96744791563514
BW+Doppler,F-Score (ANOVA),114,doppler__original_glrlm_RunLengthNonUniformityNormalized,[D] original_glrlm_RunLengthNonUniformityNormalized,17.859535545813745
BW+Doppler,F-Score (ANOVA),115,bw__wavelet-LL_glszm_ZoneEntropy,[BW] wavelet-LL_glszm_ZoneEntropy,17.833876793872395
BW+Doppler,F-Score (ANOVA),116,bw__original_ngtdm_Coarseness,[BW] original_ngtdm_Coarseness,17.76591406710621
BW+Doppler,F-Score (ANOVA),117,doppler__wavelet-LL_glcm_Correlation,[D] wavelet-LL_glcm_Correlation,17.64384810935981
BW+Doppler,F-Score (ANOVA),118,doppler__original_glszm_GrayLevelNonUniformity,[D] original_glszm_GrayLevelNonUniformity,17.624223380895963
BW+Doppler,F-Score (ANOVA),119,doppler__original_firstorder_Entropy,[D] original_firstorder_Entropy,17.495133827419743
BW+Doppler,F-Score (ANOVA),120,doppler__original_firstorder_Uniformity,[D] original_firstorder_Uniformity,17.471191469775643
BW+Doppler,F-Score (ANOVA),121,bw__wavelet-HH_glszm_LowGrayLevelZoneEmphasis,[BW] wavelet-HH_glszm_LowGrayLevelZoneEmphasis,17.437008631789816
BW+Doppler,F-Score (ANOVA),122,doppler__wavelet-LH_glszm_ZoneEntropy,[D] wavelet-LH_glszm_ZoneEntropy,17.427889009797422
BW+Doppler,F-Score (ANOVA),123,bw__wavelet-LL_firstorder_Median,[BW] wavelet-LL_firstorder_Median,17.30149558919186
BW+Doppler,F-Score (ANOVA),124,doppler__original_glszm_ZonePercentage,[D] original_glszm_ZonePercentage,17.216439948449285
BW+Doppler,F-Score (ANOVA),125,doppler__original_gldm_LargeDependenceHighGrayLevelEmphasis,[D] original_gldm_LargeDependenceHighGrayLevelEmphasis,17.214439874237577
BW+Doppler,F-Score (ANOVA),126,doppler__wavelet-LH_glcm_InverseVariance,[D] wavelet-LH_glcm_InverseVariance,17.12252006643644
BW+Doppler,F-Score (ANOVA),127,doppler__original_glszm_SizeZoneNonUniformity,[D] original_glszm_SizeZoneNonUniformity,17.023609657998513
BW+Doppler,F-Score (ANOVA),128,doppler__wavelet-LH_glcm_ClusterProminence,[D] wavelet-LH_glcm_ClusterProminence,16.993559972797904
BW+Doppler,F-Score (ANOVA),129,bw__wavelet-LH_firstorder_InterquartileRange,[BW] wavelet-LH_firstorder_InterquartileRange,16.973666460626387
BW+Doppler,F-Score (ANOVA),130,doppler__wavelet-HL_glrlm_GrayLevelNonUniformityNormalized,[D] wavelet-HL_glrlm_GrayLevelNonUniformityNormalized,16.91842313258324
BW+Doppler,F-Score (ANOVA),131,bw__original_glcm_DifferenceEntropy,[BW] original_glcm_DifferenceEntropy,16.854957841610418
BW+Doppler,F-Score (ANOVA),132,bw__wavelet-LL_glszm_SizeZoneNonUniformity,[BW] wavelet-LL_glszm_SizeZoneNonUniformity,16.833805789369247
BW+Doppler,F-Score (ANOVA),133,doppler__wavelet-LH_glcm_MaximumProbability,[D] wavelet-LH_glcm_MaximumProbability,16.70263098292914
BW+Doppler,F-Score (ANOVA),134,doppler__wavelet-LH_glrlm_ShortRunHighGrayLevelEmphasis,[D] wavelet-LH_glrlm_ShortRunHighGrayLevelEmphasis,16.687926636720547
BW+Doppler,F-Score (ANOVA),135,doppler__wavelet-LH_glszm_ZonePercentage,[D] wavelet-LH_glszm_ZonePercentage,16.657857140285962
BW+Doppler,F-Score (ANOVA),136,bw__wavelet-LH_glcm_Contrast,[BW] wavelet-LH_glcm_Contrast,16.42863858321711
BW+Doppler,F-Score (ANOVA),137,bw__wavelet-HL_firstorder_Median,[BW] wavelet-HL_firstorder_Median,16.425534228916458
BW+Doppler,F-Score (ANOVA),138,doppler__wavelet-HL_firstorder_Skewness,[D] wavelet-HL_firstorder_Skewness,16.394504485436226
BW+Doppler,F-Score (ANOVA),139,bw__original_glrlm_RunLengthNonUniformityNormalized,[BW] original_glrlm_RunLengthNonUniformityNormalized,16.3290636357332
BW+Doppler,F-Score (ANOVA),140,doppler__original_ngtdm_Complexity,[D] original_ngtdm_Complexity,16.27386910734189
BW+Doppler,F-Score (ANOVA),141,doppler__wavelet-LL_firstorder_Uniformity,[D] wavelet-LL_firstorder_Uniformity,16.24873961034697
BW+Doppler,F-Score (ANOVA),142,doppler__original_firstorder_10Percentile,[D] original_firstorder_10Percentile,16.05456605226256
BW+Doppler,F-Score (ANOVA),143,doppler__wavelet-LH_glcm_DifferenceEntropy,[D] wavelet-LH_glcm_DifferenceEntropy,15.979025147195705
BW+Doppler,F-Score (ANOVA),144,doppler__wavelet-LH_gldm_SmallDependenceEmphasis,[D] wavelet-LH_gldm_SmallDependenceEmphasis,15.971075321240209
BW+Doppler,F-Score (ANOVA),145,doppler__original_glcm_Contrast,[D] original_glcm_Contrast,15.89805108743049
BW+Doppler,F-Score (ANOVA),146,bw__original_glcm_DifferenceAverage,[BW] original_glcm_DifferenceAverage,15.829114001752968
BW+Doppler,F-Score (ANOVA),147,bw__wavelet-LL_glszm_SizeZoneNonUniformityNormalized,[BW] wavelet-LL_glszm_SizeZoneNonUniformityNormalized,15.786390410087876
BW+Doppler,F-Score (ANOVA),148,bw__original_gldm_SmallDependenceEmphasis,[BW] original_gldm_SmallDependenceEmphasis,15.668303806441378
BW+Doppler,F-Score (ANOVA),149,doppler__wavelet-LH_glcm_ClusterShade,[D] wavelet-LH_glcm_ClusterShade,15.628466403444756
BW+Doppler,F-Score (ANOVA),150,doppler__wavelet-LL_glszm_SizeZoneNonUniformity,[D] wavelet-LL_glszm_SizeZoneNonUniformity,15.58919894593444
BW+Doppler,F-Score (ANOVA),151,doppler__wavelet-LH_ngtdm_Contrast,[D] wavelet-LH_ngtdm_Contrast,15.563938515478856
BW+Doppler,F-Score (ANOVA),152,doppler__original_firstorder_Skewness,[D] original_firstorder_Skewness,15.510085258398522
BW+Doppler,F-Score (ANOVA),153,doppler__original_gldm_SmallDependenceEmphasis,[D] original_gldm_SmallDependenceEmphasis,15.491691665524478
BW+Doppler,F-Score (ANOVA),154,doppler__wavelet-LL_firstorder_Entropy,[D] wavelet-LL_firstorder_Entropy,15.467714420295879
BW+Doppler,F-Score (ANOVA),155,doppler__wavelet-LL_glcm_Imc2,[D] wavelet-LL_glcm_Imc2,15.407787140204372
BW+Doppler,F-Score (ANOVA),156,doppler__wavelet-LL_firstorder_10Percentile,[D] wavelet-LL_firstorder_10Percentile,15.350995665592604
BW+Doppler,F-Score (ANOVA),157,doppler__original_glrlm_RunEntropy,[D] original_glrlm_RunEntropy,15.08996462686422
BW+Doppler,F-Score (ANOVA),158,doppler__wavelet-LH_glcm_Contrast,[D] wavelet-LH_glcm_Contrast,15.087669874523787
BW+Doppler,F-Score (ANOVA),159,doppler__original_glcm_ClusterShade,[D] original_glcm_ClusterShade,14.987453607102006
BW+Doppler,F-Score (ANOVA),160,doppler__original_glcm_Correlation,[D] original_glcm_Correlation,14.974611282250814
BW+Doppler,F-Score (ANOVA),161,doppler__wavelet-LL_firstorder_Median,[D] wavelet-LL_firstorder_Median,14.861048264031286
BW+Doppler,F-Score (ANOVA),162,doppler__original_firstorder_Median,[D] original_firstorder_Median,14.849226223523527
BW+Doppler,F-Score (ANOVA),163,doppler__wavelet-HL_firstorder_Entropy,[D] wavelet-HL_firstorder_Entropy,14.816521768467904
BW+Doppler,F-Score (ANOVA),164,doppler__wavelet-LL_firstorder_Skewness,[D] wavelet-LL_firstorder_Skewness,14.75173897735236
BW+Doppler,F-Score (ANOVA),165,doppler__wavelet-LL_glcm_SumEntropy,[D] wavelet-LL_glcm_SumEntropy,14.593427375810714
BW+Doppler,F-Score (ANOVA),166,bw__wavelet-LL_glcm_DifferenceEntropy,[BW] wavelet-LL_glcm_DifferenceEntropy,14.553123609603814
BW+Doppler,F-Score (ANOVA),167,doppler__original_glcm_DifferenceAverage,[D] original_glcm_DifferenceAverage,14.48394387536048
BW+Doppler,F-Score (ANOVA),168,doppler__wavelet-HL_firstorder_Uniformity,[D] wavelet-HL_firstorder_Uniformity,14.462492759007583
BW+Doppler,F-Score (ANOVA),169,doppler__wavelet-LL_glcm_ClusterShade,[D] wavelet-LL_glcm_ClusterShade,14.34100745831405
BW+Doppler,F-Score (ANOVA),170,bw__wavelet-LH_glszm_SizeZoneNonUniformity,[BW] wavelet-LH_glszm_SizeZoneNonUniformity,14.240310393891702
BW+Doppler,F-Score (ANOVA),171,bw__wavelet-HL_glcm_JointEnergy,[BW] wavelet-HL_glcm_JointEnergy,14.202979598087593
BW+Doppler,F-Score (ANOVA),172,doppler__wavelet-LL_gldm_LargeDependenceHighGrayLevelEmphasis,[D] wavelet-LL_gldm_LargeDependenceHighGrayLevelEmphasis,14.170657389188015
BW+Doppler,F-Score (ANOVA),173,doppler__original_firstorder_Range,[D] original_firstorder_Range,14.131970331006743
BW+Doppler,F-Score (ANOVA),174,bw__wavelet-HH_glrlm_LowGrayLevelRunEmphasis,[BW] wavelet-HH_glrlm_LowGrayLevelRunEmphasis,13.960593785398894
BW+Doppler,F-Score (ANOVA),175,bw__wavelet-LL_glcm_InverseVariance,[BW] wavelet-LL_glcm_InverseVariance,13.930813865489858
BW+Doppler,F-Score (ANOVA),176,doppler__wavelet-HL_glcm_InverseVariance,[D] wavelet-HL_glcm_InverseVariance,13.75312832630968
BW+Doppler,F-Score (ANOVA),177,doppler__original_glcm_DifferenceEntropy,[D] original_glcm_DifferenceEntropy,13.752868582592706
BW+Doppler,F-Score (ANOVA),178,bw__wavelet-LL_glcm_DifferenceAverage,[BW] wavelet-LL_glcm_DifferenceAverage,13.743369882249496
BW+Doppler,F-Score (ANOVA),179,doppler__original_glrlm_ShortRunEmphasis,[D] original_glrlm_ShortRunEmphasis,13.736956574871424
BW+Doppler,F-Score (ANOVA),180,bw__wavelet-HH_gldm_LowGrayLevelEmphasis,[BW] wavelet-HH_gldm_LowGrayLevelEmphasis,13.650245213476301
BW+Doppler,F-Score (ANOVA),181,bw__wavelet-HH_gldm_LargeDependenceLowGrayLevelEmphasis,[BW] wavelet-HH_gldm_LargeDependenceLowGrayLevelEmphasis,13.548426795231123
BW+Doppler,F-Score (ANOVA),182,bw__wavelet-HH_glrlm_ShortRunLowGrayLevelEmphasis,[BW] wavelet-HH_glrlm_ShortRunLowGrayLevelEmphasis,13.234645240733043
BW+Doppler,F-Score (ANOVA),183,doppler__wavelet-HL_glcm_SumEntropy,[D] wavelet-HL_glcm_SumEntropy,13.173593668053421
BW+Doppler,F-Score (ANOVA),184,bw__wavelet-HH_gldm_SmallDependenceLowGrayLevelEmphasis,[BW] wavelet-HH_gldm_SmallDependenceLowGrayLevelEmphasis,13.16913322185605
BW+Doppler,F-Score (ANOVA),185,doppler__wavelet-LL_glszm_ZoneEntropy,[D] wavelet-LL_glszm_ZoneEntropy,13.098390073074357
BW+Doppler,F-Score (ANOVA),186,bw__wavelet-HL_glcm_Imc1,[BW] wavelet-HL_glcm_Imc1,13.05730524501924
BW+Doppler,F-Score (ANOVA),187,bw__wavelet-LL_glszm_GrayLevelNonUniformity,[BW] wavelet-LL_glszm_GrayLevelNonUniformity,12.989079410864743
BW+Doppler,F-Score (ANOVA),188,bw__wavelet-LH_glcm_DifferenceVariance,[BW] wavelet-LH_glcm_DifferenceVariance,12.96686555318626
BW+Doppler,F-Score (ANOVA),189,bw__wavelet-HH_glcm_Idn,[BW] wavelet-HH_glcm_Idn,12.792315777460276
BW+Doppler,F-Score (ANOVA),190,bw__original_glcm_Imc1,[BW] original_glcm_Imc1,12.754710036508328
BW+Doppler,F-Score (ANOVA),191,bw__original_firstorder_Range,[BW] original_firstorder_Range,12.719166677362116
BW+Doppler,F-Score (ANOVA),192,bw__original_gldm_LargeDependenceHighGrayLevelEmphasis,[BW] original_gldm_LargeDependenceHighGrayLevelEmphasis,12.369442488723928
BW+Doppler,F-Score (ANOVA),193,bw__wavelet-LL_firstorder_Range,[BW] wavelet-LL_firstorder_Range,12.284830644703673
BW+Doppler,F-Score (ANOVA),194,bw__wavelet-LL_gldm_LargeDependenceHighGrayLevelEmphasis,[BW] wavelet-LL_gldm_LargeDependenceHighGrayLevelEmphasis,12.282695338929848
BW+Doppler,F-Score (ANOVA),195,doppler__wavelet-LH_glcm_Imc2,[D] wavelet-LH_glcm_Imc2,12.209329893562302
BW+Doppler,F-Score (ANOVA),196,doppler__wavelet-HL_firstorder_Kurtosis,[D] wavelet-HL_firstorder_Kurtosis,12.184750528678597
BW+Doppler,F-Score (ANOVA),197,doppler__wavelet-LL_glcm_DifferenceAverage,[D] wavelet-LL_glcm_DifferenceAverage,12.171043727151188
BW+Doppler,F-Score (ANOVA),198,doppler__wavelet-LL_glcm_InverseVariance,[D] wavelet-LL_glcm_InverseVariance,12.048921974247632
BW+Doppler,F-Score (ANOVA),199,doppler__wavelet-LL_firstorder_Range,[D] wavelet-LL_firstorder_Range,12.006087887285872
BW+Doppler,F-Score (ANOVA),200,doppler__wavelet-LH_firstorder_Minimum,[D] wavelet-LH_firstorder_Minimum,11.964694383087663
BW+Doppler,F-Score (ANOVA),201,bw__wavelet-HH_ngtdm_Busyness,[BW] wavelet-HH_ngtdm_Busyness,11.95998231749716
BW+Doppler,F-Score (ANOVA),202,bw__original_glszm_SmallAreaLowGrayLevelEmphasis,[BW] original_glszm_SmallAreaLowGrayLevelEmphasis,11.670903924311245
BW+Doppler,F-Score (ANOVA),203,bw__original_glrlm_ShortRunEmphasis,[BW] original_glrlm_ShortRunEmphasis,11.527348259958615
BW+Doppler,F-Score (ANOVA),204,bw__original_firstorder_Uniformity,[BW] original_firstorder_Uniformity,11.422788032514683
BW+Doppler,F-Score (ANOVA),205,doppler__original_glcm_SumEntropy,[D] original_glcm_SumEntropy,11.402954410241584
BW+Doppler,F-Score (ANOVA),206,bw__wavelet-LH_gldm_DependenceVariance,[BW] wavelet-LH_gldm_DependenceVariance,11.40177095624912
BW+Doppler,F-Score (ANOVA),207,doppler__wavelet-HH_gldm_DependenceEntropy,[D] wavelet-HH_gldm_DependenceEntropy,11.346871426135337
BW+Doppler,F-Score (ANOVA),208,doppler__original_glcm_Imc1,[D] original_glcm_Imc1,11.341649639959927
BW+Doppler,F-Score (ANOVA),209,doppler__wavelet-LL_glcm_DifferenceEntropy,[D] wavelet-LL_glcm_DifferenceEntropy,11.314285564716322
BW+Doppler,F-Score (ANOVA),210,doppler__wavelet-HH_glszm_SmallAreaLowGrayLevelEmphasis,[D] wavelet-HH_glszm_SmallAreaLowGrayLevelEmphasis,11.296319330278255
BW+Doppler,F-Score (ANOVA),211,doppler__wavelet-LL_glcm_MCC,[D] wavelet-LL_glcm_MCC,11.255909688666142
BW+Doppler,F-Score (ANOVA),212,doppler__wavelet-LL_glszm_GrayLevelNonUniformity,[D] wavelet-LL_glszm_GrayLevelNonUniformity,11.252217554763796
BW+Doppler,F-Score (ANOVA),213,bw__wavelet-LH_firstorder_Kurtosis,[BW] wavelet-LH_firstorder_Kurtosis,11.215196720554694
BW+Doppler,F-Score (ANOVA),214,doppler__original_glcm_DifferenceVariance,[D] original_glcm_DifferenceVariance,11.192372698248542
BW+Doppler,F-Score (ANOVA),215,doppler__wavelet-HL_glcm_JointEntropy,[D] wavelet-HL_glcm_JointEntropy,11.181450147014207
BW+Doppler,F-Score (ANOVA),216,doppler__wavelet-LH_glcm_SumAverage,[D] wavelet-LH_glcm_SumAverage,11.107271771500574
BW+Doppler,F-Score (ANOVA),217,doppler__wavelet-LH_glcm_JointAverage,[D] wavelet-LH_glcm_JointAverage,11.107271771499986
BW+Doppler,F-Score (ANOVA),218,bw__wavelet-LL_firstorder_Uniformity,[BW] wavelet-LL_firstorder_Uniformity,10.97819574229635
BW+Doppler,F-Score (ANOVA),219,doppler__wavelet-HL_glszm_ZonePercentage,[D] wavelet-HL_glszm_ZonePercentage,10.973722835480082
BW+Doppler,F-Score (ANOVA),220,bw__wavelet-LH_glcm_ClusterProminence,[BW] wavelet-LH_glcm_ClusterProminence,10.695605270219165
BW+Doppler,F-Score (ANOVA),221,bw__original_glcm_Idm,[BW] original_glcm_Idm,10.554935453606172
BW+Doppler,F-Score (ANOVA),222,doppler__wavelet-LH_gldm_HighGrayLevelEmphasis,[D] wavelet-LH_gldm_HighGrayLevelEmphasis,10.403285514817645
BW+Doppler,F-Score (ANOVA),223,doppler__wavelet-LH_glrlm_HighGrayLevelRunEmphasis,[D] wavelet-LH_glrlm_HighGrayLevelRunEmphasis,10.398375260988537
BW+Doppler,F-Score (ANOVA),224,bw__wavelet-LH_ngtdm_Contrast,[BW] wavelet-LH_ngtdm_Contrast,10.389608851971174
BW+Doppler,F-Score (ANOVA),225,doppler__wavelet-LH_glcm_Autocorrelation,[D] wavelet-LH_glcm_Autocorrelation,10.363103650997273
BW+Doppler,F-Score (ANOVA),226,doppler__wavelet-LH_glcm_DifferenceVariance,[D] wavelet-LH_glcm_DifferenceVariance,10.342550649599307
BW+Doppler,F-Score (ANOVA),227,bw__wavelet-HL_glcm_DifferenceEntropy,[BW] wavelet-HL_glcm_DifferenceEntropy,10.324575084386769
BW+Doppler,F-Score (ANOVA),228,doppler__wavelet-LH_gldm_LargeDependenceLowGrayLevelEmphasis,[D] wavelet-LH_gldm_LargeDependenceLowGrayLevelEmphasis,10.254539744374831
BW+Doppler,F-Score (ANOVA),229,doppler__original_glcm_MCC,[D] original_glcm_MCC,10.221245760232037
BW+Doppler,F-Score (ANOVA),230,doppler__wavelet-LL_glszm_SizeZoneNonUniformityNormalized,[D] wavelet-LL_glszm_SizeZoneNonUniformityNormalized,10.220495677606719
BW+Doppler,F-Score (ANOVA),231,bw__original_glrlm_RunEntropy,[BW] original_glrlm_RunEntropy,10.190983668922929
BW+Doppler,F-Score (ANOVA),232,doppler__original_glcm_Idm,[D] original_glcm_Idm,10.17048577898731
BW+Doppler,F-Score (ANOVA),233,bw__wavelet-LL_firstorder_Entropy,[BW] wavelet-LL_firstorder_Entropy,10.069483717455416
BW+Doppler,F-Score (ANOVA),234,bw__wavelet-LL_glszm_SmallAreaEmphasis,[BW] wavelet-LL_glszm_SmallAreaEmphasis,9.951435907548548
BW+Doppler,F-Score (ANOVA),235,doppler__wavelet-LL_glszm_SmallAreaHighGrayLevelEmphasis,[D] wavelet-LL_glszm_SmallAreaHighGrayLevelEmphasis,9.948777375155734
BW+Doppler,F-Score (ANOVA),236,doppler__wavelet-HH_glszm_GrayLevelNonUniformity,[D] wavelet-HH_glszm_GrayLevelNonUniformity,9.925135477284824
BW+Doppler,F-Score (ANOVA),237,doppler__wavelet-LH_glszm_HighGrayLevelZoneEmphasis,[D] wavelet-LH_glszm_HighGrayLevelZoneEmphasis,9.920848332330753
BW+Doppler,F-Score (ANOVA),238,bw__wavelet-LL_glcm_Idmn,[BW] wavelet-LL_glcm_Idmn,9.882740647124898
BW+Doppler,F-Score (ANOVA),239,bw__original_gldm_SmallDependenceHighGrayLevelEmphasis,[BW] original_gldm_SmallDependenceHighGrayLevelEmphasis,9.828310168698987
BW+Doppler,F-Score (ANOVA),240,bw__wavelet-LH_firstorder_Skewness,[BW] wavelet-LH_firstorder_Skewness,9.823935285120978
BW+Doppler,F-Score (ANOVA),241,bw__wavelet-LL_glszm_ZonePercentage,[BW] wavelet-LL_glszm_ZonePercentage,9.779987352154574
BW+Doppler,F-Score (ANOVA),242,doppler__wavelet-HH_glszm_LowGrayLevelZoneEmphasis,[D] wavelet-HH_glszm_LowGrayLevelZoneEmphasis,9.60520194716837
BW+Doppler,F-Score (ANOVA),243,doppler__wavelet-LL_glrlm_GrayLevelNonUniformityNormalized,[D] wavelet-LL_glrlm_GrayLevelNonUniformityNormalized,9.281485870703603
BW+Doppler,F-Score (ANOVA),244,doppler__wavelet-HH_firstorder_InterquartileRange,[D] wavelet-HH_firstorder_InterquartileRange,9.204125251864866
BW+Doppler,F-Score (ANOVA),245,bw__original_glrlm_GrayLevelNonUniformity,[BW] original_glrlm_GrayLevelNonUniformity,9.182326930891948
BW+Doppler,F-Score (ANOVA),246,doppler__original_glcm_MaximumProbability,[D] original_glcm_MaximumProbability,9.12578729481189
BW+Doppler,F-Score (ANOVA),247,doppler__wavelet-HL_firstorder_Maximum,[D] wavelet-HL_firstorder_Maximum,9.123414852633948
BW+Doppler,F-Score (ANOVA),248,bw__wavelet-LH_firstorder_Maximum,[BW] wavelet-LH_firstorder_Maximum,9.102906180457198
BW+Doppler,F-Score (ANOVA),249,doppler__original_glszm_SmallAreaHighGrayLevelEmphasis,[D] original_glszm_SmallAreaHighGrayLevelEmphasis,9.102699149767972
BW+Doppler,F-Score (ANOVA),250,bw__original_firstorder_Entropy,[BW] original_firstorder_Entropy,9.08598379336174
BW+Doppler,F-Score (ANOVA),251,doppler__original_glrlm_GrayLevelNonUniformity,[D] original_glrlm_GrayLevelNonUniformity,9.069232104045176
BW+Doppler,F-Score (ANOVA),252,bw__wavelet-LH_glszm_LargeAreaHighGrayLevelEmphasis,[BW] wavelet-LH_glszm_LargeAreaHighGrayLevelEmphasis,9.061218552298469
BW+Doppler,F-Score (ANOVA),253,bw__wavelet-LL_glcm_Imc1,[BW] wavelet-LL_glcm_Imc1,9.02594800298684
BW+Doppler,F-Score (ANOVA),254,bw__original_glcm_Id,[BW] original_glcm_Id,9.019886258082384
BW+Doppler,F-Score (ANOVA),255,doppler__original_firstorder_Kurtosis,[D] original_firstorder_Kurtosis,8.986556269312288
BW+Doppler,F-Score (ANOVA),256,doppler__wavelet-HL_glcm_ClusterTendency,[D] wavelet-HL_glcm_ClusterTendency,8.983105656190588
BW+Doppler,F-Score (ANOVA),257,bw__wavelet-HL_glcm_MaximumProbability,[BW] wavelet-HL_glcm_MaximumProbability,8.981679338789492
BW+Doppler,F-Score (ANOVA),258,doppler__original_ngtdm_Strength,[D] original_ngtdm_Strength,8.919164401009636
BW+Doppler,F-Score (ANOVA),259,doppler__wavelet-LL_glszm_ZonePercentage,[D] wavelet-LL_glszm_ZonePercentage,8.87792445091684
BW+Doppler,F-Score (ANOVA),260,bw__wavelet-LL_gldm_SmallDependenceEmphasis,[BW] wavelet-LL_gldm_SmallDependenceEmphasis,8.808040155605978
BW+Doppler,F-Score (ANOVA),261,doppler__wavelet-LH_ngtdm_Complexity,[D] wavelet-LH_ngtdm_Complexity,8.802070101869365
BW+Doppler,F-Score (ANOVA),262,doppler__original_glcm_Id,[D] original_glcm_Id,8.78407325521875
BW+Doppler,F-Score (ANOVA),263,bw__original_firstorder_Kurtosis,[BW] original_firstorder_Kurtosis,8.754794884499853
BW+Doppler,F-Score (ANOVA),264,doppler__original_gldm_SmallDependenceHighGrayLevelEmphasis,[D] original_gldm_SmallDependenceHighGrayLevelEmphasis,8.715796689053823
BW+Doppler,F-Score (ANOVA),265,doppler__wavelet-LL_firstorder_Kurtosis,[D] wavelet-LL_firstorder_Kurtosis,8.59019707606597
BW+Doppler,F-Score (ANOVA),266,doppler__wavelet-HL_glszm_ZoneEntropy,[D] wavelet-HL_glszm_ZoneEntropy,8.576298123205056
BW+Doppler,F-Score (ANOVA),267,bw__wavelet-LH_glcm_Idn,[BW] wavelet-LH_glcm_Idn,8.530439271348214
BW+Doppler,F-Score (ANOVA),268,bw__wavelet-LL_glcm_SumEntropy,[BW] wavelet-LL_glcm_SumEntropy,8.521064825905292
BW+Doppler,F-Score (ANOVA),269,doppler__wavelet-HL_firstorder_Median,[D] wavelet-HL_firstorder_Median,8.480414825778878
BW+Doppler,F-Score (ANOVA),270,bw__wavelet-LL_firstorder_Kurtosis,[BW] wavelet-LL_firstorder_Kurtosis,8.473712888860454
BW+Doppler,F-Score (ANOVA),271,bw__wavelet-LL_glcm_MCC,[BW] wavelet-LL_glcm_MCC,8.401917896037691
BW+Doppler,F-Score (ANOVA),272,bw__wavelet-LH_glszm_ZoneEntropy,[BW] wavelet-LH_glszm_ZoneEntropy,8.374613870614096
BW+Doppler,F-Score (ANOVA),273,bw__wavelet-LL_glszm_SmallAreaLowGrayLevelEmphasis,[BW] wavelet-LL_glszm_SmallAreaLowGrayLevelEmphasis,8.329865146835193
BW+Doppler,F-Score (ANOVA),274,doppler__original_glcm_ClusterProminence,[D] original_glcm_ClusterProminence,8.319585915541188
BW+Doppler,F-Score (ANOVA),275,bw__wavelet-HL_glszm_SmallAreaEmphasis,[BW] wavelet-HL_glszm_SmallAreaEmphasis,8.318647311883462
BW+Doppler,F-Score (ANOVA),276,doppler__wavelet-HH_glrlm_RunEntropy,[D] wavelet-HH_glrlm_RunEntropy,8.317784121359379
BW+Doppler,F-Score (ANOVA),277,doppler__wavelet-LH_glcm_Idn,[D] wavelet-LH_glcm_Idn,8.307804288264736
BW+Doppler,F-Score (ANOVA),278,doppler__wavelet-LH_glszm_LowGrayLevelZoneEmphasis,[D] wavelet-LH_glszm_LowGrayLevelZoneEmphasis,8.29372532964436
BW+Doppler,F-Score (ANOVA),279,doppler__wavelet-HL_glcm_DifferenceEntropy,[D] wavelet-HL_glcm_DifferenceEntropy,8.187883440163693
BW+Doppler,F-Score (ANOVA),280,bw__original_gldm_DependenceEntropy,[BW] original_gldm_DependenceEntropy,8.111751688354781
BW+Doppler,F-Score (ANOVA),281,doppler__wavelet-LL_glcm_ClusterProminence,[D] wavelet-LL_glcm_ClusterProminence,8.109520072933183
BW+Doppler,F-Score (ANOVA),282,bw__original_glcm_Idmn,[BW] original_glcm_Idmn,8.017398854267107
BW+Doppler,F-Score (ANOVA),283,doppler__wavelet-HH_firstorder_RobustMeanAbsoluteDeviation,[D] wavelet-HH_firstorder_RobustMeanAbsoluteDeviation,7.988940906429801
BW+Doppler,F-Score (ANOVA),284,doppler__wavelet-LL_gldm_SmallDependenceEmphasis,[D] wavelet-LL_gldm_SmallDependenceEmphasis,7.830497897108464
BW+Doppler,F-Score (ANOVA),285,doppler__wavelet-LH_glcm_Correlation,[D] wavelet-LH_glcm_Correlation,7.793539950708743
BW+Doppler,F-Score (ANOVA),286,bw__wavelet-HL_gldm_DependenceNonUniformityNormalized,[BW] wavelet-HL_gldm_DependenceNonUniformityNormalized,7.7547281950059785
BW+Doppler,F-Score (ANOVA),287,bw__original_glcm_MCC,[BW] original_glcm_MCC,7.718307346916959
BW+Doppler,F-Score (ANOVA),288,bw__original_glszm_SmallAreaHighGrayLevelEmphasis,[BW] original_glszm_SmallAreaHighGrayLevelEmphasis,7.55147687903084
BW+Doppler,F-Score (ANOVA),289,bw__wavelet-HL_gldm_SmallDependenceEmphasis,[BW] wavelet-HL_gldm_SmallDependenceEmphasis,7.5191833957528385
BW+Doppler,F-Score (ANOVA),290,doppler__wavelet-HH_ngtdm_Strength,[D] wavelet-HH_ngtdm_Strength,7.444656494458257
BW+Doppler,F-Score (ANOVA),291,bw__wavelet-HH_gldm_DependenceEntropy,[BW] wavelet-HH_gldm_DependenceEntropy,7.383529784805852
BW+Doppler,F-Score (ANOVA),292,bw__wavelet-HL_glszm_SizeZoneNonUniformityNormalized,[BW] wavelet-HL_glszm_SizeZoneNonUniformityNormalized,7.372661688497438
BW+Doppler,F-Score (ANOVA),293,doppler__wavelet-LL_glrlm_RunEntropy,[D] wavelet-LL_glrlm_RunEntropy,7.338188050486379
BW+Doppler,F-Score (ANOVA),294,bw__wavelet-LH_glszm_GrayLevelNonUniformityNormalized,[BW] wavelet-LH_glszm_GrayLevelNonUniformityNormalized,7.266399491341454
BW+Doppler,F-Score (ANOVA),295,doppler__wavelet-HH_glcm_JointEntropy,[D] wavelet-HH_glcm_JointEntropy,7.266040977233677
BW+Doppler,F-Score (ANOVA),296,bw__wavelet-HL_glrlm_RunLengthNonUniformityNormalized,[BW] wavelet-HL_glrlm_RunLengthNonUniformityNormalized,7.265435860175988
BW+Doppler,F-Score (ANOVA),297,bw__original_glcm_ClusterProminence,[BW] original_glcm_ClusterProminence,7.261702453559349
BW+Doppler,F-Score (ANOVA),298,bw__wavelet-LL_glcm_ClusterTendency,[BW] wavelet-LL_glcm_ClusterTendency,7.095934923536683
BW+Doppler,F-Score (ANOVA),299,doppler__wavelet-LH_firstorder_Median,[D] wavelet-LH_firstorder_Median,7.07515967209784
BW+Doppler,F-Score (ANOVA),300,doppler__wavelet-HH_firstorder_Uniformity,[D] wavelet-HH_firstorder_Uniformity,7.061384818673193
BW+Doppler,F-Score (ANOVA),301,doppler__wavelet-HL_glszm_SizeZoneNonUniformity,[D] wavelet-HL_glszm_SizeZoneNonUniformity,7.028748322548445
BW+Doppler,F-Score (ANOVA),302,bw__wavelet-LL_glrlm_GrayLevelNonUniformityNormalized,[BW] wavelet-LL_glrlm_GrayLevelNonUniformityNormalized,7.00489185662038
BW+Doppler,F-Score (ANOVA),303,doppler__wavelet-HH_glrlm_GrayLevelNonUniformityNormalized,[D] wavelet-HH_glrlm_GrayLevelNonUniformityNormalized,6.9597077622171675
BW+Doppler,F-Score (ANOVA),304,bw__wavelet-LL_glszm_LowGrayLevelZoneEmphasis,[BW] wavelet-LL_glszm_LowGrayLevelZoneEmphasis,6.9572047298625925
BW+Doppler,F-Score (ANOVA),305,doppler__wavelet-HL_firstorder_Mean,[D] wavelet-HL_firstorder_Mean,6.934407352058963
BW+Doppler,F-Score (ANOVA),306,doppler__wavelet-HH_gldm_SmallDependenceLowGrayLevelEmphasis,[D] wavelet-HH_gldm_SmallDependenceLowGrayLevelEmphasis,6.85511071589705
BW+Doppler,F-Score (ANOVA),307,bw__original_glszm_LowGrayLevelZoneEmphasis,[BW] original_glszm_LowGrayLevelZoneEmphasis,6.818214098376124
BW+Doppler,F-Score (ANOVA),308,doppler__wavelet-HH_firstorder_Entropy,[D] wavelet-HH_firstorder_Entropy,6.810540860662481
BW+Doppler,F-Score (ANOVA),309,bw__wavelet-LL_glrlm_RunLengthNonUniformity,[BW] wavelet-LL_glrlm_RunLengthNonUniformity,6.665210395286969
BW+Doppler,F-Score (ANOVA),310,bw__wavelet-LL_glszm_SmallAreaHighGrayLevelEmphasis,[BW] wavelet-LL_glszm_SmallAreaHighGrayLevelEmphasis,6.6554964179319445
BW+Doppler,F-Score (ANOVA),311,bw__wavelet-LH_glszm_SmallAreaEmphasis,[BW] wavelet-LH_glszm_SmallAreaEmphasis,6.62051166126438
BW+Doppler,F-Score (ANOVA),312,doppler__wavelet-LL_glcm_MaximumProbability,[D] wavelet-LL_glcm_MaximumProbability,6.587341079958898
BW+Doppler,F-Score (ANOVA),313,bw__wavelet-LL_glcm_ClusterProminence,[BW] wavelet-LL_glcm_ClusterProminence,6.537841523607669
BW+Doppler,F-Score (ANOVA),314,doppler__wavelet-HH_glrlm_LowGrayLevelRunEmphasis,[D] wavelet-HH_glrlm_LowGrayLevelRunEmphasis,6.534135402928224
BW+Doppler,F-Score (ANOVA),315,doppler__wavelet-HH_gldm_DependenceNonUniformityNormalized,[D] wavelet-HH_gldm_DependenceNonUniformityNormalized,6.443958327036306
BW+Doppler,F-Score (ANOVA),316,doppler__wavelet-HH_glrlm_ShortRunLowGrayLevelEmphasis,[D] wavelet-HH_glrlm_ShortRunLowGrayLevelEmphasis,6.429236299032408
BW+Doppler,F-Score (ANOVA),317,bw__wavelet-HL_glrlm_RunEntropy,[BW] wavelet-HL_glrlm_RunEntropy,6.4210136231900465
BW+Doppler,F-Score (ANOVA),318,doppler__wavelet-HH_glcm_SumEntropy,[D] wavelet-HH_glcm_SumEntropy,6.4209933948766915
BW+Doppler,F-Score (ANOVA),319,doppler__wavelet-HH_gldm_LowGrayLevelEmphasis,[D] wavelet-HH_gldm_LowGrayLevelEmphasis,6.405130735380231
BW+Doppler,F-Score (ANOVA),320,doppler__wavelet-HH_glcm_JointEnergy,[D] wavelet-HH_glcm_JointEnergy,6.403589483846652
BW+Doppler,F-Score (ANOVA),321,doppler__wavelet-HH_glcm_DifferenceEntropy,[D] wavelet-HH_glcm_DifferenceEntropy,6.384125277143037
BW+Doppler,F-Score (ANOVA),322,doppler__wavelet-LL_glcm_Imc1,[D] wavelet-LL_glcm_Imc1,6.240548699536544
BW+Doppler,F-Score (ANOVA),323,bw__original_ngtdm_Strength,[BW] original_ngtdm_Strength,6.235538685026105
BW+Doppler,F-Score (ANOVA),324,bw__wavelet-HL_firstorder_InterquartileRange,[BW] wavelet-HL_firstorder_InterquartileRange,6.196326351120481
BW+Doppler,F-Score (ANOVA),325,doppler__original_glrlm_GrayLevelNonUniformityNormalized,[D] original_glrlm_GrayLevelNonUniformityNormalized,6.131766119841274
BW+Doppler,F-Score (ANOVA),326,bw__wavelet-HH_gldm_DependenceNonUniformityNormalized,[BW] wavelet-HH_gldm_DependenceNonUniformityNormalized,6.125210240626537
BW+Doppler,F-Score (ANOVA),327,doppler__wavelet-HH_gldm_SmallDependenceHighGrayLevelEmphasis,[D] wavelet-HH_gldm_SmallDependenceHighGrayLevelEmphasis,6.121433773869044
BW+Doppler,F-Score (ANOVA),328,doppler__wavelet-LH_glcm_Imc1,[D] wavelet-LH_glcm_Imc1,6.089111012756151
BW+Doppler,F-Score (ANOVA),329,doppler__wavelet-HL_glrlm_GrayLevelVariance,[D] wavelet-HL_glrlm_GrayLevelVariance,6.070362602812054
BW+Doppler,F-Score (ANOVA),330,doppler__wavelet-LL_gldm_SmallDependenceHighGrayLevelEmphasis,[D] wavelet-LL_gldm_SmallDependenceHighGrayLevelEmphasis,6.064342535872902
BW+Doppler,F-Score (ANOVA),331,bw__wavelet-LH_glrlm_RunEntropy,[BW] wavelet-LH_glrlm_RunEntropy,6.032514613738334
BW+Doppler,F-Score (ANOVA),332,doppler__wavelet-HH_ngtdm_Complexity,[D] wavelet-HH_ngtdm_Complexity,6.031604664420562
BW+Doppler,F-Score (ANOVA),333,doppler__wavelet-LL_ngtdm_Strength,[D] wavelet-LL_ngtdm_Strength,6.02353701880582
BW+Doppler,F-Score (ANOVA),334,bw__wavelet-LL_glrlm_RunEntropy,[BW] wavelet-LL_glrlm_RunEntropy,6.01655035641312
BW+Doppler,F-Score (ANOVA),335,bw__wavelet-LH_firstorder_Median,[BW] wavelet-LH_firstorder_Median,5.995178507225921
BW+Doppler,F-Score (ANOVA),336,doppler__wavelet-HL_gldm_GrayLevelVariance,[D] wavelet-HL_gldm_GrayLevelVariance,5.993025737868016
BW+Doppler,F-Score (ANOVA),337,doppler__wavelet-HH_glcm_SumAverage,[D] wavelet-HH_glcm_SumAverage,5.929675733980809
BW+Doppler,F-Score (ANOVA),338,doppler__wavelet-HH_glcm_JointAverage,[D] wavelet-HH_glcm_JointAverage,5.9296757339807815
BW+Doppler,F-Score (ANOVA),339,bw__wavelet-HL_firstorder_90Percentile,[BW] wavelet-HL_firstorder_90Percentile,5.921793502929847
BW+Doppler,F-Score (ANOVA),340,doppler__wavelet-LL_glszm_SmallAreaLowGrayLevelEmphasis,[D] wavelet-LL_glszm_SmallAreaLowGrayLevelEmphasis,5.8906761581844895
BW+Doppler,F-Score (ANOVA),341,doppler__original_glrlm_RunPercentage,[D] original_glrlm_RunPercentage,5.887584469459916
BW+Doppler,F-Score (ANOVA),342,doppler__wavelet-LH_glrlm_LowGrayLevelRunEmphasis,[D] wavelet-LH_glrlm_LowGrayLevelRunEmphasis,5.871047544924405
BW+Doppler,F-Score (ANOVA),343,bw__wavelet-HL_firstorder_RobustMeanAbsoluteDeviation,[BW] wavelet-HL_firstorder_RobustMeanAbsoluteDeviation,5.829740362722467
BW+Doppler,F-Score (ANOVA),344,doppler__wavelet-LL_glszm_SmallAreaEmphasis,[D] wavelet-LL_glszm_SmallAreaEmphasis,5.817398446838756
BW+Doppler,F-Score (ANOVA),345,bw__original_glrlm_RunPercentage,[BW] original_glrlm_RunPercentage,5.814659763610964
BW+Doppler,F-Score (ANOVA),346,bw__original_glszm_SizeZoneNonUniformityNormalized,[BW] original_glszm_SizeZoneNonUniformityNormalized,5.79537670480759
BW+Doppler,F-Score (ANOVA),347,doppler__wavelet-HL_firstorder_RootMeanSquared,[D] wavelet-HL_firstorder_RootMeanSquared,5.772751322043512
BW+Doppler,F-Score (ANOVA),348,doppler__wavelet-HH_glcm_Idn,[D] wavelet-HH_glcm_Idn,5.759100347795685
BW+Doppler,F-Score (ANOVA),349,doppler__wavelet-LH_gldm_LowGrayLevelEmphasis,[D] wavelet-LH_gldm_LowGrayLevelEmphasis,5.7585789428001615
BW+Doppler,F-Score (ANOVA),350,doppler__wavelet-LH_glcm_Idmn,[D] wavelet-LH_glcm_Idmn,5.71757745346837
BW+Doppler,F-Score (ANOVA),351,doppler__wavelet-HL_firstorder_Variance,[D] wavelet-HL_firstorder_Variance,5.692211832600665
BW+Doppler,F-Score (ANOVA),352,bw__original_glcm_SumEntropy,[BW] original_glcm_SumEntropy,5.690392773158754
BW+Doppler,F-Score (ANOVA),353,doppler__original_gldm_DependenceVariance,[D] original_gldm_DependenceVariance,5.666831216045748
BW+Doppler,F-Score (ANOVA),354,doppler__wavelet-HH_gldm_LargeDependenceHighGrayLevelEmphasis,[D] wavelet-HH_gldm_LargeDependenceHighGrayLevelEmphasis,5.608838793980122
BW+Doppler,F-Score (ANOVA),355,doppler__wavelet-HH_gldm_LargeDependenceLowGrayLevelEmphasis,[D] wavelet-HH_gldm_LargeDependenceLowGrayLevelEmphasis,5.600795008723395
BW+Doppler,F-Score (ANOVA),356,bw__original_firstorder_90Percentile,[BW] original_firstorder_90Percentile,5.592289918797996
BW+Doppler,F-Score (ANOVA),357,doppler__wavelet-HH_firstorder_Minimum,[D] wavelet-HH_firstorder_Minimum,5.574258592082904
BW+Doppler,F-Score (ANOVA),358,doppler__original_glrlm_LongRunHighGrayLevelEmphasis,[D] original_glrlm_LongRunHighGrayLevelEmphasis,5.548099492496397
BW+Doppler,F-Score (ANOVA),359,doppler__wavelet-LL_glcm_JointEnergy,[D] wavelet-LL_glcm_JointEnergy,5.525581269851401
BW+Doppler,F-Score (ANOVA),360,bw__wavelet-LL_glrlm_GrayLevelNonUniformity,[BW] wavelet-LL_glrlm_GrayLevelNonUniformity,5.5118868669986965
BW+Doppler,F-Score (ANOVA),361,doppler__wavelet-HH_firstorder_10Percentile,[D] wavelet-HH_firstorder_10Percentile,5.497452578048314
BW+Doppler,F-Score (ANOVA),362,bw__wavelet-LL_gldm_SmallDependenceHighGrayLevelEmphasis,[BW] wavelet-LL_gldm_SmallDependenceHighGrayLevelEmphasis,5.4860812589770775
BW+Doppler,F-Score (ANOVA),363,doppler__wavelet-HH_firstorder_90Percentile,[D] wavelet-HH_firstorder_90Percentile,5.444758030887649
BW+Doppler,F-Score (ANOVA),364,bw__wavelet-LH_gldm_SmallDependenceHighGrayLevelEmphasis,[BW] wavelet-LH_gldm_SmallDependenceHighGrayLevelEmphasis,5.394255083340951
BW+Doppler,F-Score (ANOVA),365,doppler__wavelet-HH_glrlm_ShortRunHighGrayLevelEmphasis,[D] wavelet-HH_glrlm_ShortRunHighGrayLevelEmphasis,5.32756917690727
BW+Doppler,F-Score (ANOVA),366,doppler__wavelet-HH_gldm_HighGrayLevelEmphasis,[D] wavelet-HH_gldm_HighGrayLevelEmphasis,5.303351077872844
BW+Doppler,F-Score (ANOVA),367,doppler__wavelet-HH_glcm_Autocorrelation,[D] wavelet-HH_glcm_Autocorrelation,5.30110184941775
BW+Doppler,F-Score (ANOVA),368,doppler__wavelet-HH_glrlm_HighGrayLevelRunEmphasis,[D] wavelet-HH_glrlm_HighGrayLevelRunEmphasis,5.288130847098062
BW+Doppler,F-Score (ANOVA),369,bw__original_gldm_DependenceVariance,[BW] original_gldm_DependenceVariance,5.277429014854062
BW+Doppler,F-Score (ANOVA),370,bw__wavelet-HL_glcm_Id,[BW] wavelet-HL_glcm_Id,5.262489213722856
BW+Doppler,F-Score (ANOVA),371,doppler__original_glcm_JointEnergy,[D] original_glcm_JointEnergy,5.255195350435365
BW+Doppler,F-Score (ANOVA),372,bw__wavelet-HL_glrlm_RunPercentage,[BW] wavelet-HL_glrlm_RunPercentage,5.251118186675431
BW+Doppler,F-Score (ANOVA),373,doppler__wavelet-HL_glszm_LargeAreaHighGrayLevelEmphasis,[D] wavelet-HL_glszm_LargeAreaHighGrayLevelEmphasis,5.244603530113433
BW+Doppler,F-Score (ANOVA),374,bw__wavelet-HL_glcm_Idm,[BW] wavelet-HL_glcm_Idm,5.223758976848685
BW+Doppler,F-Score (ANOVA),375,bw__wavelet-HL_glcm_InverseVariance,[BW] wavelet-HL_glcm_InverseVariance,5.220105958996447
BW+Doppler,F-Score (ANOVA),376,doppler__wavelet-LL_glrlm_RunLengthNonUniformity,[D] wavelet-LL_glrlm_RunLengthNonUniformity,5.217579634865556
BW+Doppler,F-Score (ANOVA),377,bw__wavelet-HL_glszm_ZoneEntropy,[BW] wavelet-HL_glszm_ZoneEntropy,5.168644057536012
BW+Doppler,F-Score (ANOVA),378,doppler__wavelet-HL_firstorder_MeanAbsoluteDeviation,[D] wavelet-HL_firstorder_MeanAbsoluteDeviation,5.165458179456047
BW+Doppler,F-Score (ANOVA),379,bw__original_glszm_ZoneEntropy,[BW] original_glszm_ZoneEntropy,5.154011664760303
BW+Doppler,F-Score (ANOVA),380,bw__original_glcm_Idn,[BW] original_glcm_Idn,5.153231047894819
BW+Doppler,F-Score (ANOVA),381,doppler__wavelet-HH_glszm_HighGrayLevelZoneEmphasis,[D] wavelet-HH_glszm_HighGrayLevelZoneEmphasis,5.115178524591706
BW+Doppler,F-Score (ANOVA),382,doppler__wavelet-HL_gldm_LargeDependenceEmphasis,[D] wavelet-HL_gldm_LargeDependenceEmphasis,5.086487469692685
BW+Doppler,F-Score (ANOVA),383,doppler__wavelet-HL_glcm_SumSquares,[D] wavelet-HL_glcm_SumSquares,5.034255062792932
BW+Doppler,F-Score (ANOVA),384,doppler__wavelet-HL_firstorder_TotalEnergy,[D] wavelet-HL_firstorder_TotalEnergy,5.033397742332103
BW+Doppler,F-Score (ANOVA),385,doppler__wavelet-HL_firstorder_Energy,[D] wavelet-HL_firstorder_Energy,5.033397742332103
BW+Doppler,F-Score (ANOVA),386,bw__wavelet-LL_firstorder_90Percentile,[BW] wavelet-LL_firstorder_90Percentile,5.029852510122156
BW+Doppler,F-Score (ANOVA),387,bw__wavelet-LH_glcm_Correlation,[BW] wavelet-LH_glcm_Correlation,5.029365537782265
BW+Doppler,F-Score (ANOVA),388,bw__wavelet-LL_glcm_Idm,[BW] wavelet-LL_glcm_Idm,4.991685684745807
BW+Doppler,F-Score (ANOVA),389,doppler__wavelet-LH_ngtdm_Strength,[D] wavelet-LH_ngtdm_Strength,4.983192110264603
BW+Doppler,F-Score (ANOVA),390,bw__wavelet-HH_glcm_Imc2,[BW] wavelet-HH_glcm_Imc2,4.973222109292318
BW+Doppler,F-Score (ANOVA),391,doppler__wavelet-HH_firstorder_Range,[D] wavelet-HH_firstorder_Range,4.93313264130504
BW+Doppler,F-Score (ANOVA),392,bw__wavelet-LL_gldm_GrayLevelVariance,[BW] wavelet-LL_gldm_GrayLevelVariance,4.8525060213906155
BW+Doppler,F-Score (ANOVA),393,bw__wavelet-HL_firstorder_10Percentile,[BW] wavelet-HL_firstorder_10Percentile,4.825434810894614
BW+Doppler,F-Score (ANOVA),394,bw__wavelet-LL_glrlm_RunLengthNonUniformityNormalized,[BW] wavelet-LL_glrlm_RunLengthNonUniformityNormalized,4.808455418303782
BW+Doppler,F-Score (ANOVA),395,bw__wavelet-HL_glcm_DifferenceAverage,[BW] wavelet-HL_glcm_DifferenceAverage,4.8048896767386315
BW+Doppler,F-Score (ANOVA),396,doppler__original_firstorder_Mean,[D] original_firstorder_Mean,4.797664909244556
BW+Doppler,F-Score (ANOVA),397,doppler__wavelet-LL_glrlm_GrayLevelNonUniformity,[D] wavelet-LL_glrlm_GrayLevelNonUniformity,4.709618238299038
BW+Doppler,F-Score (ANOVA),398,doppler__wavelet-HH_glcm_ClusterTendency,[D] wavelet-HH_glcm_ClusterTendency,4.596291561093901
BW+Doppler,F-Score (ANOVA),399,doppler__wavelet-HL_gldm_SmallDependenceEmphasis,[D] wavelet-HL_gldm_SmallDependenceEmphasis,4.549100159121868
BW+Doppler,F-Score (ANOVA),400,bw__wavelet-LL_firstorder_RootMeanSquared,[BW] wavelet-LL_firstorder_RootMeanSquared,4.53837780073161
BW+Doppler,F-Score (ANOVA),401,bw__wavelet-LH_glszm_SmallAreaLowGrayLevelEmphasis,[BW] wavelet-LH_glszm_SmallAreaLowGrayLevelEmphasis,4.526081204898177
BW+Doppler,F-Score (ANOVA),402,doppler__original_glszm_HighGrayLevelZoneEmphasis,[D] original_glszm_HighGrayLevelZoneEmphasis,4.518494839384839
BW+Doppler,F-Score (ANOVA),403,doppler__wavelet-LL_firstorder_Mean,[D] wavelet-LL_firstorder_Mean,4.511148933092083
BW+Doppler,F-Score (ANOVA),404,bw__wavelet-HH_firstorder_MeanAbsoluteDeviation,[BW] wavelet-HH_firstorder_MeanAbsoluteDeviation,4.50029676382538
BW+Doppler,F-Score (ANOVA),405,bw__wavelet-LL_firstorder_Variance,[BW] wavelet-LL_firstorder_Variance,4.49294627855681
BW+Doppler,F-Score (ANOVA),406,bw__wavelet-HL_glcm_MCC,[BW] wavelet-HL_glcm_MCC,4.490021746652268
BW+Doppler,F-Score (ANOVA),407,bw__wavelet-LL_firstorder_MeanAbsoluteDeviation,[BW] wavelet-LL_firstorder_MeanAbsoluteDeviation,4.477549960185163
BW+Doppler,F-Score (ANOVA),408,doppler__wavelet-LL_glrlm_RunLengthNonUniformityNormalized,[D] wavelet-LL_glrlm_RunLengthNonUniformityNormalized,4.472312869503131
BW+Doppler,F-Score (ANOVA),409,doppler__wavelet-HL_ngtdm_Coarseness,[D] wavelet-HL_ngtdm_Coarseness,4.470296831943175
BW+Doppler,F-Score (ANOVA),410,bw__wavelet-LH_ngtdm_Complexity,[BW] wavelet-LH_ngtdm_Complexity,4.449036108762639
BW+Doppler,F-Score (ANOVA),411,bw__wavelet-HH_firstorder_InterquartileRange,[BW] wavelet-HH_firstorder_InterquartileRange,4.4403020312889
BW+Doppler,F-Score (ANOVA),412,doppler__wavelet-HH_glszm_ZonePercentage,[D] wavelet-HH_glszm_ZonePercentage,4.424323891787163
BW+Doppler,F-Score (ANOVA),413,bw__wavelet-HH_firstorder_RobustMeanAbsoluteDeviation,[BW] wavelet-HH_firstorder_RobustMeanAbsoluteDeviation,4.415897319517818
BW+Doppler,F-Score (ANOVA),414,doppler__original_gldm_GrayLevelNonUniformity,[D] original_gldm_GrayLevelNonUniformity,4.410102771908291
BW+Doppler,F-Score (ANOVA),415,doppler__original_glszm_LargeAreaHighGrayLevelEmphasis,[D] original_glszm_LargeAreaHighGrayLevelEmphasis,4.391312768434143
BW+Doppler,F-Score (ANOVA),416,bw__wavelet-HH_glrlm_RunEntropy,[BW] wavelet-HH_glrlm_RunEntropy,4.391044242818491
BW+Doppler,F-Score (ANOVA),417,bw__wavelet-LH_firstorder_Range,[BW] wavelet-LH_firstorder_Range,4.388371027986238
BW+Doppler,F-Score (ANOVA),418,doppler__wavelet-HH_glcm_Idmn,[D] wavelet-HH_glcm_Idmn,4.386781111453615
BW+Doppler,F-Score (ANOVA),419,bw__wavelet-HH_firstorder_10Percentile,[BW] wavelet-HH_firstorder_10Percentile,4.343221327440215
BW+Doppler,F-Score (ANOVA),420,doppler__wavelet-LH_gldm_LargeDependenceHighGrayLevelEmphasis,[D] wavelet-LH_gldm_LargeDependenceHighGrayLevelEmphasis,4.335087707247435
BW+Doppler,F-Score (ANOVA),421,bw__wavelet-HH_firstorder_90Percentile,[BW] wavelet-HH_firstorder_90Percentile,4.331327931617993
BW+Doppler,F-Score (ANOVA),422,bw__wavelet-HL_gldm_LargeDependenceEmphasis,[BW] wavelet-HL_gldm_LargeDependenceEmphasis,4.2954855848729325
BW+Doppler,F-Score (ANOVA),423,doppler__wavelet-HH_gldm_SmallDependenceEmphasis,[D] wavelet-HH_gldm_SmallDependenceEmphasis,4.26073194698967
BW+Doppler,F-Score (ANOVA),424,doppler__wavelet-HH_glszm_ZoneEntropy,[D] wavelet-HH_glszm_ZoneEntropy,4.211461139095157
BW+Doppler,F-Score (ANOVA),425,bw__wavelet-HL_firstorder_MeanAbsoluteDeviation,[BW] wavelet-HL_firstorder_MeanAbsoluteDeviation,4.208472401449113
BW+Doppler,F-Score (ANOVA),426,bw__wavelet-LL_glcm_Id,[BW] wavelet-LL_glcm_Id,4.170647678997195
BW+Doppler,F-Score (ANOVA),427,doppler__wavelet-LL_glrlm_LongRunHighGrayLevelEmphasis,[D] wavelet-LL_glrlm_LongRunHighGrayLevelEmphasis,4.16928852185681
BW+Doppler,F-Score (ANOVA),428,bw__original_glszm_HighGrayLevelZoneEmphasis,[BW] original_glszm_HighGrayLevelZoneEmphasis,4.100591840586785
BW+Doppler,F-Score (ANOVA),429,bw__wavelet-HH_glcm_SumEntropy,[BW] wavelet-HH_glcm_SumEntropy,4.095072753157797
BW+Doppler,F-Score (ANOVA),430,doppler__wavelet-LL_glcm_Idm,[D] wavelet-LL_glcm_Idm,4.093741705504712
BW+Doppler,F-Score (ANOVA),431,bw__wavelet-LH_glszm_LowGrayLevelZoneEmphasis,[BW] wavelet-LH_glszm_LowGrayLevelZoneEmphasis,4.067380070539988
BW+Doppler,F-Score (ANOVA),432,doppler__wavelet-LH_glrlm_LongRunLowGrayLevelEmphasis,[D] wavelet-LH_glrlm_LongRunLowGrayLevelEmphasis,3.9750654263932037
BW+Doppler,F-Score (ANOVA),433,doppler__wavelet-LH_firstorder_Range,[D] wavelet-LH_firstorder_Range,3.925810321265642
BW+Doppler,F-Score (ANOVA),434,bw__original_firstorder_MeanAbsoluteDeviation,[BW] original_firstorder_MeanAbsoluteDeviation,3.9246683368493396
BW+Doppler,F-Score (ANOVA),435,doppler__wavelet-HL_glszm_LargeAreaEmphasis,[D] wavelet-HL_glszm_LargeAreaEmphasis,3.918521042243109
BW+Doppler,F-Score (ANOVA),436,doppler__wavelet-HL_glszm_ZoneVariance,[D] wavelet-HL_glszm_ZoneVariance,3.9153699871318017
BW+Doppler,F-Score (ANOVA),437,doppler__wavelet-LL_gldm_GrayLevelNonUniformity,[D] wavelet-LL_gldm_GrayLevelNonUniformity,3.913076824982839
BW+Doppler,F-Score (ANOVA),438,bw__wavelet-LL_glrlm_ShortRunLowGrayLevelEmphasis,[BW] wavelet-LL_glrlm_ShortRunLowGrayLevelEmphasis,3.872619482814349
BW+Doppler,F-Score (ANOVA),439,bw__original_glrlm_ShortRunHighGrayLevelEmphasis,[BW] original_glrlm_ShortRunHighGrayLevelEmphasis,3.856483834921929
BW+Doppler,F-Score (ANOVA),440,doppler__wavelet-HH_ngtdm_Contrast,[D] wavelet-HH_ngtdm_Contrast,3.8523314627292766
BW+Doppler,F-Score (ANOVA),441,doppler__original_gldm_LargeDependenceEmphasis,[D] original_gldm_LargeDependenceEmphasis,3.8328064261686134
BW+Doppler,F-Score (ANOVA),442,bw__wavelet-HH_glcm_ClusterTendency,[BW] wavelet-HH_glcm_ClusterTendency,3.824302798841041
BW+Doppler,F-Score (ANOVA),443,bw__original_gldm_LargeDependenceEmphasis,[BW] original_gldm_LargeDependenceEmphasis,3.8197705649404674
BW+Doppler,F-Score (ANOVA),444,doppler__original_firstorder_InterquartileRange,[D] original_firstorder_InterquartileRange,3.7775901658716755
BW+Doppler,F-Score (ANOVA),445,doppler__wavelet-HH_glszm_SizeZoneNonUniformity,[D] wavelet-HH_glszm_SizeZoneNonUniformity,3.7747428912599297
BW+Doppler,F-Score (ANOVA),446,bw__wavelet-HL_gldm_DependenceEntropy,[BW] wavelet-HL_gldm_DependenceEntropy,3.747614078601971
BW+Doppler,F-Score (ANOVA),447,doppler__original_ngtdm_Contrast,[D] original_ngtdm_Contrast,3.747238873927468
BW+Doppler,F-Score (ANOVA),448,bw__wavelet-LL_glcm_Idn,[BW] wavelet-LL_glcm_Idn,3.7218500253603652
BW+Doppler,F-Score (ANOVA),449,bw__wavelet-HH_firstorder_Skewness,[BW] wavelet-HH_firstorder_Skewness,3.717129256101947
BW+Doppler,F-Score (ANOVA),450,doppler__wavelet-HH_glszm_SmallAreaHighGrayLevelEmphasis,[D] wavelet-HH_glszm_SmallAreaHighGrayLevelEmphasis,3.6866147909796325
BW+Doppler,F-Score (ANOVA),451,doppler__wavelet-LL_firstorder_InterquartileRange,[D] wavelet-LL_firstorder_InterquartileRange,3.679584652901958
BW+Doppler,F-Score (ANOVA),452,doppler__wavelet-LH_glszm_GrayLevelNonUniformityNormalized,[D] wavelet-LH_glszm_GrayLevelNonUniformityNormalized,3.602230591978643
BW+Doppler,F-Score (ANOVA),453,doppler__wavelet-LH_ngtdm_Busyness,[D] wavelet-LH_ngtdm_Busyness,3.5928451086007893
BW+Doppler,F-Score (ANOVA),454,doppler__wavelet-HH_gldm_GrayLevelVariance,[D] wavelet-HH_gldm_GrayLevelVariance,3.570377026965561
BW+Doppler,F-Score (ANOVA),455,doppler__wavelet-HH_glcm_SumSquares,[D] wavelet-HH_glcm_SumSquares,3.5622183665533247
BW+Doppler,F-Score (ANOVA),456,doppler__wavelet-HL_glszm_GrayLevelNonUniformityNormalized,[D] wavelet-HL_glszm_GrayLevelNonUniformityNormalized,3.5087968343204943
BW+Doppler,F-Score (ANOVA),457,bw__original_firstorder_InterquartileRange,[BW] original_firstorder_InterquartileRange,3.4758964736344606
BW+Doppler,F-Score (ANOVA),458,doppler__wavelet-LL_glszm_LowGrayLevelZoneEmphasis,[D] wavelet-LL_glszm_LowGrayLevelZoneEmphasis,3.436506994357427
BW+Doppler,F-Score (ANOVA),459,doppler__wavelet-HH_firstorder_Mean,[D] wavelet-HH_firstorder_Mean,3.381508399694495
BW+Doppler,F-Score (ANOVA),460,doppler__original_glrlm_ShortRunHighGrayLevelEmphasis,[D] original_glrlm_ShortRunHighGrayLevelEmphasis,3.3809578444839548
BW+Doppler,F-Score (ANOVA),461,doppler__wavelet-LL_glcm_Id,[D] wavelet-LL_glcm_Id,3.380673152725133
BW+Doppler,F-Score (ANOVA),462,doppler__wavelet-HH_ngtdm_Busyness,[D] wavelet-HH_ngtdm_Busyness,3.3660180270382893
BW+Doppler,F-Score (ANOVA),463,bw__original_glcm_MaximumProbability,[BW] original_glcm_MaximumProbability,3.3480751032266105
BW+Doppler,F-Score (ANOVA),464,doppler__wavelet-HH_firstorder_Maximum,[D] wavelet-HH_firstorder_Maximum,3.342913751730801
BW+Doppler,F-Score (ANOVA),465,doppler__original_firstorder_Variance,[D] original_firstorder_Variance,3.3175363537472817
BW+Doppler,F-Score (ANOVA),466,doppler__wavelet-HH_firstorder_Energy,[D] wavelet-HH_firstorder_Energy,3.29110705093015
BW+Doppler,F-Score (ANOVA),467,doppler__wavelet-HH_firstorder_TotalEnergy,[D] wavelet-HH_firstorder_TotalEnergy,3.29110705093015
BW+Doppler,F-Score (ANOVA),468,bw__wavelet-LH_glrlm_ShortRunHighGrayLevelEmphasis,[BW] wavelet-LH_glrlm_ShortRunHighGrayLevelEmphasis,3.284967007355451
BW+Doppler,F-Score (ANOVA),469,doppler__wavelet-HH_glrlm_GrayLevelVariance,[D] wavelet-HH_glrlm_GrayLevelVariance,3.2736744280761716
BW+Doppler,F-Score (ANOVA),470,bw__wavelet-LL_ngtdm_Strength,[BW] wavelet-LL_ngtdm_Strength,3.26104752953428
BW+Doppler,F-Score (ANOVA),471,doppler__original_firstorder_RootMeanSquared,[D] original_firstorder_RootMeanSquared,3.245178519594899
BW+Doppler,F-Score (ANOVA),472,bw__wavelet-HH_glcm_DifferenceEntropy,[BW] wavelet-HH_glcm_DifferenceEntropy,3.232871626098571
BW+Doppler,F-Score (ANOVA),473,bw__wavelet-LL_firstorder_RobustMeanAbsoluteDeviation,[BW] wavelet-LL_firstorder_RobustMeanAbsoluteDeviation,3.1939676979672322
BW+Doppler,F-Score (ANOVA),474,doppler__wavelet-LL_firstorder_MeanAbsoluteDeviation,[D] wavelet-LL_firstorder_MeanAbsoluteDeviation,3.1890862263590463
BW+Doppler,F-Score (ANOVA),475,bw__wavelet-LL_firstorder_InterquartileRange,[BW] wavelet-LL_firstorder_InterquartileRange,3.161022274647186
BW+Doppler,F-Score (ANOVA),476,bw__wavelet-LH_ngtdm_Coarseness,[BW] wavelet-LH_ngtdm_Coarseness,3.1457052251386037
BW+Doppler,F-Score (ANOVA),477,bw__original_glrlm_GrayLevelVariance,[BW] original_glrlm_GrayLevelVariance,3.133757905742617
BW+Doppler,F-Score (ANOVA),478,doppler__wavelet-HH_glszm_ZoneVariance,[D] wavelet-HH_glszm_ZoneVariance,3.0957133678330973
BW+Doppler,F-Score (ANOVA),479,doppler__wavelet-HH_glszm_LargeAreaEmphasis,[D] wavelet-HH_glszm_LargeAreaEmphasis,3.0947710929076555
BW+Doppler,F-Score (ANOVA),480,doppler__wavelet-HH_glcm_DifferenceVariance,[D] wavelet-HH_glcm_DifferenceVariance,3.030653351752332
BW+Doppler,F-Score (ANOVA),481,bw__wavelet-LL_glcm_SumSquares,[BW] wavelet-LL_glcm_SumSquares,3.0054734909065624
BW+Doppler,F-Score (ANOVA),482,bw__original_firstorder_RobustMeanAbsoluteDeviation,[BW] original_firstorder_RobustMeanAbsoluteDeviation,2.9946479969491513
BW+Doppler,F-Score (ANOVA),483,doppler__wavelet-LL_glrlm_ShortRunEmphasis,[D] wavelet-LL_glrlm_ShortRunEmphasis,2.9852749132941176
BW+Doppler,F-Score (ANOVA),484,bw__wavelet-LL_glrlm_ShortRunEmphasis,[BW] wavelet-LL_glrlm_ShortRunEmphasis,2.9680001271493643
BW+Doppler,F-Score (ANOVA),485,bw__original_glrlm_LowGrayLevelRunEmphasis,[BW] original_glrlm_LowGrayLevelRunEmphasis,2.961233778309178
BW+Doppler,F-Score (ANOVA),486,bw__original_glrlm_GrayLevelNonUniformityNormalized,[BW] original_glrlm_GrayLevelNonUniformityNormalized,2.9330921555330525
BW+Doppler,F-Score (ANOVA),487,doppler__wavelet-LL_glrlm_GrayLevelVariance,[D] wavelet-LL_glrlm_GrayLevelVariance,2.900104787784614
BW+Doppler,F-Score (ANOVA),488,doppler__original_firstorder_MeanAbsoluteDeviation,[D] original_firstorder_MeanAbsoluteDeviation,2.8976888425283387
BW+Doppler,F-Score (ANOVA),489,doppler__original_glszm_SmallAreaLowGrayLevelEmphasis,[D] original_glszm_SmallAreaLowGrayLevelEmphasis,2.851327283205461
BW+Doppler,F-Score (ANOVA),490,doppler__original_glcm_Idn,[D] original_glcm_Idn,2.8305594670031424
BW+Doppler,F-Score (ANOVA),491,bw__wavelet-HH_firstorder_RootMeanSquared,[BW] wavelet-HH_firstorder_RootMeanSquared,2.7962962491836425
BW+Doppler,F-Score (ANOVA),492,doppler__wavelet-HL_glrlm_RunLengthNonUniformityNormalized,[D] wavelet-HL_glrlm_RunLengthNonUniformityNormalized,2.7956571175902596
BW+Doppler,F-Score (ANOVA),493,doppler__wavelet-LH_ngtdm_Coarseness,[D] wavelet-LH_ngtdm_Coarseness,2.7919088272468926
BW+Doppler,F-Score (ANOVA),494,bw__wavelet-HH_firstorder_Median,[BW] wavelet-HH_firstorder_Median,2.7349921572470386
BW+Doppler,F-Score (ANOVA),495,doppler__wavelet-HH_firstorder_RootMeanSquared,[D] wavelet-HH_firstorder_RootMeanSquared,2.7246942025421874
BW+Doppler,F-Score (ANOVA),496,doppler__wavelet-LL_glszm_HighGrayLevelZoneEmphasis,[D] wavelet-LL_glszm_HighGrayLevelZoneEmphasis,2.715280106220547
BW+Doppler,F-Score (ANOVA),497,doppler__wavelet-LH_glszm_LargeAreaLowGrayLevelEmphasis,[D] wavelet-LH_glszm_LargeAreaLowGrayLevelEmphasis,2.692583472128243
BW+Doppler,F-Score (ANOVA),498,doppler__wavelet-LH_glrlm_ShortRunLowGrayLevelEmphasis,[D] wavelet-LH_glrlm_ShortRunLowGrayLevelEmphasis,2.6907755573885628
BW+Doppler,F-Score (ANOVA),499,doppler__wavelet-LH_glszm_SizeZoneNonUniformity,[D] wavelet-LH_glszm_SizeZoneNonUniformity,2.679186262017019
BW+Doppler,F-Score (ANOVA),500,bw__wavelet-LL_glrlm_GrayLevelVariance,[BW] wavelet-LL_glrlm_GrayLevelVariance,2.6752024910502668
BW+Doppler,F-Score (ANOVA),501,doppler__original_glszm_GrayLevelVariance,[D] original_glszm_GrayLevelVariance,2.6473871732000673
BW+Doppler,F-Score (ANOVA),502,doppler__original_firstorder_RobustMeanAbsoluteDeviation,[D] original_firstorder_RobustMeanAbsoluteDeviation,2.639944628982743
BW+Doppler,F-Score (ANOVA),503,bw__original_glszm_LargeAreaHighGrayLevelEmphasis,[BW] original_glszm_LargeAreaHighGrayLevelEmphasis,2.636258268014957
BW+Doppler,F-Score (ANOVA),504,bw__wavelet-HH_firstorder_Energy,[BW] wavelet-HH_firstorder_Energy,2.6209339042085107
BW+Doppler,F-Score (ANOVA),505,bw__wavelet-HH_firstorder_TotalEnergy,[BW] wavelet-HH_firstorder_TotalEnergy,2.6209339042085107
BW+Doppler,F-Score (ANOVA),506,doppler__wavelet-LL_firstorder_RobustMeanAbsoluteDeviation,[D] wavelet-LL_firstorder_RobustMeanAbsoluteDeviation,2.617887866092863
BW+Doppler,F-Score (ANOVA),507,bw__wavelet-HH_glcm_Imc1,[BW] wavelet-HH_glcm_Imc1,2.6178640621049905
BW+Doppler,F-Score (ANOVA),508,doppler__wavelet-HH_glszm_SizeZoneNonUniformityNormalized,[D] wavelet-HH_glszm_SizeZoneNonUniformityNormalized,2.6052480794576085
BW+Doppler,F-Score (ANOVA),509,bw__wavelet-HL_glszm_SizeZoneNonUniformity,[BW] wavelet-HL_glszm_SizeZoneNonUniformity,2.5961105246426572
BW+Doppler,F-Score (ANOVA),510,bw__wavelet-HH_glcm_DifferenceVariance,[BW] wavelet-HH_glcm_DifferenceVariance,2.5955184983476274
BW+Doppler,F-Score (ANOVA),511,doppler__wavelet-HL_glrlm_RunPercentage,[D] wavelet-HL_glrlm_RunPercentage,2.5477403850246505
BW+Doppler,F-Score (ANOVA),512,bw__wavelet-HH_glcm_Correlation,[BW] wavelet-HH_glcm_Correlation,2.544868765929209
BW+Doppler,F-Score (ANOVA),513,doppler__wavelet-HL_glszm_SmallAreaLowGrayLevelEmphasis,[D] wavelet-HL_glszm_SmallAreaLowGrayLevelEmphasis,2.493078464904468
BW+Doppler,F-Score (ANOVA),514,bw__wavelet-LH_gldm_LargeDependenceLowGrayLevelEmphasis,[BW] wavelet-LH_gldm_LargeDependenceLowGrayLevelEmphasis,2.455626717890881
BW+Doppler,F-Score (ANOVA),515,bw__wavelet-HH_firstorder_Variance,[BW] wavelet-HH_firstorder_Variance,2.4470945287166703
BW+Doppler,F-Score (ANOVA),516,bw__wavelet-HH_glcm_JointEnergy,[BW] wavelet-HH_glcm_JointEnergy,2.4214522630898268
BW+Doppler,F-Score (ANOVA),517,doppler__wavelet-HH_glcm_Contrast,[D] wavelet-HH_glcm_Contrast,2.3796694764550694
BW+Doppler,F-Score (ANOVA),518,doppler__wavelet-HH_glcm_Imc2,[D] wavelet-HH_glcm_Imc2,2.368889542113804
BW+Doppler,F-Score (ANOVA),519,bw__wavelet-HH_glcm_InverseVariance,[BW] wavelet-HH_glcm_InverseVariance,2.3266981378165608
BW+Doppler,F-Score (ANOVA),520,doppler__wavelet-HH_glcm_ClusterProminence,[D] wavelet-HH_glcm_ClusterProminence,2.324563658323504
BW+Doppler,F-Score (ANOVA),521,doppler__wavelet-LL_glcm_Idmn,[D] wavelet-LL_glcm_Idmn,2.324335206188688
BW+Doppler,F-Score (ANOVA),522,bw__wavelet-HH_glrlm_RunPercentage,[BW] wavelet-HH_glrlm_RunPercentage,2.2686212907905077
BW+Doppler,F-Score (ANOVA),523,bw__wavelet-HH_glcm_Id,[BW] wavelet-HH_glcm_Id,2.2586955417672097
BW+Doppler,F-Score (ANOVA),524,bw__wavelet-HH_glcm_Idm,[BW] wavelet-HH_glcm_Idm,2.2455959285584575
BW+Doppler,F-Score (ANOVA),525,doppler__wavelet-HL_glcm_Contrast,[D] wavelet-HL_glcm_Contrast,2.2259258737631513
BW+Doppler,F-Score (ANOVA),526,doppler__original_glszm_ZoneEntropy,[D] original_glszm_ZoneEntropy,2.182767172817431
BW+Doppler,F-Score (ANOVA),527,doppler__original_glrlm_GrayLevelVariance,[D] original_glrlm_GrayLevelVariance,2.1790464330362282
BW+Doppler,F-Score (ANOVA),528,doppler__original_glszm_SizeZoneNonUniformityNormalized,[D] original_glszm_SizeZoneNonUniformityNormalized,2.1755872936553007
BW+Doppler,F-Score (ANOVA),529,bw__original_glrlm_ShortRunLowGrayLevelEmphasis,[BW] original_glrlm_ShortRunLowGrayLevelEmphasis,2.154482731885536
BW+Doppler,F-Score (ANOVA),530,bw__wavelet-LH_glszm_GrayLevelVariance,[BW] wavelet-LH_glszm_GrayLevelVariance,2.152079992475526
BW+Doppler,F-Score (ANOVA),531,bw__wavelet-LH_glcm_ClusterShade,[BW] wavelet-LH_glcm_ClusterShade,2.1461335749760955
BW+Doppler,F-Score (ANOVA),532,doppler__wavelet-HH_firstorder_Variance,[D] wavelet-HH_firstorder_Variance,2.1457032216890166
BW+Doppler,F-Score (ANOVA),533,bw__wavelet-LH_glszm_LargeAreaEmphasis,[BW] wavelet-LH_glszm_LargeAreaEmphasis,2.140025737514684
BW+Doppler,F-Score (ANOVA),534,bw__wavelet-HH_glcm_DifferenceAverage,[BW] wavelet-HH_glcm_DifferenceAverage,2.1309616018679205
BW+Doppler,F-Score (ANOVA),535,bw__wavelet-HH_gldm_LargeDependenceEmphasis,[BW] wavelet-HH_gldm_LargeDependenceEmphasis,2.1256944860389155
BW+Doppler,F-Score (ANOVA),536,bw__wavelet-LH_glszm_ZoneVariance,[BW] wavelet-LH_glszm_ZoneVariance,2.124099403223385
BW+Doppler,F-Score (ANOVA),537,bw__original_glcm_ClusterTendency,[BW] original_glcm_ClusterTendency,2.117090217673167
BW+Doppler,F-Score (ANOVA),538,doppler__wavelet-LH_glrlm_RunEntropy,[D] wavelet-LH_glrlm_RunEntropy,2.115755818785086
BW+Doppler,F-Score (ANOVA),539,bw__wavelet-LL_gldm_GrayLevelNonUniformity,[BW] wavelet-LL_gldm_GrayLevelNonUniformity,2.1136068751857007
BW+Doppler,F-Score (ANOVA),540,bw__wavelet-LL_glcm_JointEnergy,[BW] wavelet-LL_glcm_JointEnergy,2.0827680257383365
BW+Doppler,F-Score (ANOVA),541,bw__wavelet-HH_glcm_JointEntropy,[BW] wavelet-HH_glcm_JointEntropy,2.073246116666887
BW+Doppler,F-Score (ANOVA),542,doppler__wavelet-HL_glcm_DifferenceVariance,[D] wavelet-HL_glcm_DifferenceVariance,2.066202885075877
BW+Doppler,F-Score (ANOVA),543,doppler__wavelet-LH_glszm_SmallAreaHighGrayLevelEmphasis,[D] wavelet-LH_glszm_SmallAreaHighGrayLevelEmphasis,2.0413641519246033
BW+Doppler,F-Score (ANOVA),544,doppler__original_glrlm_RunVariance,[D] original_glrlm_RunVariance,2.030851446705332
BW+Doppler,F-Score (ANOVA),545,bw__wavelet-HL_glcm_Idmn,[BW] wavelet-HL_glcm_Idmn,2.018352668279582
BW+Doppler,F-Score (ANOVA),546,doppler__wavelet-HL_glcm_ClusterShade,[D] wavelet-HL_glcm_ClusterShade,2.0056947170500936
BW+Doppler,F-Score (ANOVA),547,bw__wavelet-HL_glcm_JointEntropy,[BW] wavelet-HL_glcm_JointEntropy,1.9705108027196185
BW+Doppler,F-Score (ANOVA),548,doppler__wavelet-HH_glrlm_ShortRunEmphasis,[D] wavelet-HH_glrlm_ShortRunEmphasis,1.9679236285975068
BW+Doppler,F-Score (ANOVA),549,doppler__wavelet-HL_glszm_LargeAreaLowGrayLevelEmphasis,[D] wavelet-HL_glszm_LargeAreaLowGrayLevelEmphasis,1.9655561827592352
BW+Doppler,F-Score (ANOVA),550,bw__wavelet-LH_glszm_SizeZoneNonUniformityNormalized,[BW] wavelet-LH_glszm_SizeZoneNonUniformityNormalized,1.9447535858003575
BW+Doppler,F-Score (ANOVA),551,bw__wavelet-LL_glrlm_LowGrayLevelRunEmphasis,[BW] wavelet-LL_glrlm_LowGrayLevelRunEmphasis,1.9281414549522033
BW+Doppler,F-Score (ANOVA),552,doppler__wavelet-HL_glcm_JointEnergy,[D] wavelet-HL_glcm_JointEnergy,1.910052686130371
BW+Doppler,F-Score (ANOVA),553,bw__wavelet-HL_ngtdm_Coarseness,[BW] wavelet-HL_ngtdm_Coarseness,1.875201947323176
BW+Doppler,F-Score (ANOVA),554,bw__wavelet-LH_glrlm_LowGrayLevelRunEmphasis,[BW] wavelet-LH_glrlm_LowGrayLevelRunEmphasis,1.8433317468719017
BW+Doppler,F-Score (ANOVA),555,bw__original_gldm_GrayLevelNonUniformity,[BW] original_gldm_GrayLevelNonUniformity,1.8081023599956751
BW+Doppler,F-Score (ANOVA),556,doppler__wavelet-HL_glcm_DifferenceAverage,[D] wavelet-HL_glcm_DifferenceAverage,1.7924274834570828
BW+Doppler,F-Score (ANOVA),557,bw__wavelet-LH_ngtdm_Busyness,[BW] wavelet-LH_ngtdm_Busyness,1.7708476736121497
BW+Doppler,F-Score (ANOVA),558,bw__wavelet-HH_glszm_LargeAreaHighGrayLevelEmphasis,[BW] wavelet-HH_glszm_LargeAreaHighGrayLevelEmphasis,1.7387626223174781
BW+Doppler,F-Score (ANOVA),559,bw__wavelet-LL_glcm_MaximumProbability,[BW] wavelet-LL_glcm_MaximumProbability,1.7336679938822235
BW+Doppler,F-Score (ANOVA),560,bw__wavelet-HH_glrlm_RunLengthNonUniformityNormalized,[BW] wavelet-HH_glrlm_RunLengthNonUniformityNormalized,1.7309585743035236
BW+Doppler,F-Score (ANOVA),561,bw__wavelet-HL_glszm_LargeAreaHighGrayLevelEmphasis,[BW] wavelet-HL_glszm_LargeAreaHighGrayLevelEmphasis,1.7160088500267563
BW+Doppler,F-Score (ANOVA),562,bw__wavelet-HL_firstorder_Kurtosis,[BW] wavelet-HL_firstorder_Kurtosis,1.7084555610308736
BW+Doppler,F-Score (ANOVA),563,bw__wavelet-LH_firstorder_Mean,[BW] wavelet-LH_firstorder_Mean,1.690534493078512
BW+Doppler,F-Score (ANOVA),564,doppler__wavelet-LL_glrlm_ShortRunLowGrayLevelEmphasis,[D] wavelet-LL_glrlm_ShortRunLowGrayLevelEmphasis,1.6659762376054812
BW+Doppler,F-Score (ANOVA),565,doppler__wavelet-HH_glrlm_LongRunLowGrayLevelEmphasis,[D] wavelet-HH_glrlm_LongRunLowGrayLevelEmphasis,1.6379265046304166
BW+Doppler,F-Score (ANOVA),566,doppler__wavelet-LH_glrlm_LongRunHighGrayLevelEmphasis,[D] wavelet-LH_glrlm_LongRunHighGrayLevelEmphasis,1.622380361273039
BW+Doppler,F-Score (ANOVA),567,doppler__wavelet-HL_gldm_DependenceNonUniformity,[D] wavelet-HL_gldm_DependenceNonUniformity,1.5967557201510567
BW+Doppler,F-Score (ANOVA),568,bw__wavelet-LH_gldm_LowGrayLevelEmphasis,[BW] wavelet-LH_gldm_LowGrayLevelEmphasis,1.583034291413612
BW+Doppler,F-Score (ANOVA),569,doppler__wavelet-HL_glrlm_GrayLevelNonUniformity,[D] wavelet-HL_glrlm_GrayLevelNonUniformity,1.561296126542275
BW+Doppler,F-Score (ANOVA),570,doppler__original_glrlm_LongRunEmphasis,[D] original_glrlm_LongRunEmphasis,1.531517899662758
BW+Doppler,F-Score (ANOVA),571,bw__wavelet-LL_gldm_SmallDependenceLowGrayLevelEmphasis,[BW] wavelet-LL_gldm_SmallDependenceLowGrayLevelEmphasis,1.5215841558665297
BW+Doppler,F-Score (ANOVA),572,doppler__original_firstorder_90Percentile,[D] original_firstorder_90Percentile,1.5064891705241756
BW+Doppler,F-Score (ANOVA),573,bw__original_glcm_JointEnergy,[BW] original_glcm_JointEnergy,1.4901042314009156
BW+Doppler,F-Score (ANOVA),574,bw__wavelet-HH_glcm_MaximumProbability,[BW] wavelet-HH_glcm_MaximumProbability,1.485733606884755
BW+Doppler,F-Score (ANOVA),575,bw__wavelet-HH_glcm_ClusterProminence,[BW] wavelet-HH_glcm_ClusterProminence,1.4743907803512166
BW+Doppler,F-Score (ANOVA),576,doppler__original_glcm_SumSquares,[D] original_glcm_SumSquares,1.4736992558742847
BW+Doppler,F-Score (ANOVA),577,doppler__original_glcm_JointAverage,[D] original_glcm_JointAverage,1.4553437200221744
BW+Doppler,F-Score (ANOVA),578,doppler__original_glcm_SumAverage,[D] original_glcm_SumAverage,1.4553437200213586
BW+Doppler,F-Score (ANOVA),579,doppler__wavelet-HH_glcm_DifferenceAverage,[D] wavelet-HH_glcm_DifferenceAverage,1.4513643404573195
BW+Doppler,F-Score (ANOVA),580,doppler__original_glszm_LowGrayLevelZoneEmphasis,[D] original_glszm_LowGrayLevelZoneEmphasis,1.419495897718068
BW+Doppler,F-Score (ANOVA),581,doppler__wavelet-HL_firstorder_Range,[D] wavelet-HL_firstorder_Range,1.4185274454312973
BW+Doppler,F-Score (ANOVA),582,bw__original_glcm_JointEntropy,[BW] original_glcm_JointEntropy,1.4073291255684448
BW+Doppler,F-Score (ANOVA),583,bw__original_gldm_LowGrayLevelEmphasis,[BW] original_gldm_LowGrayLevelEmphasis,1.4002066567491347
BW+Doppler,F-Score (ANOVA),584,bw__original_glrlm_LongRunHighGrayLevelEmphasis,[BW] original_glrlm_LongRunHighGrayLevelEmphasis,1.392795032469367
BW+Doppler,F-Score (ANOVA),585,doppler__wavelet-LL_ngtdm_Contrast,[D] wavelet-LL_ngtdm_Contrast,1.38476883259112
BW+Doppler,F-Score (ANOVA),586,doppler__wavelet-HH_glszm_LargeAreaHighGrayLevelEmphasis,[D] wavelet-HH_glszm_LargeAreaHighGrayLevelEmphasis,1.3826616418909408
BW+Doppler,F-Score (ANOVA),587,doppler__wavelet-HH_glszm_LargeAreaLowGrayLevelEmphasis,[D] wavelet-HH_glszm_LargeAreaLowGrayLevelEmphasis,1.3736797425118323
BW+Doppler,F-Score (ANOVA),588,bw__wavelet-HH_firstorder_Kurtosis,[BW] wavelet-HH_firstorder_Kurtosis,1.365166010954999
BW+Doppler,F-Score (ANOVA),589,bw__wavelet-HH_gldm_DependenceVariance,[BW] wavelet-HH_gldm_DependenceVariance,1.3537695947785315
BW+Doppler,F-Score (ANOVA),590,doppler__original_gldm_GrayLevelVariance,[D] original_gldm_GrayLevelVariance,1.3490727316482776
BW+Doppler,F-Score (ANOVA),591,doppler__wavelet-HL_glcm_Correlation,[D] wavelet-HL_glcm_Correlation,1.308582966949085
BW+Doppler,F-Score (ANOVA),592,bw__wavelet-LL_glrlm_LongRunHighGrayLevelEmphasis,[BW] wavelet-LL_glrlm_LongRunHighGrayLevelEmphasis,1.2857140946568215
BW+Doppler,F-Score (ANOVA),593,doppler__wavelet-HH_gldm_DependenceVariance,[D] wavelet-HH_gldm_DependenceVariance,1.285633478724229
BW+Doppler,F-Score (ANOVA),594,bw__original_glszm_SmallAreaEmphasis,[BW] original_glszm_SmallAreaEmphasis,1.2512549580932815
BW+Doppler,F-Score (ANOVA),595,doppler__wavelet-LL_firstorder_90Percentile,[D] wavelet-LL_firstorder_90Percentile,1.2488249479330171
BW+Doppler,F-Score (ANOVA),596,bw__wavelet-HL_glcm_SumEntropy,[BW] wavelet-HL_glcm_SumEntropy,1.2253593248930432
BW+Doppler,F-Score (ANOVA),597,bw__original_ngtdm_Contrast,[BW] original_ngtdm_Contrast,1.2179622914025754
BW+Doppler,F-Score (ANOVA),598,bw__wavelet-LL_glrlm_RunPercentage,[BW] wavelet-LL_glrlm_RunPercentage,1.217939667726639
BW+Doppler,F-Score (ANOVA),599,bw__wavelet-HL_gldm_LargeDependenceLowGrayLevelEmphasis,[BW] wavelet-HL_gldm_LargeDependenceLowGrayLevelEmphasis,1.2122429957530878
BW+Doppler,F-Score (ANOVA),600,bw__wavelet-HL_ngtdm_Contrast,[BW] wavelet-HL_ngtdm_Contrast,1.2112285481256566
BW+Doppler,F-Score (ANOVA),601,bw__wavelet-HL_glcm_Idn,[BW] wavelet-HL_glcm_Idn,1.204840523561569
BW+Doppler,F-Score (ANOVA),602,bw__wavelet-HH_ngtdm_Strength,[BW] wavelet-HH_ngtdm_Strength,1.2045258680703257
BW+Doppler,F-Score (ANOVA),603,doppler__wavelet-LL_ngtdm_Busyness,[D] wavelet-LL_ngtdm_Busyness,1.2037755298735282
BW+Doppler,F-Score (ANOVA),604,bw__original_gldm_LargeDependenceLowGrayLevelEmphasis,[BW] original_gldm_LargeDependenceLowGrayLevelEmphasis,1.201693015841118
BW+Doppler,F-Score (ANOVA),605,doppler__wavelet-HL_ngtdm_Contrast,[D] wavelet-HL_ngtdm_Contrast,1.193115981045847
BW+Doppler,F-Score (ANOVA),606,doppler__wavelet-HH_glszm_GrayLevelVariance,[D] wavelet-HH_glszm_GrayLevelVariance,1.1905804783013143
BW+Doppler,F-Score (ANOVA),607,doppler__wavelet-HH_glszm_SmallAreaEmphasis,[D] wavelet-HH_glszm_SmallAreaEmphasis,1.1841084062797758
BW+Doppler,F-Score (ANOVA),608,bw__wavelet-HH_glcm_Contrast,[BW] wavelet-HH_glcm_Contrast,1.1808555448048468
BW+Doppler,F-Score (ANOVA),609,doppler__wavelet-LL_glcm_Idn,[D] wavelet-LL_glcm_Idn,1.163995503454376
BW+Doppler,F-Score (ANOVA),610,doppler__wavelet-LL_gldm_DependenceVariance,[D] wavelet-LL_gldm_DependenceVariance,1.153100143846161
BW+Doppler,F-Score (ANOVA),611,bw__wavelet-HL_glcm_Imc2,[BW] wavelet-HL_glcm_Imc2,1.151851406108223
BW+Doppler,F-Score (ANOVA),612,bw__wavelet-LL_glszm_GrayLevelNonUniformityNormalized,[BW] wavelet-LL_glszm_GrayLevelNonUniformityNormalized,1.1333634978683365
BW+Doppler,F-Score (ANOVA),613,doppler__wavelet-LH_glcm_MCC,[D] wavelet-LH_glcm_MCC,1.1195496420891748
BW+Doppler,F-Score (ANOVA),614,bw__wavelet-LL_ngtdm_Busyness,[BW] wavelet-LL_ngtdm_Busyness,1.1001883529714784
BW+Doppler,F-Score (ANOVA),615,bw__wavelet-HH_glcm_SumSquares,[BW] wavelet-HH_glcm_SumSquares,1.0991658714330184
BW+Doppler,F-Score (ANOVA),616,doppler__wavelet-HH_glcm_MCC,[D] wavelet-HH_glcm_MCC,1.0698765987946122
BW+Doppler,F-Score (ANOVA),617,doppler__wavelet-LH_firstorder_Maximum,[D] wavelet-LH_firstorder_Maximum,1.0554216515106178
BW+Doppler,F-Score (ANOVA),618,bw__wavelet-HH_glszm_LargeAreaLowGrayLevelEmphasis,[BW] wavelet-HH_glszm_LargeAreaLowGrayLevelEmphasis,1.048330591210177
BW+Doppler,F-Score (ANOVA),619,bw__wavelet-LH_glcm_Idmn,[BW] wavelet-LH_glcm_Idmn,1.0221886254478523
BW+Doppler,F-Score (ANOVA),620,bw__wavelet-HL_glszm_GrayLevelNonUniformity,[BW] wavelet-HL_glszm_GrayLevelNonUniformity,1.0189617109317564
BW+Doppler,F-Score (ANOVA),621,bw__wavelet-LL_gldm_DependenceVariance,[BW] wavelet-LL_gldm_DependenceVariance,1.015777831883217
BW+Doppler,F-Score (ANOVA),622,bw__wavelet-HH_gldm_GrayLevelVariance,[BW] wavelet-HH_gldm_GrayLevelVariance,1.006472388725219
BW+Doppler,F-Score (ANOVA),623,bw__wavelet-HH_ngtdm_Coarseness,[BW] wavelet-HH_ngtdm_Coarseness,0.9904894839013993
BW+Doppler,F-Score (ANOVA),624,doppler__original_glrlm_LongRunLowGrayLevelEmphasis,[D] original_glrlm_LongRunLowGrayLevelEmphasis,0.9863246398432364
BW+Doppler,F-Score (ANOVA),625,doppler__original_glcm_Autocorrelation,[D] original_glcm_Autocorrelation,0.9765232324885081
BW+Doppler,F-Score (ANOVA),626,bw__original_gldm_SmallDependenceLowGrayLevelEmphasis,[BW] original_gldm_SmallDependenceLowGrayLevelEmphasis,0.962941093430168
BW+Doppler,F-Score (ANOVA),627,doppler__wavelet-HL_firstorder_10Percentile,[D] wavelet-HL_firstorder_10Percentile,0.9439321174904077
BW+Doppler,F-Score (ANOVA),628,doppler__wavelet-LL_gldm_DependenceNonUniformity,[D] wavelet-LL_gldm_DependenceNonUniformity,0.937243002630992
BW+Doppler,F-Score (ANOVA),629,doppler__original_gldm_HighGrayLevelEmphasis,[D] original_gldm_HighGrayLevelEmphasis,0.9367029812391086
BW+Doppler,F-Score (ANOVA),630,doppler__wavelet-HH_glcm_Idm,[D] wavelet-HH_glcm_Idm,0.9366926648611742
BW+Doppler,F-Score (ANOVA),631,bw__wavelet-HL_gldm_LowGrayLevelEmphasis,[BW] wavelet-HL_gldm_LowGrayLevelEmphasis,0.9298976052367239
BW+Doppler,F-Score (ANOVA),632,doppler__wavelet-HL_glrlm_RunLengthNonUniformity,[D] wavelet-HL_glrlm_RunLengthNonUniformity,0.9199565529490296
BW+Doppler,F-Score (ANOVA),633,doppler__wavelet-HH_glcm_MaximumProbability,[D] wavelet-HH_glcm_MaximumProbability,0.9123364165080591
BW+Doppler,F-Score (ANOVA),634,bw__wavelet-HH_gldm_DependenceNonUniformity,[BW] wavelet-HH_gldm_DependenceNonUniformity,0.9112080323782055
BW+Doppler,F-Score (ANOVA),635,bw__wavelet-HH_gldm_SmallDependenceEmphasis,[BW] wavelet-HH_gldm_SmallDependenceEmphasis,0.9079465146996285
BW+Doppler,F-Score (ANOVA),636,doppler__wavelet-LL_glrlm_ShortRunHighGrayLevelEmphasis,[D] wavelet-LL_glrlm_ShortRunHighGrayLevelEmphasis,0.9073683215074595
BW+Doppler,F-Score (ANOVA),637,bw__wavelet-LL_glszm_HighGrayLevelZoneEmphasis,[BW] wavelet-LL_glszm_HighGrayLevelZoneEmphasis,0.9020738094784548
BW+Doppler,F-Score (ANOVA),638,doppler__wavelet-HH_gldm_DependenceNonUniformity,[D] wavelet-HH_gldm_DependenceNonUniformity,0.8987009264055879
BW+Doppler,F-Score (ANOVA),639,bw__wavelet-HH_glcm_MCC,[BW] wavelet-HH_glcm_MCC,0.8968451871456822
BW+Doppler,F-Score (ANOVA),640,bw__wavelet-HL_glrlm_LowGrayLevelRunEmphasis,[BW] wavelet-HL_glrlm_LowGrayLevelRunEmphasis,0.8963918803445788
BW+Doppler,F-Score (ANOVA),641,bw__wavelet-LL_gldm_LowGrayLevelEmphasis,[BW] wavelet-LL_gldm_LowGrayLevelEmphasis,0.8944583746156465
BW+Doppler,F-Score (ANOVA),642,doppler__wavelet-HL_gldm_GrayLevelNonUniformity,[D] wavelet-HL_gldm_GrayLevelNonUniformity,0.8924731308832079
BW+Doppler,F-Score (ANOVA),643,doppler__wavelet-LL_glrlm_RunPercentage,[D] wavelet-LL_glrlm_RunPercentage,0.8896068315338702
BW+Doppler,F-Score (ANOVA),644,bw__original_glszm_ZoneVariance,[BW] original_glszm_ZoneVariance,0.8890721557562733
BW+Doppler,F-Score (ANOVA),645,bw__original_glszm_LargeAreaEmphasis,[BW] original_glszm_LargeAreaEmphasis,0.88886640946072
BW+Doppler,F-Score (ANOVA),646,doppler__original_ngtdm_Busyness,[D] original_ngtdm_Busyness,0.8860601359781435
BW+Doppler,F-Score (ANOVA),647,doppler__wavelet-LL_glrlm_RunVariance,[D] wavelet-LL_glrlm_RunVariance,0.8851479204865218
BW+Doppler,F-Score (ANOVA),648,doppler__wavelet-LL_glszm_GrayLevelVariance,[D] wavelet-LL_glszm_GrayLevelVariance,0.8783899748279613
BW+Doppler,F-Score (ANOVA),649,doppler__wavelet-HL_glcm_MaximumProbability,[D] wavelet-HL_glcm_MaximumProbability,0.8450918569644751
BW+Doppler,F-Score (ANOVA),650,doppler__original_firstorder_Minimum,[D] original_firstorder_Minimum,0.8441552049779756
BW+Doppler,F-Score (ANOVA),651,doppler__wavelet-HL_ngtdm_Busyness,[D] wavelet-HL_ngtdm_Busyness,0.8418704827500453
BW+Doppler,F-Score (ANOVA),652,doppler__wavelet-LL_glrlm_LongRunEmphasis,[D] wavelet-LL_glrlm_LongRunEmphasis,0.8361019110757731
BW+Doppler,F-Score (ANOVA),653,doppler__wavelet-LH_glszm_LargeAreaHighGrayLevelEmphasis,[D] wavelet-LH_glszm_LargeAreaHighGrayLevelEmphasis,0.8265879547973959
BW+Doppler,F-Score (ANOVA),654,doppler__wavelet-LL_firstorder_Minimum,[D] wavelet-LL_firstorder_Minimum,0.8163821670993705
BW+Doppler,F-Score (ANOVA),655,bw__wavelet-HL_firstorder_Mean,[BW] wavelet-HL_firstorder_Mean,0.8106752606982112
BW+Doppler,F-Score (ANOVA),656,bw__wavelet-LH_gldm_DependenceNonUniformityNormalized,[BW] wavelet-LH_gldm_DependenceNonUniformityNormalized,0.7990726587903019
BW+Doppler,F-Score (ANOVA),657,bw__wavelet-HL_glszm_LargeAreaLowGrayLevelEmphasis,[BW] wavelet-HL_glszm_LargeAreaLowGrayLevelEmphasis,0.7849987917178654
BW+Doppler,F-Score (ANOVA),658,bw__wavelet-HH_glrlm_RunLengthNonUniformity,[BW] wavelet-HH_glrlm_RunLengthNonUniformity,0.7672536039278879
BW+Doppler,F-Score (ANOVA),659,doppler__original_gldm_SmallDependenceLowGrayLevelEmphasis,[D] original_gldm_SmallDependenceLowGrayLevelEmphasis,0.7484301538524791
BW+Doppler,F-Score (ANOVA),660,bw__wavelet-HL_glrlm_RunLengthNonUniformity,[BW] wavelet-HL_glrlm_RunLengthNonUniformity,0.742650351465405
BW+Doppler,F-Score (ANOVA),661,bw__original_glszm_GrayLevelVariance,[BW] original_glszm_GrayLevelVariance,0.7416278722075335
BW+Doppler,F-Score (ANOVA),662,doppler__wavelet-LL_glszm_ZoneVariance,[D] wavelet-LL_glszm_ZoneVariance,0.7358433454605866
BW+Doppler,F-Score (ANOVA),663,doppler__wavelet-LL_glszm_LargeAreaEmphasis,[D] wavelet-LL_glszm_LargeAreaEmphasis,0.7321705197108392
BW+Doppler,F-Score (ANOVA),664,bw__wavelet-HL_glrlm_GrayLevelNonUniformity,[BW] wavelet-HL_glrlm_GrayLevelNonUniformity,0.7309611134536697
BW+Doppler,F-Score (ANOVA),665,bw__wavelet-HH_glrlm_GrayLevelVariance,[BW] wavelet-HH_glrlm_GrayLevelVariance,0.7303335191995998
BW+Doppler,F-Score (ANOVA),666,doppler__original_glszm_LargeAreaLowGrayLevelEmphasis,[D] original_glszm_LargeAreaLowGrayLevelEmphasis,0.7294743817116589
BW+Doppler,F-Score (ANOVA),667,doppler__wavelet-LH_gldm_SmallDependenceLowGrayLevelEmphasis,[D] wavelet-LH_gldm_SmallDependenceLowGrayLevelEmphasis,0.7162793065005364
BW+Doppler,F-Score (ANOVA),668,bw__wavelet-HH_glszm_ZonePercentage,[BW] wavelet-HH_glszm_ZonePercentage,0.713064439393777
BW+Doppler,F-Score (ANOVA),669,doppler__wavelet-LL_glszm_GrayLevelNonUniformityNormalized,[D] wavelet-LL_glszm_GrayLevelNonUniformityNormalized,0.7082278355352066
BW+Doppler,F-Score (ANOVA),670,doppler__wavelet-HL_glszm_LowGrayLevelZoneEmphasis,[D] wavelet-HL_glszm_LowGrayLevelZoneEmphasis,0.7063287161306631
BW+Doppler,F-Score (ANOVA),671,doppler__wavelet-LL_gldm_SmallDependenceLowGrayLevelEmphasis,[D] wavelet-LL_gldm_SmallDependenceLowGrayLevelEmphasis,0.696437715890211
BW+Doppler,F-Score (ANOVA),672,bw__wavelet-LH_glszm_HighGrayLevelZoneEmphasis,[BW] wavelet-LH_glszm_HighGrayLevelZoneEmphasis,0.6906391568273039
BW+Doppler,F-Score (ANOVA),673,bw__wavelet-HH_glszm_GrayLevelNonUniformityNormalized,[BW] wavelet-HH_glszm_GrayLevelNonUniformityNormalized,0.6866330991379169
BW+Doppler,F-Score (ANOVA),674,doppler__wavelet-LH_glszm_GrayLevelVariance,[D] wavelet-LH_glszm_GrayLevelVariance,0.6799396683549621
BW+Doppler,F-Score (ANOVA),675,bw__wavelet-LH_glszm_LargeAreaLowGrayLevelEmphasis,[BW] wavelet-LH_glszm_LargeAreaLowGrayLevelEmphasis,0.6731317057690129
BW+Doppler,F-Score (ANOVA),676,bw__wavelet-HL_glszm_ZonePercentage,[BW] wavelet-HL_glszm_ZonePercentage,0.6728781876457055
BW+Doppler,F-Score (ANOVA),677,doppler__wavelet-HH_glcm_Id,[D] wavelet-HH_glcm_Id,0.6722927713404726
BW+Doppler,F-Score (ANOVA),678,bw__original_ngtdm_Busyness,[BW] original_ngtdm_Busyness,0.6713899033778907
BW+Doppler,F-Score (ANOVA),679,doppler__wavelet-HH_gldm_GrayLevelNonUniformity,[D] wavelet-HH_gldm_GrayLevelNonUniformity,0.6682366932027536
BW+Doppler,F-Score (ANOVA),680,bw__original_firstorder_Mean,[BW] original_firstorder_Mean,0.6596477923719826
BW+Doppler,F-Score (ANOVA),681,doppler__original_firstorder_TotalEnergy,[D] original_firstorder_TotalEnergy,0.6509497876349554
BW+Doppler,F-Score (ANOVA),682,doppler__original_firstorder_Energy,[D] original_firstorder_Energy,0.6509497876349554
BW+Doppler,F-Score (ANOVA),683,doppler__wavelet-HH_glcm_Imc1,[D] wavelet-HH_glcm_Imc1,0.6468990829319806
BW+Doppler,F-Score (ANOVA),684,bw__wavelet-HH_glszm_LargeAreaEmphasis,[BW] wavelet-HH_glszm_LargeAreaEmphasis,0.644906000147749
BW+Doppler,F-Score (ANOVA),685,bw__wavelet-HH_glszm_ZoneVariance,[BW] wavelet-HH_glszm_ZoneVariance,0.644806596158047
BW+Doppler,F-Score (ANOVA),686,doppler__wavelet-HH_ngtdm_Coarseness,[D] wavelet-HH_ngtdm_Coarseness,0.6291016890147604
BW+Doppler,F-Score (ANOVA),687,doppler__original_gldm_LargeDependenceLowGrayLevelEmphasis,[D] original_gldm_LargeDependenceLowGrayLevelEmphasis,0.6265987236755217
BW+Doppler,F-Score (ANOVA),688,bw__wavelet-HH_glrlm_GrayLevelNonUniformity,[BW] wavelet-HH_glrlm_GrayLevelNonUniformity,0.6260792104562226
BW+Doppler,F-Score (ANOVA),689,doppler__wavelet-LL_glrlm_LowGrayLevelRunEmphasis,[D] wavelet-LL_glrlm_LowGrayLevelRunEmphasis,0.6229817786460456
BW+Doppler,F-Score (ANOVA),690,bw__wavelet-HH_gldm_LargeDependenceHighGrayLevelEmphasis,[BW] wavelet-HH_gldm_LargeDependenceHighGrayLevelEmphasis,0.6008384242649445
BW+Doppler,F-Score (ANOVA),691,doppler__wavelet-HH_glrlm_LongRunEmphasis,[D] wavelet-HH_glrlm_LongRunEmphasis,0.5995962833676715
BW+Doppler,F-Score (ANOVA),692,bw__wavelet-LL_gldm_LargeDependenceLowGrayLevelEmphasis,[BW] wavelet-LL_gldm_LargeDependenceLowGrayLevelEmphasis,0.5921479580593628
BW+Doppler,F-Score (ANOVA),693,doppler__wavelet-LH_gldm_DependenceNonUniformity,[D] wavelet-LH_gldm_DependenceNonUniformity,0.5879845803484866
BW+Doppler,F-Score (ANOVA),694,doppler__wavelet-HH_glrlm_RunVariance,[D] wavelet-HH_glrlm_RunVariance,0.5832041744666234
BW+Doppler,F-Score (ANOVA),695,doppler__wavelet-LL_firstorder_Energy,[D] wavelet-LL_firstorder_Energy,0.5829172790544743
BW+Doppler,F-Score (ANOVA),696,doppler__wavelet-LL_firstorder_TotalEnergy,[D] wavelet-LL_firstorder_TotalEnergy,0.5829172790544743
BW+Doppler,F-Score (ANOVA),697,bw__wavelet-HH_gldm_GrayLevelNonUniformity,[BW] wavelet-HH_gldm_GrayLevelNonUniformity,0.57492705119893
BW+Doppler,F-Score (ANOVA),698,doppler__wavelet-LL_glcm_SumAverage,[D] wavelet-LL_glcm_SumAverage,0.5745650022943336
BW+Doppler,F-Score (ANOVA),699,doppler__wavelet-LL_glcm_JointAverage,[D] wavelet-LL_glcm_JointAverage,0.5745650022935865
BW+Doppler,F-Score (ANOVA),700,bw__wavelet-LL_glrlm_ShortRunHighGrayLevelEmphasis,[BW] wavelet-LL_glrlm_ShortRunHighGrayLevelEmphasis,0.5611935927025459
BW+Doppler,F-Score (ANOVA),701,doppler__wavelet-HH_firstorder_Kurtosis,[D] wavelet-HH_firstorder_Kurtosis,0.5602522174556049
BW+Doppler,F-Score (ANOVA),702,doppler__wavelet-HH_glrlm_GrayLevelNonUniformity,[D] wavelet-HH_glrlm_GrayLevelNonUniformity,0.5562582913774257
BW+Doppler,F-Score (ANOVA),703,bw__wavelet-LH_glcm_SumAverage,[BW] wavelet-LH_glcm_SumAverage,0.5541923845570331
BW+Doppler,F-Score (ANOVA),704,bw__wavelet-LH_glcm_JointAverage,[BW] wavelet-LH_glcm_JointAverage,0.5541923845565344
BW+Doppler,F-Score (ANOVA),705,bw__wavelet-HL_gldm_GrayLevelNonUniformity,[BW] wavelet-HL_gldm_GrayLevelNonUniformity,0.5509999906364076
BW+Doppler,F-Score (ANOVA),706,doppler__original_glcm_Idmn,[D] original_glcm_Idmn,0.5440153125688761
BW+Doppler,F-Score (ANOVA),707,bw__wavelet-LH_glcm_Imc2,[BW] wavelet-LH_glcm_Imc2,0.5428567616288991
BW+Doppler,F-Score (ANOVA),708,bw__wavelet-LL_gldm_DependenceNonUniformity,[BW] wavelet-LL_gldm_DependenceNonUniformity,0.5407838776182904
BW+Doppler,F-Score (ANOVA),709,doppler__original_gldm_DependenceNonUniformity,[D] original_gldm_DependenceNonUniformity,0.5395655539204693
BW+Doppler,F-Score (ANOVA),710,bw__wavelet-HH_glcm_Autocorrelation,[BW] wavelet-HH_glcm_Autocorrelation,0.5297511617732316
BW+Doppler,F-Score (ANOVA),711,bw__wavelet-HH_gldm_HighGrayLevelEmphasis,[BW] wavelet-HH_gldm_HighGrayLevelEmphasis,0.5288383268839061
BW+Doppler,F-Score (ANOVA),712,bw__wavelet-HH_glrlm_HighGrayLevelRunEmphasis,[BW] wavelet-HH_glrlm_HighGrayLevelRunEmphasis,0.5265775508947673
BW+Doppler,F-Score (ANOVA),713,doppler__original_gldm_LowGrayLevelEmphasis,[D] original_gldm_LowGrayLevelEmphasis,0.5235016679197175
BW+Doppler,F-Score (ANOVA),714,bw__original_firstorder_Energy,[BW] original_firstorder_Energy,0.5217677298306223
BW+Doppler,F-Score (ANOVA),715,bw__original_firstorder_TotalEnergy,[BW] original_firstorder_TotalEnergy,0.5217677298306223
BW+Doppler,F-Score (ANOVA),716,doppler__wavelet-HL_glrlm_LongRunLowGrayLevelEmphasis,[D] wavelet-HL_glrlm_LongRunLowGrayLevelEmphasis,0.5211167052459452
BW+Doppler,F-Score (ANOVA),717,doppler__wavelet-HL_glcm_Idmn,[D] wavelet-HL_glcm_Idmn,0.519643274666755
BW+Doppler,F-Score (ANOVA),718,bw__wavelet-HL_firstorder_RootMeanSquared,[BW] wavelet-HL_firstorder_RootMeanSquared,0.51822991654182
BW+Doppler,F-Score (ANOVA),719,bw__wavelet-LL_firstorder_Mean,[BW] wavelet-LL_firstorder_Mean,0.5152201435526018
BW+Doppler,F-Score (ANOVA),720,doppler__wavelet-HL_glrlm_RunVariance,[D] wavelet-HL_glrlm_RunVariance,0.5145482939298905
BW+Doppler,F-Score (ANOVA),721,bw__wavelet-HH_firstorder_Uniformity,[BW] wavelet-HH_firstorder_Uniformity,0.5135226170885714
BW+Doppler,F-Score (ANOVA),722,bw__wavelet-HH_gldm_SmallDependenceHighGrayLevelEmphasis,[BW] wavelet-HH_gldm_SmallDependenceHighGrayLevelEmphasis,0.5122252406391978
BW+Doppler,F-Score (ANOVA),723,bw__wavelet-HL_glcm_ClusterShade,[BW] wavelet-HL_glcm_ClusterShade,0.5084349801091748
BW+Doppler,F-Score (ANOVA),724,doppler__wavelet-HH_glcm_ClusterShade,[D] wavelet-HH_glcm_ClusterShade,0.5067258888620456
BW+Doppler,F-Score (ANOVA),725,bw__wavelet-LH_glrlm_HighGrayLevelRunEmphasis,[BW] wavelet-LH_glrlm_HighGrayLevelRunEmphasis,0.5043713677787363
BW+Doppler,F-Score (ANOVA),726,bw__wavelet-HH_glrlm_LongRunHighGrayLevelEmphasis,[BW] wavelet-HH_glrlm_LongRunHighGrayLevelEmphasis,0.5032501376082529
BW+Doppler,F-Score (ANOVA),727,bw__wavelet-HH_glrlm_ShortRunHighGrayLevelEmphasis,[BW] wavelet-HH_glrlm_ShortRunHighGrayLevelEmphasis,0.4972752094735379
BW+Doppler,F-Score (ANOVA),728,doppler__wavelet-HL_glszm_GrayLevelVariance,[D] wavelet-HL_glszm_GrayLevelVariance,0.4966154235903156
BW+Doppler,F-Score (ANOVA),729,bw__wavelet-HH_glrlm_ShortRunEmphasis,[BW] wavelet-HH_glrlm_ShortRunEmphasis,0.49424694610773934
BW+Doppler,F-Score (ANOVA),730,bw__wavelet-LH_gldm_HighGrayLevelEmphasis,[BW] wavelet-LH_gldm_HighGrayLevelEmphasis,0.48956925074697705
BW+Doppler,F-Score (ANOVA),731,bw__wavelet-HL_ngtdm_Busyness,[BW] wavelet-HL_ngtdm_Busyness,0.4885401482669412
BW+Doppler,F-Score (ANOVA),732,bw__wavelet-LH_glcm_Autocorrelation,[BW] wavelet-LH_glcm_Autocorrelation,0.4735062323934751
BW+Doppler,F-Score (ANOVA),733,bw__wavelet-LH_firstorder_Minimum,[BW] wavelet-LH_firstorder_Minimum,0.4658351587993088
BW+Doppler,F-Score (ANOVA),734,bw__wavelet-HL_firstorder_Variance,[BW] wavelet-HL_firstorder_Variance,0.4621661372178099
BW+Doppler,F-Score (ANOVA),735,bw__wavelet-LL_glcm_JointEntropy,[BW] wavelet-LL_glcm_JointEntropy,0.4613750188174128
BW+Doppler,F-Score (ANOVA),736,bw__wavelet-HH_glcm_ClusterShade,[BW] wavelet-HH_glcm_ClusterShade,0.452780400377657
BW+Doppler,F-Score (ANOVA),737,bw__wavelet-HH_glrlm_RunVariance,[BW] wavelet-HH_glrlm_RunVariance,0.4515498161333051
BW+Doppler,F-Score (ANOVA),738,bw__wavelet-HH_glszm_SizeZoneNonUniformityNormalized,[BW] wavelet-HH_glszm_SizeZoneNonUniformityNormalized,0.45087790076647666
BW+Doppler,F-Score (ANOVA),739,bw__wavelet-HL_glcm_Correlation,[BW] wavelet-HL_glcm_Correlation,0.4499324454879756
BW+Doppler,F-Score (ANOVA),740,bw__wavelet-LL_firstorder_Energy,[BW] wavelet-LL_firstorder_Energy,0.4423697454990516
BW+Doppler,F-Score (ANOVA),741,bw__wavelet-LL_firstorder_TotalEnergy,[BW] wavelet-LL_firstorder_TotalEnergy,0.4423697454990516
BW+Doppler,F-Score (ANOVA),742,doppler__wavelet-LL_gldm_DependenceNonUniformityNormalized,[D] wavelet-LL_gldm_DependenceNonUniformityNormalized,0.44168294867969593
BW+Doppler,F-Score (ANOVA),743,bw__wavelet-HL_glcm_SumAverage,[BW] wavelet-HL_glcm_SumAverage,0.4401500737593378
BW+Doppler,F-Score (ANOVA),744,bw__wavelet-HL_glcm_JointAverage,[BW] wavelet-HL_glcm_JointAverage,0.44015007375933707
BW+Doppler,F-Score (ANOVA),745,bw__wavelet-HH_glszm_HighGrayLevelZoneEmphasis,[BW] wavelet-HH_glszm_HighGrayLevelZoneEmphasis,0.4390962386166036
BW+Doppler,F-Score (ANOVA),746,bw__wavelet-LH_glrlm_ShortRunLowGrayLevelEmphasis,[BW] wavelet-LH_glrlm_ShortRunLowGrayLevelEmphasis,0.4347980228703625
BW+Doppler,F-Score (ANOVA),747,bw__wavelet-LL_firstorder_Minimum,[BW] wavelet-LL_firstorder_Minimum,0.431671196461514
BW+Doppler,F-Score (ANOVA),748,bw__wavelet-HH_glcm_SumAverage,[BW] wavelet-HH_glcm_SumAverage,0.4304503663252979
BW+Doppler,F-Score (ANOVA),749,bw__wavelet-HH_glcm_JointAverage,[BW] wavelet-HH_glcm_JointAverage,0.43045036632515665
BW+Doppler,F-Score (ANOVA),750,bw__wavelet-HH_firstorder_Maximum,[BW] wavelet-HH_firstorder_Maximum,0.4268129306292123
BW+Doppler,F-Score (ANOVA),751,bw__wavelet-HL_gldm_SmallDependenceLowGrayLevelEmphasis,[BW] wavelet-HL_gldm_SmallDependenceLowGrayLevelEmphasis,0.42615270430637675
BW+Doppler,F-Score (ANOVA),752,bw__wavelet-HL_glrlm_RunVariance,[BW] wavelet-HL_glrlm_RunVariance,0.42524848333598336
BW+Doppler,F-Score (ANOVA),753,bw__wavelet-HL_firstorder_Range,[BW] wavelet-HL_firstorder_Range,0.42366080273725504
BW+Doppler,F-Score (ANOVA),754,doppler__wavelet-HH_firstorder_Median,[D] wavelet-HH_firstorder_Median,0.4213473221202721
BW+Doppler,F-Score (ANOVA),755,bw__wavelet-HL_firstorder_Minimum,[BW] wavelet-HL_firstorder_Minimum,0.4195927924604886
BW+Doppler,F-Score (ANOVA),756,bw__wavelet-HH_glrlm_LongRunEmphasis,[BW] wavelet-HH_glrlm_LongRunEmphasis,0.4154628531245355
BW+Doppler,F-Score (ANOVA),757,bw__wavelet-LL_glrlm_RunVariance,[BW] wavelet-LL_glrlm_RunVariance,0.3993987615314862
BW+Doppler,F-Score (ANOVA),758,doppler__wavelet-LL_firstorder_Variance,[D] wavelet-LL_firstorder_Variance,0.3917596732826073
BW+Doppler,F-Score (ANOVA),759,bw__wavelet-LL_gldm_LargeDependenceEmphasis,[BW] wavelet-LL_gldm_LargeDependenceEmphasis,0.38707887046246453
BW+Doppler,F-Score (ANOVA),760,bw__wavelet-HH_glszm_SmallAreaHighGrayLevelEmphasis,[BW] wavelet-HH_glszm_SmallAreaHighGrayLevelEmphasis,0.38667872488993477
BW+Doppler,F-Score (ANOVA),761,doppler__wavelet-HH_glrlm_RunLengthNonUniformity,[D] wavelet-HH_glrlm_RunLengthNonUniformity,0.3834513078253615
BW+Doppler,F-Score (ANOVA),762,bw__wavelet-HL_gldm_DependenceVariance,[BW] wavelet-HL_gldm_DependenceVariance,0.3819559706333143
BW+Doppler,F-Score (ANOVA),763,doppler__wavelet-HL_ngtdm_Complexity,[D] wavelet-HL_ngtdm_Complexity,0.38116270648491013
BW+Doppler,F-Score (ANOVA),764,bw__wavelet-LH_gldm_GrayLevelNonUniformity,[BW] wavelet-LH_gldm_GrayLevelNonUniformity,0.38050935462659174
BW+Doppler,F-Score (ANOVA),765,doppler__wavelet-HL_glszm_GrayLevelNonUniformity,[D] wavelet-HL_glszm_GrayLevelNonUniformity,0.37513509667737177
BW+Doppler,F-Score (ANOVA),766,doppler__wavelet-LL_glszm_LargeAreaLowGrayLevelEmphasis,[D] wavelet-LL_glszm_LargeAreaLowGrayLevelEmphasis,0.3725108426326485
BW+Doppler,F-Score (ANOVA),767,bw__wavelet-LH_glrlm_LongRunHighGrayLevelEmphasis,[BW] wavelet-LH_glrlm_LongRunHighGrayLevelEmphasis,0.37013003225040564
BW+Doppler,F-Score (ANOVA),768,doppler__wavelet-LL_firstorder_RootMeanSquared,[D] wavelet-LL_firstorder_RootMeanSquared,0.36575172196464667
BW+Doppler,F-Score (ANOVA),769,bw__original_firstorder_RootMeanSquared,[BW] original_firstorder_RootMeanSquared,0.36367888226982736
BW+Doppler,F-Score (ANOVA),770,doppler__original_glszm_GrayLevelNonUniformityNormalized,[D] original_glszm_GrayLevelNonUniformityNormalized,0.36085886709558224
BW+Doppler,F-Score (ANOVA),771,doppler__wavelet-LL_glszm_LargeAreaHighGrayLevelEmphasis,[D] wavelet-LL_glszm_LargeAreaHighGrayLevelEmphasis,0.3596682543355479
BW+Doppler,F-Score (ANOVA),772,bw__original_firstorder_Variance,[BW] original_firstorder_Variance,0.3593998521151888
BW+Doppler,F-Score (ANOVA),773,doppler__wavelet-HL_glcm_Id,[D] wavelet-HL_glcm_Id,0.3584127560474381
BW+Doppler,F-Score (ANOVA),774,doppler__wavelet-HH_glrlm_RunPercentage,[D] wavelet-HH_glrlm_RunPercentage,0.3559739548595632
BW+Doppler,F-Score (ANOVA),775,bw__wavelet-HH_firstorder_Entropy,[BW] wavelet-HH_firstorder_Entropy,0.3542463354485451
BW+Doppler,F-Score (ANOVA),776,bw__original_firstorder_Minimum,[BW] original_firstorder_Minimum,0.35212449837938
BW+Doppler,F-Score (ANOVA),777,bw__wavelet-LL_glcm_JointAverage,[BW] wavelet-LL_glcm_JointAverage,0.3426581392138052
BW+Doppler,F-Score (ANOVA),778,bw__wavelet-LL_glcm_SumAverage,[BW] wavelet-LL_glcm_SumAverage,0.342658139213798
BW+Doppler,F-Score (ANOVA),779,doppler__wavelet-HL_glrlm_ShortRunHighGrayLevelEmphasis,[D] wavelet-HL_glrlm_ShortRunHighGrayLevelEmphasis,0.33877761650712596
BW+Doppler,F-Score (ANOVA),780,doppler__wavelet-HL_glrlm_LongRunEmphasis,[D] wavelet-HL_glrlm_LongRunEmphasis,0.3346201672380071
BW+Doppler,F-Score (ANOVA),781,bw__wavelet-LL_glrlm_LongRunEmphasis,[BW] wavelet-LL_glrlm_LongRunEmphasis,0.3277782003616774
BW+Doppler,F-Score (ANOVA),782,doppler__original_glcm_InverseVariance,[D] original_glcm_InverseVariance,0.32366544773918593
BW+Doppler,F-Score (ANOVA),783,doppler__wavelet-LL_glcm_ClusterTendency,[D] wavelet-LL_glcm_ClusterTendency,0.32272575157688094
BW+Doppler,F-Score (ANOVA),784,bw__wavelet-HL_glszm_LowGrayLevelZoneEmphasis,[BW] wavelet-HL_glszm_LowGrayLevelZoneEmphasis,0.3209497011165143
BW+Doppler,F-Score (ANOVA),785,doppler__wavelet-HL_glcm_Idn,[D] wavelet-HL_glcm_Idn,0.32028374281381783
BW+Doppler,F-Score (ANOVA),786,doppler__wavelet-HL_glcm_Autocorrelation,[D] wavelet-HL_glcm_Autocorrelation,0.31794833410537154
BW+Doppler,F-Score (ANOVA),787,doppler__wavelet-HL_gldm_HighGrayLevelEmphasis,[D] wavelet-HL_gldm_HighGrayLevelEmphasis,0.3166281146733562
BW+Doppler,F-Score (ANOVA),788,doppler__wavelet-HL_glrlm_HighGrayLevelRunEmphasis,[D] wavelet-HL_glrlm_HighGrayLevelRunEmphasis,0.30914455966288834
BW+Doppler,F-Score (ANOVA),789,bw__wavelet-LH_gldm_DependenceNonUniformity,[BW] wavelet-LH_gldm_DependenceNonUniformity,0.30678950536462957
BW+Doppler,F-Score (ANOVA),790,bw__wavelet-LL_gldm_DependenceNonUniformityNormalized,[BW] wavelet-LL_gldm_DependenceNonUniformityNormalized,0.30354793918162004
BW+Doppler,F-Score (ANOVA),791,doppler__wavelet-HL_firstorder_RobustMeanAbsoluteDeviation,[D] wavelet-HL_firstorder_RobustMeanAbsoluteDeviation,0.30294319311851137
BW+Doppler,F-Score (ANOVA),792,doppler__wavelet-LL_glcm_SumSquares,[D] wavelet-LL_glcm_SumSquares,0.3021990489659538
BW+Doppler,F-Score (ANOVA),793,bw__wavelet-HL_glcm_ClusterProminence,[BW] wavelet-HL_glcm_ClusterProminence,0.2883957964860477
BW+Doppler,F-Score (ANOVA),794,doppler__wavelet-HL_firstorder_Minimum,[D] wavelet-HL_firstorder_Minimum,0.28669242732670125
BW+Doppler,F-Score (ANOVA),795,bw__wavelet-HL_glrlm_ShortRunLowGrayLevelEmphasis,[BW] wavelet-HL_glrlm_ShortRunLowGrayLevelEmphasis,0.2851792591201756
BW+Doppler,F-Score (ANOVA),796,bw__wavelet-LL_glcm_Autocorrelation,[BW] wavelet-LL_glcm_Autocorrelation,0.28454888527511313
BW+Doppler,F-Score (ANOVA),797,doppler__wavelet-HL_firstorder_InterquartileRange,[D] wavelet-HL_firstorder_InterquartileRange,0.2838842564796086
BW+Doppler,F-Score (ANOVA),798,doppler__wavelet-LL_glcm_Autocorrelation,[D] wavelet-LL_glcm_Autocorrelation,0.2809636016159458
BW+Doppler,F-Score (ANOVA),799,bw__wavelet-HL_glszm_GrayLevelNonUniformityNormalized,[BW] wavelet-HL_glszm_GrayLevelNonUniformityNormalized,0.276522671376357
BW+Doppler,F-Score (ANOVA),800,doppler__wavelet-HL_glcm_MCC,[D] wavelet-HL_glcm_MCC,0.2762574379568355
BW+Doppler,F-Score (ANOVA),801,doppler__wavelet-LH_firstorder_Kurtosis,[D] wavelet-LH_firstorder_Kurtosis,0.26613214383698797
BW+Doppler,F-Score (ANOVA),802,bw__wavelet-LL_gldm_HighGrayLevelEmphasis,[BW] wavelet-LL_gldm_HighGrayLevelEmphasis,0.265644585048606
BW+Doppler,F-Score (ANOVA),803,doppler__original_glszm_ZoneVariance,[D] original_glszm_ZoneVariance,0.2633925065574065
BW+Doppler,F-Score (ANOVA),804,doppler__original_glszm_LargeAreaEmphasis,[D] original_glszm_LargeAreaEmphasis,0.2627107671817505
BW+Doppler,F-Score (ANOVA),805,doppler__wavelet-LL_gldm_HighGrayLevelEmphasis,[D] wavelet-LL_gldm_HighGrayLevelEmphasis,0.2625645845471584
BW+Doppler,F-Score (ANOVA),806,doppler__wavelet-HL_glszm_SmallAreaHighGrayLevelEmphasis,[D] wavelet-HL_glszm_SmallAreaHighGrayLevelEmphasis,0.26220669799373403
BW+Doppler,F-Score (ANOVA),807,doppler__wavelet-HL_glrlm_LongRunHighGrayLevelEmphasis,[D] wavelet-HL_glrlm_LongRunHighGrayLevelEmphasis,0.2600334565642789
BW+Doppler,F-Score (ANOVA),808,doppler__wavelet-HL_glcm_JointAverage,[D] wavelet-HL_glcm_JointAverage,0.25811468205978244
BW+Doppler,F-Score (ANOVA),809,doppler__wavelet-HL_glcm_SumAverage,[D] wavelet-HL_glcm_SumAverage,0.2581146820582867
BW+Doppler,F-Score (ANOVA),810,doppler__original_gldm_DependenceNonUniformityNormalized,[D] original_gldm_DependenceNonUniformityNormalized,0.25385250827683054
BW+Doppler,F-Score (ANOVA),811,bw__original_glcm_Autocorrelation,[BW] original_glcm_Autocorrelation,0.2504457707979765
BW+Doppler,F-Score (ANOVA),812,bw__original_glcm_SumAverage,[BW] original_glcm_SumAverage,0.24835013399914257
BW+Doppler,F-Score (ANOVA),813,bw__original_glcm_JointAverage,[BW] original_glcm_JointAverage,0.248350133997553
BW+Doppler,F-Score (ANOVA),814,bw__wavelet-HL_firstorder_Skewness,[BW] wavelet-HL_firstorder_Skewness,0.23994103986393336
BW+Doppler,F-Score (ANOVA),815,bw__wavelet-HH_glszm_ZoneEntropy,[BW] wavelet-HH_glszm_ZoneEntropy,0.23375851748898382
BW+Doppler,F-Score (ANOVA),816,bw__original_gldm_HighGrayLevelEmphasis,[BW] original_gldm_HighGrayLevelEmphasis,0.22754473000432954
BW+Doppler,F-Score (ANOVA),817,doppler__wavelet-HL_gldm_SmallDependenceLowGrayLevelEmphasis,[D] wavelet-HL_gldm_SmallDependenceLowGrayLevelEmphasis,0.22626998037474877
BW+Doppler,F-Score (ANOVA),818,bw__wavelet-LL_glszm_GrayLevelVariance,[BW] wavelet-LL_glszm_GrayLevelVariance,0.20565703923398043
BW+Doppler,F-Score (ANOVA),819,bw__wavelet-LH_gldm_LargeDependenceHighGrayLevelEmphasis,[BW] wavelet-LH_gldm_LargeDependenceHighGrayLevelEmphasis,0.20395159853608785
BW+Doppler,F-Score (ANOVA),820,doppler__wavelet-HL_glszm_HighGrayLevelZoneEmphasis,[D] wavelet-HL_glszm_HighGrayLevelZoneEmphasis,0.19864647996057283
BW+Doppler,F-Score (ANOVA),821,bw__wavelet-HH_firstorder_Range,[BW] wavelet-HH_firstorder_Range,0.19816163505525
BW+Doppler,F-Score (ANOVA),822,bw__original_gldm_DependenceNonUniformity,[BW] original_gldm_DependenceNonUniformity,0.19656192491533242
BW+Doppler,F-Score (ANOVA),823,doppler__wavelet-LL_gldm_LargeDependenceEmphasis,[D] wavelet-LL_gldm_LargeDependenceEmphasis,0.19558161966194443
BW+Doppler,F-Score (ANOVA),824,bw__wavelet-HH_ngtdm_Complexity,[BW] wavelet-HH_ngtdm_Complexity,0.19470245090398314
BW+Doppler,F-Score (ANOVA),825,bw__wavelet-HL_glszm_ZoneVariance,[BW] wavelet-HL_glszm_ZoneVariance,0.18971685913879324
BW+Doppler,F-Score (ANOVA),826,bw__wavelet-HH_glszm_GrayLevelVariance,[BW] wavelet-HH_glszm_GrayLevelVariance,0.18783038294634571
BW+Doppler,F-Score (ANOVA),827,bw__wavelet-HL_glszm_LargeAreaEmphasis,[BW] wavelet-HL_glszm_LargeAreaEmphasis,0.1877651298303925
BW+Doppler,F-Score (ANOVA),828,doppler__original_glszm_SmallAreaEmphasis,[D] original_glszm_SmallAreaEmphasis,0.18734007347374418
BW+Doppler,F-Score (ANOVA),829,doppler__wavelet-LL_gldm_GrayLevelVariance,[D] wavelet-LL_gldm_GrayLevelVariance,0.185582180142246
BW+Doppler,F-Score (ANOVA),830,doppler__wavelet-LH_glrlm_RunVariance,[D] wavelet-LH_glrlm_RunVariance,0.1788670832867415
BW+Doppler,F-Score (ANOVA),831,bw__wavelet-HL_glrlm_LongRunLowGrayLevelEmphasis,[BW] wavelet-HL_glrlm_LongRunLowGrayLevelEmphasis,0.17179027680298145
BW+Doppler,F-Score (ANOVA),832,doppler__wavelet-HH_firstorder_Skewness,[D] wavelet-HH_firstorder_Skewness,0.1702109955323714
BW+Doppler,F-Score (ANOVA),833,doppler__wavelet-LH_gldm_GrayLevelNonUniformity,[D] wavelet-LH_gldm_GrayLevelNonUniformity,0.16515443241184696
BW+Doppler,F-Score (ANOVA),834,bw__wavelet-HH_glrlm_GrayLevelNonUniformityNormalized,[BW] wavelet-HH_glrlm_GrayLevelNonUniformityNormalized,0.1605361598205474
BW+Doppler,F-Score (ANOVA),835,bw__wavelet-LH_gldm_SmallDependenceLowGrayLevelEmphasis,[BW] wavelet-LH_gldm_SmallDependenceLowGrayLevelEmphasis,0.15995485275979981
BW+Doppler,F-Score (ANOVA),836,bw__wavelet-HL_gldm_DependenceNonUniformity,[BW] wavelet-HL_gldm_DependenceNonUniformity,0.15694982163461782
BW+Doppler,F-Score (ANOVA),837,bw__wavelet-HL_firstorder_TotalEnergy,[BW] wavelet-HL_firstorder_TotalEnergy,0.15150578153147873
BW+Doppler,F-Score (ANOVA),838,bw__wavelet-HL_firstorder_Energy,[BW] wavelet-HL_firstorder_Energy,0.15150578153147873
BW+Doppler,F-Score (ANOVA),839,doppler__wavelet-HH_glcm_Correlation,[D] wavelet-HH_glcm_Correlation,0.14515699453093303
BW+Doppler,F-Score (ANOVA),840,bw__wavelet-LL_glszm_LargeAreaEmphasis,[BW] wavelet-LL_glszm_LargeAreaEmphasis,0.14342071015569346
BW+Doppler,F-Score (ANOVA),841,doppler__original_glrlm_ShortRunLowGrayLevelEmphasis,[D] original_glrlm_ShortRunLowGrayLevelEmphasis,0.14197146511758088
BW+Doppler,F-Score (ANOVA),842,bw__wavelet-LL_glszm_ZoneVariance,[BW] wavelet-LL_glszm_ZoneVariance,0.1416355506035498
BW+Doppler,F-Score (ANOVA),843,doppler__wavelet-HL_ngtdm_Strength,[D] wavelet-HL_ngtdm_Strength,0.13847813601253056
BW+Doppler,F-Score (ANOVA),844,bw__original_glcm_InverseVariance,[BW] original_glcm_InverseVariance,0.13133623476579107
BW+Doppler,F-Score (ANOVA),845,bw__wavelet-HL_glcm_DifferenceVariance,[BW] wavelet-HL_glcm_DifferenceVariance,0.12613992131524276
BW+Doppler,F-Score (ANOVA),846,bw__wavelet-HL_glrlm_ShortRunHighGrayLevelEmphasis,[BW] wavelet-HL_glrlm_ShortRunHighGrayLevelEmphasis,0.12359466826210984
BW+Doppler,F-Score (ANOVA),847,doppler__original_glrlm_LowGrayLevelRunEmphasis,[D] original_glrlm_LowGrayLevelRunEmphasis,0.12062671679253062
BW+Doppler,F-Score (ANOVA),848,doppler__wavelet-LH_firstorder_Mean,[D] wavelet-LH_firstorder_Mean,0.120507255371818
BW+Doppler,F-Score (ANOVA),849,doppler__wavelet-HH_firstorder_MeanAbsoluteDeviation,[D] wavelet-HH_firstorder_MeanAbsoluteDeviation,0.11540020273333522
BW+Doppler,F-Score (ANOVA),850,bw__wavelet-HH_glszm_SizeZoneNonUniformity,[BW] wavelet-HH_glszm_SizeZoneNonUniformity,0.11531147105688049
BW+Doppler,F-Score (ANOVA),851,doppler__wavelet-LL_gldm_LowGrayLevelEmphasis,[D] wavelet-LL_gldm_LowGrayLevelEmphasis,0.11298585652711321
BW+Doppler,F-Score (ANOVA),852,doppler__wavelet-HH_gldm_LargeDependenceEmphasis,[D] wavelet-HH_gldm_LargeDependenceEmphasis,0.1119555275618785
BW+Doppler,F-Score (ANOVA),853,doppler__wavelet-HH_glrlm_RunLengthNonUniformityNormalized,[D] wavelet-HH_glrlm_RunLengthNonUniformityNormalized,0.11052428204579812
BW+Doppler,F-Score (ANOVA),854,bw__original_gldm_DependenceNonUniformityNormalized,[BW] original_gldm_DependenceNonUniformityNormalized,0.1052030188021648
BW+Doppler,F-Score (ANOVA),855,doppler__wavelet-HL_firstorder_90Percentile,[D] wavelet-HL_firstorder_90Percentile,0.10477002762893635
BW+Doppler,F-Score (ANOVA),856,bw__wavelet-HL_glrlm_LongRunEmphasis,[BW] wavelet-HL_glrlm_LongRunEmphasis,0.10328300424548781
BW+Doppler,F-Score (ANOVA),857,bw__wavelet-LH_glcm_Imc1,[BW] wavelet-LH_glcm_Imc1,0.10275824932723913
BW+Doppler,F-Score (ANOVA),858,bw__original_glrlm_RunVariance,[BW] original_glrlm_RunVariance,0.10267383197948078
BW+Doppler,F-Score (ANOVA),859,bw__wavelet-LL_glszm_LargeAreaHighGrayLevelEmphasis,[BW] wavelet-LL_glszm_LargeAreaHighGrayLevelEmphasis,0.08673710741361064
BW+Doppler,F-Score (ANOVA),860,bw__original_glrlm_HighGrayLevelRunEmphasis,[BW] original_glrlm_HighGrayLevelRunEmphasis,0.08252453346970835
BW+Doppler,F-Score (ANOVA),861,bw__wavelet-LH_ngtdm_Strength,[BW] wavelet-LH_ngtdm_Strength,0.07717159332803308
BW+Doppler,F-Score (ANOVA),862,bw__wavelet-HL_gldm_GrayLevelVariance,[BW] wavelet-HL_gldm_GrayLevelVariance,0.0725398938287561
BW+Doppler,F-Score (ANOVA),863,doppler__wavelet-LH_glrlm_GrayLevelNonUniformity,[D] wavelet-LH_glrlm_GrayLevelNonUniformity,0.07035452504547325
BW+Doppler,F-Score (ANOVA),864,bw__wavelet-LH_glrlm_LongRunEmphasis,[BW] wavelet-LH_glrlm_LongRunEmphasis,0.06879385549199653
BW+Doppler,F-Score (ANOVA),865,bw__wavelet-HL_firstorder_Uniformity,[BW] wavelet-HL_firstorder_Uniformity,0.06454033474745383
BW+Doppler,F-Score (ANOVA),866,doppler__wavelet-HL_gldm_LargeDependenceHighGrayLevelEmphasis,[D] wavelet-HL_gldm_LargeDependenceHighGrayLevelEmphasis,0.0618472165723633
BW+Doppler,F-Score (ANOVA),867,bw__wavelet-HL_firstorder_Maximum,[BW] wavelet-HL_firstorder_Maximum,0.05956690948527033
BW+Doppler,F-Score (ANOVA),868,doppler__original_glcm_JointEntropy,[D] original_glcm_JointEntropy,0.05769843331417997
BW+Doppler,F-Score (ANOVA),869,bw__wavelet-HL_firstorder_Entropy,[BW] wavelet-HL_firstorder_Entropy,0.057128959605328496
BW+Doppler,F-Score (ANOVA),870,bw__original_glszm_LargeAreaLowGrayLevelEmphasis,[BW] original_glszm_LargeAreaLowGrayLevelEmphasis,0.055069291189693524
BW+Doppler,F-Score (ANOVA),871,bw__wavelet-HH_glszm_GrayLevelNonUniformity,[BW] wavelet-HH_glszm_GrayLevelNonUniformity,0.05506674682483236
BW+Doppler,F-Score (ANOVA),872,bw__original_glrlm_LongRunLowGrayLevelEmphasis,[BW] original_glrlm_LongRunLowGrayLevelEmphasis,0.05375716262953659
BW+Doppler,F-Score (ANOVA),873,doppler__wavelet-HL_gldm_LargeDependenceLowGrayLevelEmphasis,[D] wavelet-HL_gldm_LargeDependenceLowGrayLevelEmphasis,0.05222917369707492
BW+Doppler,F-Score (ANOVA),874,bw__wavelet-HH_firstorder_Minimum,[BW] wavelet-HH_firstorder_Minimum,0.04871146676396227
BW+Doppler,F-Score (ANOVA),875,bw__wavelet-HL_ngtdm_Strength,[BW] wavelet-HL_ngtdm_Strength,0.04831822328663706
BW+Doppler,F-Score (ANOVA),876,bw__wavelet-HL_glcm_Autocorrelation,[BW] wavelet-HL_glcm_Autocorrelation,0.04810083040828024
BW+Doppler,F-Score (ANOVA),877,bw__wavelet-HL_gldm_HighGrayLevelEmphasis,[BW] wavelet-HL_gldm_HighGrayLevelEmphasis,0.047864075298841374
BW+Doppler,F-Score (ANOVA),878,bw__wavelet-HL_ngtdm_Complexity,[BW] wavelet-HL_ngtdm_Complexity,0.047231887286553365
BW+Doppler,F-Score (ANOVA),879,bw__wavelet-HL_glrlm_HighGrayLevelRunEmphasis,[BW] wavelet-HL_glrlm_HighGrayLevelRunEmphasis,0.0421088108042784
BW+Doppler,F-Score (ANOVA),880,bw__original_glrlm_LongRunEmphasis,[BW] original_glrlm_LongRunEmphasis,0.041246283554603906
BW+Doppler,F-Score (ANOVA),881,doppler__wavelet-LH_gldm_DependenceVariance,[D] wavelet-LH_gldm_DependenceVariance,0.0404090974031539
BW+Doppler,F-Score (ANOVA),882,doppler__wavelet-LH_glszm_LargeAreaEmphasis,[D] wavelet-LH_glszm_LargeAreaEmphasis,0.04025070875636485
BW+Doppler,F-Score (ANOVA),883,bw__wavelet-HL_glszm_SmallAreaLowGrayLevelEmphasis,[BW] wavelet-HL_glszm_SmallAreaLowGrayLevelEmphasis,0.04016565606289324
BW+Doppler,F-Score (ANOVA),884,doppler__wavelet-LH_glszm_ZoneVariance,[D] wavelet-LH_glszm_ZoneVariance,0.03981497952678269
BW+Doppler,F-Score (ANOVA),885,bw__wavelet-HH_glszm_SmallAreaEmphasis,[BW] wavelet-HH_glszm_SmallAreaEmphasis,0.039078890190713804
BW+Doppler,F-Score (ANOVA),886,bw__wavelet-HL_gldm_LargeDependenceHighGrayLevelEmphasis,[BW] wavelet-HL_gldm_LargeDependenceHighGrayLevelEmphasis,0.03728103994359365
BW+Doppler,F-Score (ANOVA),887,doppler__wavelet-LL_glrlm_LongRunLowGrayLevelEmphasis,[D] wavelet-LL_glrlm_LongRunLowGrayLevelEmphasis,0.03697813633106094
BW+Doppler,F-Score (ANOVA),888,doppler__wavelet-LH_gldm_DependenceNonUniformityNormalized,[D] wavelet-LH_gldm_DependenceNonUniformityNormalized,0.033251482352720546
BW+Doppler,F-Score (ANOVA),889,doppler__original_glcm_ClusterTendency,[D] original_glcm_ClusterTendency,0.03286457836689479
BW+Doppler,F-Score (ANOVA),890,doppler__wavelet-LL_glcm_JointEntropy,[D] wavelet-LL_glcm_JointEntropy,0.031636900888459794
BW+Doppler,F-Score (ANOVA),891,bw__wavelet-HL_glrlm_LongRunHighGrayLevelEmphasis,[BW] wavelet-HL_glrlm_LongRunHighGrayLevelEmphasis,0.03045179882905884
BW+Doppler,F-Score (ANOVA),892,doppler__wavelet-LL_gldm_LargeDependenceLowGrayLevelEmphasis,[D] wavelet-LL_gldm_LargeDependenceLowGrayLevelEmphasis,0.029765215362816018
BW+Doppler,F-Score (ANOVA),893,bw__wavelet-HL_gldm_SmallDependenceHighGrayLevelEmphasis,[BW] wavelet-HL_gldm_SmallDependenceHighGrayLevelEmphasis,0.026907846836944378
BW+Doppler,F-Score (ANOVA),894,doppler__wavelet-LH_glrlm_LongRunEmphasis,[D] wavelet-LH_glrlm_LongRunEmphasis,0.026127950321188635
BW+Doppler,F-Score (ANOVA),895,doppler__wavelet-HL_glcm_Idm,[D] wavelet-HL_glcm_Idm,0.023295797194889122
BW+Doppler,F-Score (ANOVA),896,bw__wavelet-LH_glszm_SmallAreaHighGrayLevelEmphasis,[BW] wavelet-LH_glszm_SmallAreaHighGrayLevelEmphasis,0.022499621347729686
BW+Doppler,F-Score (ANOVA),897,bw__wavelet-HL_glszm_GrayLevelVariance,[BW] wavelet-HL_glszm_GrayLevelVariance,0.022202598340888998
BW+Doppler,F-Score (ANOVA),898,doppler__wavelet-HL_glrlm_ShortRunLowGrayLevelEmphasis,[D] wavelet-HL_glrlm_ShortRunLowGrayLevelEmphasis,0.020597713744604243
BW+Doppler,F-Score (ANOVA),899,doppler__wavelet-HL_glrlm_ShortRunEmphasis,[D] wavelet-HL_glrlm_ShortRunEmphasis,0.019942589530423185
BW+Doppler,F-Score (ANOVA),900,bw__wavelet-LL_ngtdm_Contrast,[BW] wavelet-LL_ngtdm_Contrast,0.019352427971395032
BW+Doppler,F-Score (ANOVA),901,bw__wavelet-LL_glszm_LargeAreaLowGrayLevelEmphasis,[BW] wavelet-LL_glszm_LargeAreaLowGrayLevelEmphasis,0.019141929830536746
BW+Doppler,F-Score (ANOVA),902,doppler__wavelet-HL_glrlm_LowGrayLevelRunEmphasis,[D] wavelet-HL_glrlm_LowGrayLevelRunEmphasis,0.015917647796285652
BW+Doppler,F-Score (ANOVA),903,doppler__wavelet-HL_gldm_LowGrayLevelEmphasis,[D] wavelet-HL_gldm_LowGrayLevelEmphasis,0.01436455794785019
BW+Doppler,F-Score (ANOVA),904,bw__original_glcm_SumSquares,[BW] original_glcm_SumSquares,0.013687450072482281
BW+Doppler,F-Score (ANOVA),905,doppler__wavelet-LH_firstorder_Skewness,[D] wavelet-LH_firstorder_Skewness,0.01359084397294928
BW+Doppler,F-Score (ANOVA),906,doppler__wavelet-HH_glrlm_LongRunHighGrayLevelEmphasis,[D] wavelet-HH_glrlm_LongRunHighGrayLevelEmphasis,0.013349433206819118
BW+Doppler,F-Score (ANOVA),907,bw__wavelet-HH_firstorder_Mean,[BW] wavelet-HH_firstorder_Mean,0.010280513158353736
BW+Doppler,F-Score (ANOVA),908,bw__wavelet-LH_glrlm_GrayLevelNonUniformity,[BW] wavelet-LH_glrlm_GrayLevelNonUniformity,0.01004832835834828
BW+Doppler,F-Score (ANOVA),909,bw__wavelet-HL_glszm_SmallAreaHighGrayLevelEmphasis,[BW] wavelet-HL_glszm_SmallAreaHighGrayLevelEmphasis,0.00989525132238766
BW+Doppler,F-Score (ANOVA),910,bw__wavelet-HH_glrlm_LongRunLowGrayLevelEmphasis,[BW] wavelet-HH_glrlm_LongRunLowGrayLevelEmphasis,0.009092261089395247
BW+Doppler,F-Score (ANOVA),911,bw__original_glszm_GrayLevelNonUniformityNormalized,[BW] original_glszm_GrayLevelNonUniformityNormalized,0.008639988063938373
BW+Doppler,F-Score (ANOVA),912,doppler__original_glrlm_HighGrayLevelRunEmphasis,[D] original_glrlm_HighGrayLevelRunEmphasis,0.0076342298888638655
BW+Doppler,F-Score (ANOVA),913,doppler__wavelet-LL_glrlm_HighGrayLevelRunEmphasis,[D] wavelet-LL_glrlm_HighGrayLevelRunEmphasis,0.007261369083478344
BW+Doppler,F-Score (ANOVA),914,bw__wavelet-LH_glrlm_RunVariance,[BW] wavelet-LH_glrlm_RunVariance,0.006561999083792398
BW+Doppler,F-Score (ANOVA),915,bw__wavelet-HL_glrlm_GrayLevelVariance,[BW] wavelet-HL_glrlm_GrayLevelVariance,0.00593094776207059
BW+Doppler,F-Score (ANOVA),916,bw__wavelet-HL_glcm_ClusterTendency,[BW] wavelet-HL_glcm_ClusterTendency,0.005657374381338154
BW+Doppler,F-Score (ANOVA),917,bw__wavelet-HL_glszm_HighGrayLevelZoneEmphasis,[BW] wavelet-HL_glszm_HighGrayLevelZoneEmphasis,0.005484800523083498
BW+Doppler,F-Score (ANOVA),918,bw__wavelet-LL_glrlm_LongRunLowGrayLevelEmphasis,[BW] wavelet-LL_glrlm_LongRunLowGrayLevelEmphasis,0.005331914137725089
BW+Doppler,F-Score (ANOVA),919,bw__wavelet-LL_glrlm_HighGrayLevelRunEmphasis,[BW] wavelet-LL_glrlm_HighGrayLevelRunEmphasis,0.004252030796073354
BW+Doppler,F-Score (ANOVA),920,bw__wavelet-HL_glcm_SumSquares,[BW] wavelet-HL_glcm_SumSquares,0.004247106875059264
BW+Doppler,F-Score (ANOVA),921,doppler__wavelet-HL_glszm_SizeZoneNonUniformityNormalized,[D] wavelet-HL_glszm_SizeZoneNonUniformityNormalized,0.004152704764877808
BW+Doppler,F-Score (ANOVA),922,doppler__wavelet-HL_glszm_SmallAreaEmphasis,[D] wavelet-HL_glszm_SmallAreaEmphasis,0.0026749720589958896
BW+Doppler,F-Score (ANOVA),923,doppler__wavelet-HH_glszm_GrayLevelNonUniformityNormalized,[D] wavelet-HH_glszm_GrayLevelNonUniformityNormalized,0.002146423064076824
BW+Doppler,F-Score (ANOVA),924,bw__wavelet-HL_glcm_Contrast,[BW] wavelet-HL_glcm_Contrast,0.0017652021151345206
BW+Doppler,F-Score (ANOVA),925,doppler__wavelet-HL_gldm_SmallDependenceHighGrayLevelEmphasis,[D] wavelet-HL_gldm_SmallDependenceHighGrayLevelEmphasis,0.0008992011154305641
BW+Doppler,F-Score (ANOVA),926,bw__wavelet-LH_glrlm_LongRunLowGrayLevelEmphasis,[BW] wavelet-LH_glrlm_LongRunLowGrayLevelEmphasis,0.0006568561630030821
BW+Doppler,F-Score (ANOVA),927,doppler__wavelet-HH_glcm_InverseVariance,[D] wavelet-HH_glcm_InverseVariance,0.00035790294815203204
BW+Doppler,F-Score (ANOVA),928,bw__wavelet-HL_glrlm_GrayLevelNonUniformityNormalized,[BW] wavelet-HL_glrlm_GrayLevelNonUniformityNormalized,0.0001437311373100053
BW+Doppler,F-Score (ANOVA),929,bw__original_gldm_GrayLevelVariance,[BW] original_gldm_GrayLevelVariance,8.46932494850114e-05
BW+Doppler,F-Score (ANOVA),930,doppler__wavelet-HL_glcm_ClusterProminence,[D] wavelet-HL_glcm_ClusterProminence,1.0372306869331508e-07
BW+Doppler,Mutual Information,1,bw__wavelet-LH_gldm_LargeDependenceEmphasis,[BW] wavelet-LH_gldm_LargeDependenceEmphasis,0.21014259966590054
BW+Doppler,Mutual Information,2,bw__wavelet-LH_glrlm_RunPercentage,[BW] wavelet-LH_glrlm_RunPercentage,0.1779246345546246
BW+Doppler,Mutual Information,3,bw__wavelet-LH_glszm_LargeAreaHighGrayLevelEmphasis,[BW] wavelet-LH_glszm_LargeAreaHighGrayLevelEmphasis,0.17095090458249662
BW+Doppler,Mutual Information,4,doppler__wavelet-LH_glrlm_GrayLevelNonUniformityNormalized,[D] wavelet-LH_glrlm_GrayLevelNonUniformityNormalized,0.15600685925048996
BW+Doppler,Mutual Information,5,bw__wavelet-LH_glcm_Idm,[BW] wavelet-LH_glcm_Idm,0.15437511176648555
BW+Doppler,Mutual Information,6,bw__wavelet-LH_glcm_Id,[BW] wavelet-LH_glcm_Id,0.15240917741038507
BW+Doppler,Mutual Information,7,bw__wavelet-HH_glszm_SmallAreaLowGrayLevelEmphasis,[BW] wavelet-HH_glszm_SmallAreaLowGrayLevelEmphasis,0.14906552466060852
BW+Doppler,Mutual Information,8,doppler__wavelet-HH_gldm_LargeDependenceHighGrayLevelEmphasis,[D] wavelet-HH_gldm_LargeDependenceHighGrayLevelEmphasis,0.1483857685448049
BW+Doppler,Mutual Information,9,bw__wavelet-LH_glrlm_RunLengthNonUniformityNormalized,[BW] wavelet-LH_glrlm_RunLengthNonUniformityNormalized,0.14825048918039796
BW+Doppler,Mutual Information,10,bw__wavelet-HH_glrlm_LongRunLowGrayLevelEmphasis,[BW] wavelet-HH_glrlm_LongRunLowGrayLevelEmphasis,0.14738338406910345
BW+Doppler,Mutual Information,11,bw__wavelet-LL_gldm_DependenceEntropy,[BW] wavelet-LL_gldm_DependenceEntropy,0.14535622466689024
BW+Doppler,Mutual Information,12,doppler__wavelet-HH_glcm_MaximumProbability,[D] wavelet-HH_glcm_MaximumProbability,0.1432642517221292
BW+Doppler,Mutual Information,13,bw__wavelet-HH_glrlm_ShortRunLowGrayLevelEmphasis,[BW] wavelet-HH_glrlm_ShortRunLowGrayLevelEmphasis,0.13964995124966162
BW+Doppler,Mutual Information,14,doppler__wavelet-LH_gldm_GrayLevelVariance,[D] wavelet-LH_gldm_GrayLevelVariance,0.13899590006702756
BW+Doppler,Mutual Information,15,bw__wavelet-LH_glrlm_RunLengthNonUniformity,[BW] wavelet-LH_glrlm_RunLengthNonUniformity,0.1388885453894393
BW+Doppler,Mutual Information,16,bw__wavelet-HH_glcm_Idn,[BW] wavelet-HH_glcm_Idn,0.137062194232642
BW+Doppler,Mutual Information,17,bw__wavelet-HH_glcm_Idmn,[BW] wavelet-HH_glcm_Idmn,0.13589521694946138
BW+Doppler,Mutual Information,18,doppler__wavelet-LL_glcm_Idmn,[D] wavelet-LL_glcm_Idmn,0.1352897203303567
BW+Doppler,Mutual Information,19,bw__wavelet-HH_ngtdm_Complexity,[BW] wavelet-HH_ngtdm_Complexity,0.1346952990212762
BW+Doppler,Mutual Information,20,doppler__wavelet-LL_glcm_JointAverage,[D] wavelet-LL_glcm_JointAverage,0.134096875730064
BW+Doppler,Mutual Information,21,doppler__wavelet-LL_glcm_SumAverage,[D] wavelet-LL_glcm_SumAverage,0.134096875730064
BW+Doppler,Mutual Information,22,bw__wavelet-LH_glrlm_LongRunEmphasis,[BW] wavelet-LH_glrlm_LongRunEmphasis,0.1325392889382393
BW+Doppler,Mutual Information,23,bw__wavelet-HH_glrlm_RunLengthNonUniformityNormalized,[BW] wavelet-HH_glrlm_RunLengthNonUniformityNormalized,0.13092569732932446
BW+Doppler,Mutual Information,24,bw__wavelet-LH_glcm_DifferenceEntropy,[BW] wavelet-LH_glcm_DifferenceEntropy,0.1269070317664005
BW+Doppler,Mutual Information,25,bw__wavelet-LH_glcm_InverseVariance,[BW] wavelet-LH_glcm_InverseVariance,0.12618693115609592
BW+Doppler,Mutual Information,26,bw__wavelet-HH_ngtdm_Contrast,[BW] wavelet-HH_ngtdm_Contrast,0.12603047216976893
BW+Doppler,Mutual Information,27,doppler__wavelet-HH_gldm_DependenceNonUniformity,[D] wavelet-HH_gldm_DependenceNonUniformity,0.12540032126222944
BW+Doppler,Mutual Information,28,doppler__wavelet-LH_firstorder_90Percentile,[D] wavelet-LH_firstorder_90Percentile,0.12480676545790037
BW+Doppler,Mutual Information,29,doppler__wavelet-HH_gldm_DependenceNonUniformityNormalized,[D] wavelet-HH_gldm_DependenceNonUniformityNormalized,0.12413269064066612
BW+Doppler,Mutual Information,30,doppler__wavelet-HL_glrlm_RunEntropy,[D] wavelet-HL_glrlm_RunEntropy,0.1236506321990467
BW+Doppler,Mutual Information,31,bw__wavelet-LH_firstorder_Median,[BW] wavelet-LH_firstorder_Median,0.123366649839173
BW+Doppler,Mutual Information,32,doppler__wavelet-LH_firstorder_MeanAbsoluteDeviation,[D] wavelet-LH_firstorder_MeanAbsoluteDeviation,0.12195437969551914
BW+Doppler,Mutual Information,33,doppler__wavelet-HH_ngtdm_Strength,[D] wavelet-HH_ngtdm_Strength,0.12176847000604285
BW+Doppler,Mutual Information,34,doppler__wavelet-LH_gldm_GrayLevelNonUniformity,[D] wavelet-LH_gldm_GrayLevelNonUniformity,0.12167119260575454
BW+Doppler,Mutual Information,35,doppler__wavelet-LL_glcm_Correlation,[D] wavelet-LL_glcm_Correlation,0.12101584112036279
BW+Doppler,Mutual Information,36,bw__wavelet-HH_gldm_LargeDependenceHighGrayLevelEmphasis,[BW] wavelet-HH_gldm_LargeDependenceHighGrayLevelEmphasis,0.11942314491716877
BW+Doppler,Mutual Information,37,doppler__wavelet-LH_glcm_ClusterTendency,[D] wavelet-LH_glcm_ClusterTendency,0.11835198333343877
BW+Doppler,Mutual Information,38,doppler__wavelet-HH_glrlm_LongRunHighGrayLevelEmphasis,[D] wavelet-HH_glrlm_LongRunHighGrayLevelEmphasis,0.11826352836581777
BW+Doppler,Mutual Information,39,doppler__wavelet-LH_firstorder_Uniformity,[D] wavelet-LH_firstorder_Uniformity,0.1178385863855076
BW+Doppler,Mutual Information,40,bw__wavelet-HH_glrlm_LongRunEmphasis,[BW] wavelet-HH_glrlm_LongRunEmphasis,0.11728131680555176
BW+Doppler,Mutual Information,41,bw__wavelet-HL_glrlm_LongRunEmphasis,[BW] wavelet-HL_glrlm_LongRunEmphasis,0.11686247881253009
BW+Doppler,Mutual Information,42,doppler__wavelet-LL_glcm_Autocorrelation,[D] wavelet-LL_glcm_Autocorrelation,0.11684896061367578
BW+Doppler,Mutual Information,43,bw__wavelet-LH_firstorder_90Percentile,[BW] wavelet-LH_firstorder_90Percentile,0.1167126601481705
BW+Doppler,Mutual Information,44,doppler__wavelet-HH_glszm_SmallAreaLowGrayLevelEmphasis,[D] wavelet-HH_glszm_SmallAreaLowGrayLevelEmphasis,0.11655324303585224
BW+Doppler,Mutual Information,45,doppler__wavelet-HH_ngtdm_Complexity,[D] wavelet-HH_ngtdm_Complexity,0.11591840821905741
BW+Doppler,Mutual Information,46,doppler__wavelet-LL_glcm_Imc2,[D] wavelet-LL_glcm_Imc2,0.11557258582055874
BW+Doppler,Mutual Information,47,doppler__wavelet-LH_gldm_LargeDependenceLowGrayLevelEmphasis,[D] wavelet-LH_gldm_LargeDependenceLowGrayLevelEmphasis,0.11449897358617456
BW+Doppler,Mutual Information,48,bw__wavelet-HH_gldm_DependenceNonUniformity,[BW] wavelet-HH_gldm_DependenceNonUniformity,0.11438014783903094
BW+Doppler,Mutual Information,49,doppler__original_glcm_Autocorrelation,[D] original_glcm_Autocorrelation,0.11266469958283087
BW+Doppler,Mutual Information,50,doppler__wavelet-LH_glrlm_GrayLevelNonUniformity,[D] wavelet-LH_glrlm_GrayLevelNonUniformity,0.11248200017248045
BW+Doppler,Mutual Information,51,bw__wavelet-HH_gldm_SmallDependenceHighGrayLevelEmphasis,[BW] wavelet-HH_gldm_SmallDependenceHighGrayLevelEmphasis,0.1118160363097922
BW+Doppler,Mutual Information,52,doppler__wavelet-LL_glcm_Contrast,[D] wavelet-LL_glcm_Contrast,0.1114876486778662
BW+Doppler,Mutual Information,53,bw__wavelet-LH_glcm_DifferenceAverage,[BW] wavelet-LH_glcm_DifferenceAverage,0.11112109015141858
BW+Doppler,Mutual Information,54,doppler__wavelet-HH_gldm_HighGrayLevelEmphasis,[D] wavelet-HH_gldm_HighGrayLevelEmphasis,0.11058982606463275
BW+Doppler,Mutual Information,55,bw__original_glrlm_GrayLevelNonUniformity,[BW] original_glrlm_GrayLevelNonUniformity,0.11025434534368261
BW+Doppler,Mutual Information,56,bw__wavelet-LL_glcm_Contrast,[BW] wavelet-LL_glcm_Contrast,0.11015421905922729
BW+Doppler,Mutual Information,57,doppler__wavelet-LL_glszm_ZoneVariance,[D] wavelet-LL_glszm_ZoneVariance,0.10949956972544106
BW+Doppler,Mutual Information,58,doppler__wavelet-LH_glcm_JointEntropy,[D] wavelet-LH_glcm_JointEntropy,0.10945345893168712
BW+Doppler,Mutual Information,59,doppler__wavelet-HH_ngtdm_Busyness,[D] wavelet-HH_ngtdm_Busyness,0.10908929582740834
BW+Doppler,Mutual Information,60,bw__original_firstorder_Uniformity,[BW] original_firstorder_Uniformity,0.10821013336140184
BW+Doppler,Mutual Information,61,doppler__wavelet-LL_glcm_Imc1,[D] wavelet-LL_glcm_Imc1,0.1077455938024745
BW+Doppler,Mutual Information,62,bw__wavelet-HH_ngtdm_Strength,[BW] wavelet-HH_ngtdm_Strength,0.10769105152945624
BW+Doppler,Mutual Information,63,doppler__wavelet-LL_gldm_LowGrayLevelEmphasis,[D] wavelet-LL_gldm_LowGrayLevelEmphasis,0.10718773731472497
BW+Doppler,Mutual Information,64,bw__wavelet-HH_firstorder_RootMeanSquared,[BW] wavelet-HH_firstorder_RootMeanSquared,0.10695909979667051
BW+Doppler,Mutual Information,65,doppler__wavelet-LH_glcm_Imc2,[D] wavelet-LH_glcm_Imc2,0.10682396533904881
BW+Doppler,Mutual Information,66,doppler__wavelet-LH_firstorder_Entropy,[D] wavelet-LH_firstorder_Entropy,0.1067667182295875
BW+Doppler,Mutual Information,67,bw__wavelet-LH_glrlm_RunVariance,[BW] wavelet-LH_glrlm_RunVariance,0.10647090836144368
BW+Doppler,Mutual Information,68,doppler__wavelet-LH_ngtdm_Strength,[D] wavelet-LH_ngtdm_Strength,0.1057705868031038
BW+Doppler,Mutual Information,69,bw__wavelet-LH_glszm_SizeZoneNonUniformity,[BW] wavelet-LH_glszm_SizeZoneNonUniformity,0.10562521799335656
BW+Doppler,Mutual Information,70,doppler__wavelet-HH_glszm_LargeAreaLowGrayLevelEmphasis,[D] wavelet-HH_glszm_LargeAreaLowGrayLevelEmphasis,0.10528388503496378
BW+Doppler,Mutual Information,71,bw__wavelet-LH_glcm_Contrast,[BW] wavelet-LH_glcm_Contrast,0.10514366821396881
BW+Doppler,Mutual Information,72,doppler__wavelet-LL_gldm_DependenceEntropy,[D] wavelet-LL_gldm_DependenceEntropy,0.10496888530079795
BW+Doppler,Mutual Information,73,bw__original_gldm_GrayLevelNonUniformity,[BW] original_gldm_GrayLevelNonUniformity,0.10491628137852071
BW+Doppler,Mutual Information,74,doppler__wavelet-LH_glcm_DifferenceAverage,[D] wavelet-LH_glcm_DifferenceAverage,0.10413842126933592
BW+Doppler,Mutual Information,75,doppler__wavelet-LH_glcm_ClusterProminence,[D] wavelet-LH_glcm_ClusterProminence,0.1041027305565243
BW+Doppler,Mutual Information,76,doppler__wavelet-LH_glszm_ZonePercentage,[D] wavelet-LH_glszm_ZonePercentage,0.10359228808602183
BW+Doppler,Mutual Information,77,doppler__wavelet-LH_glcm_DifferenceEntropy,[D] wavelet-LH_glcm_DifferenceEntropy,0.10309805379413572
BW+Doppler,Mutual Information,78,bw__wavelet-LH_glcm_SumSquares,[BW] wavelet-LH_glcm_SumSquares,0.10295441475327793
BW+Doppler,Mutual Information,79,bw__original_glcm_Idm,[BW] original_glcm_Idm,0.10270246920891513
BW+Doppler,Mutual Information,80,doppler__wavelet-LH_firstorder_Skewness,[D] wavelet-LH_firstorder_Skewness,0.10235931780986474
BW+Doppler,Mutual Information,81,doppler__wavelet-HH_glrlm_ShortRunLowGrayLevelEmphasis,[D] wavelet-HH_glrlm_ShortRunLowGrayLevelEmphasis,0.10210255597549955
BW+Doppler,Mutual Information,82,doppler__wavelet-LH_glcm_Id,[D] wavelet-LH_glcm_Id,0.10194124051311482
BW+Doppler,Mutual Information,83,doppler__wavelet-LH_glcm_SumEntropy,[D] wavelet-LH_glcm_SumEntropy,0.10191513173659561
BW+Doppler,Mutual Information,84,bw__wavelet-HH_firstorder_Variance,[BW] wavelet-HH_firstorder_Variance,0.10157799136078682
BW+Doppler,Mutual Information,85,bw__original_glszm_SizeZoneNonUniformityNormalized,[BW] original_glszm_SizeZoneNonUniformityNormalized,0.10084245488273003
BW+Doppler,Mutual Information,86,doppler__wavelet-LL_gldm_HighGrayLevelEmphasis,[D] wavelet-LL_gldm_HighGrayLevelEmphasis,0.10064674834404763
BW+Doppler,Mutual Information,87,doppler__wavelet-LH_gldm_LargeDependenceEmphasis,[D] wavelet-LH_gldm_LargeDependenceEmphasis,0.10031051576075445
BW+Doppler,Mutual Information,88,bw__wavelet-HL_glrlm_ShortRunEmphasis,[BW] wavelet-HL_glrlm_ShortRunEmphasis,0.09910026325707855
BW+Doppler,Mutual Information,89,doppler__wavelet-LH_glrlm_RunPercentage,[D] wavelet-LH_glrlm_RunPercentage,0.0985478661969903
BW+Doppler,Mutual Information,90,bw__original_glrlm_RunLengthNonUniformity,[BW] original_glrlm_RunLengthNonUniformity,0.09826000459152473
BW+Doppler,Mutual Information,91,bw__wavelet-HL_glcm_Imc1,[BW] wavelet-HL_glcm_Imc1,0.09777275853907574
BW+Doppler,Mutual Information,92,doppler__wavelet-HL_gldm_DependenceEntropy,[D] wavelet-HL_gldm_DependenceEntropy,0.0977202072998018
BW+Doppler,Mutual Information,93,doppler__original_firstorder_Maximum,[D] original_firstorder_Maximum,0.09732635882701546
BW+Doppler,Mutual Information,94,doppler__wavelet-HH_firstorder_Maximum,[D] wavelet-HH_firstorder_Maximum,0.09715302935871217
BW+Doppler,Mutual Information,95,bw__wavelet-LH_ngtdm_Contrast,[BW] wavelet-LH_ngtdm_Contrast,0.09686957585292633
BW+Doppler,Mutual Information,96,bw__wavelet-HH_ngtdm_Busyness,[BW] wavelet-HH_ngtdm_Busyness,0.0968298416440001
BW+Doppler,Mutual Information,97,doppler__original_firstorder_Uniformity,[D] original_firstorder_Uniformity,0.09677522368314007
BW+Doppler,Mutual Information,98,bw__original_glrlm_RunLengthNonUniformityNormalized,[BW] original_glrlm_RunLengthNonUniformityNormalized,0.09644677237638577
BW+Doppler,Mutual Information,99,doppler__wavelet-HL_glcm_InverseVariance,[D] wavelet-HL_glcm_InverseVariance,0.09610353928020055
BW+Doppler,Mutual Information,100,doppler__wavelet-LH_ngtdm_Coarseness,[D] wavelet-LH_ngtdm_Coarseness,0.09591448074309117
BW+Doppler,Mutual Information,101,bw__wavelet-HH_gldm_DependenceNonUniformityNormalized,[BW] wavelet-HH_gldm_DependenceNonUniformityNormalized,0.09585924375963373
BW+Doppler,Mutual Information,102,doppler__wavelet-HH_glrlm_LongRunLowGrayLevelEmphasis,[D] wavelet-HH_glrlm_LongRunLowGrayLevelEmphasis,0.09563213009239568
BW+Doppler,Mutual Information,103,doppler__original_glrlm_RunEntropy,[D] original_glrlm_RunEntropy,0.09556526431612444
BW+Doppler,Mutual Information,104,doppler__wavelet-LH_firstorder_Kurtosis,[D] wavelet-LH_firstorder_Kurtosis,0.09553414051981779
BW+Doppler,Mutual Information,105,bw__wavelet-HL_firstorder_90Percentile,[BW] wavelet-HL_firstorder_90Percentile,0.0954336168386527
BW+Doppler,Mutual Information,106,bw__wavelet-HH_glcm_Imc2,[BW] wavelet-HH_glcm_Imc2,0.09408711956862259
BW+Doppler,Mutual Information,107,bw__wavelet-HL_glcm_MaximumProbability,[BW] wavelet-HL_glcm_MaximumProbability,0.09267833754008525
BW+Doppler,Mutual Information,108,doppler__wavelet-HL_gldm_LargeDependenceLowGrayLevelEmphasis,[D] wavelet-HL_gldm_LargeDependenceLowGrayLevelEmphasis,0.09222659884569873
BW+Doppler,Mutual Information,109,bw__wavelet-LH_firstorder_Entropy,[BW] wavelet-LH_firstorder_Entropy,0.09200236965793085
BW+Doppler,Mutual Information,110,doppler__wavelet-LL_ngtdm_Coarseness,[D] wavelet-LL_ngtdm_Coarseness,0.09196238079288177
BW+Doppler,Mutual Information,111,bw__wavelet-LL_firstorder_Kurtosis,[BW] wavelet-LL_firstorder_Kurtosis,0.09146181508052043
BW+Doppler,Mutual Information,112,doppler__wavelet-LH_glrlm_ShortRunHighGrayLevelEmphasis,[D] wavelet-LH_glrlm_ShortRunHighGrayLevelEmphasis,0.09026407367334865
BW+Doppler,Mutual Information,113,bw__wavelet-HL_ngtdm_Coarseness,[BW] wavelet-HL_ngtdm_Coarseness,0.09016574168766334
BW+Doppler,Mutual Information,114,bw__wavelet-LL_firstorder_Median,[BW] wavelet-LL_firstorder_Median,0.0901510407943451
BW+Doppler,Mutual Information,115,doppler__wavelet-HL_glszm_GrayLevelNonUniformity,[D] wavelet-HL_glszm_GrayLevelNonUniformity,0.08998292993859924
BW+Doppler,Mutual Information,116,bw__wavelet-LL_glcm_Imc2,[BW] wavelet-LL_glcm_Imc2,0.08964074649231724
BW+Doppler,Mutual Information,117,bw__wavelet-HH_glszm_LowGrayLevelZoneEmphasis,[BW] wavelet-HH_glszm_LowGrayLevelZoneEmphasis,0.0895923974913777
BW+Doppler,Mutual Information,118,doppler__wavelet-LH_glcm_SumSquares,[D] wavelet-LH_glcm_SumSquares,0.08945955051721244
BW+Doppler,Mutual Information,119,doppler__wavelet-LH_glszm_SmallAreaEmphasis,[D] wavelet-LH_glszm_SmallAreaEmphasis,0.08931679907518686
BW+Doppler,Mutual Information,120,bw__wavelet-LH_gldm_LargeDependenceLowGrayLevelEmphasis,[BW] wavelet-LH_gldm_LargeDependenceLowGrayLevelEmphasis,0.08925603903586188
BW+Doppler,Mutual Information,121,doppler__wavelet-HH_glcm_Imc2,[D] wavelet-HH_glcm_Imc2,0.08923286578287737
BW+Doppler,Mutual Information,122,bw__wavelet-HH_firstorder_Range,[BW] wavelet-HH_firstorder_Range,0.08915137786100802
BW+Doppler,Mutual Information,123,bw__wavelet-LL_glcm_DifferenceVariance,[BW] wavelet-LL_glcm_DifferenceVariance,0.08869905107101994
BW+Doppler,Mutual Information,124,bw__wavelet-HH_gldm_DependenceEntropy,[BW] wavelet-HH_gldm_DependenceEntropy,0.08848477056918758
BW+Doppler,Mutual Information,125,bw__original_ngtdm_Complexity,[BW] original_ngtdm_Complexity,0.08816613170492604
BW+Doppler,Mutual Information,126,bw__wavelet-LH_glcm_JointEntropy,[BW] wavelet-LH_glcm_JointEntropy,0.08816168531258373
BW+Doppler,Mutual Information,127,doppler__wavelet-LH_gldm_HighGrayLevelEmphasis,[D] wavelet-LH_gldm_HighGrayLevelEmphasis,0.087879005337264
BW+Doppler,Mutual Information,128,bw__original_glcm_Imc1,[BW] original_glcm_Imc1,0.08762319588769474
BW+Doppler,Mutual Information,129,doppler__wavelet-HH_glszm_LowGrayLevelZoneEmphasis,[D] wavelet-HH_glszm_LowGrayLevelZoneEmphasis,0.08703823006908795
BW+Doppler,Mutual Information,130,bw__wavelet-HH_firstorder_Uniformity,[BW] wavelet-HH_firstorder_Uniformity,0.08701717551612975
BW+Doppler,Mutual Information,131,bw__wavelet-LH_glszm_GrayLevelNonUniformityNormalized,[BW] wavelet-LH_glszm_GrayLevelNonUniformityNormalized,0.08687527755038915
BW+Doppler,Mutual Information,132,doppler__wavelet-HL_glcm_Autocorrelation,[D] wavelet-HL_glcm_Autocorrelation,0.08685563725278378
BW+Doppler,Mutual Information,133,doppler__wavelet-HH_glrlm_RunEntropy,[D] wavelet-HH_glrlm_RunEntropy,0.08638511759413481
BW+Doppler,Mutual Information,134,bw__wavelet-LH_glcm_MaximumProbability,[BW] wavelet-LH_glcm_MaximumProbability,0.08628672006396099
BW+Doppler,Mutual Information,135,bw__original_gldm_LowGrayLevelEmphasis,[BW] original_gldm_LowGrayLevelEmphasis,0.08586631070578998
BW+Doppler,Mutual Information,136,bw__original_gldm_DependenceNonUniformityNormalized,[BW] original_gldm_DependenceNonUniformityNormalized,0.08586119239932932
BW+Doppler,Mutual Information,137,bw__original_glszm_LargeAreaLowGrayLevelEmphasis,[BW] original_glszm_LargeAreaLowGrayLevelEmphasis,0.08562378761536293
BW+Doppler,Mutual Information,138,doppler__wavelet-LH_glcm_JointEnergy,[D] wavelet-LH_glcm_JointEnergy,0.08538623848372162
BW+Doppler,Mutual Information,139,bw__original_gldm_SmallDependenceEmphasis,[BW] original_gldm_SmallDependenceEmphasis,0.08519288424324589
BW+Doppler,Mutual Information,140,bw__wavelet-HH_firstorder_Energy,[BW] wavelet-HH_firstorder_Energy,0.0851014642035306
BW+Doppler,Mutual Information,141,bw__wavelet-HH_firstorder_TotalEnergy,[BW] wavelet-HH_firstorder_TotalEnergy,0.0851014642035306
BW+Doppler,Mutual Information,142,bw__wavelet-LH_firstorder_Variance,[BW] wavelet-LH_firstorder_Variance,0.08476839243077716
BW+Doppler,Mutual Information,143,bw__wavelet-LH_glszm_LargeAreaEmphasis,[BW] wavelet-LH_glszm_LargeAreaEmphasis,0.08440538733919722
BW+Doppler,Mutual Information,144,bw__wavelet-HH_gldm_GrayLevelNonUniformity,[BW] wavelet-HH_gldm_GrayLevelNonUniformity,0.08413927937980614
BW+Doppler,Mutual Information,145,doppler__wavelet-LH_gldm_SmallDependenceEmphasis,[D] wavelet-LH_gldm_SmallDependenceEmphasis,0.08412250007992994
BW+Doppler,Mutual Information,146,bw__wavelet-HH_firstorder_10Percentile,[BW] wavelet-HH_firstorder_10Percentile,0.08397839251027928
BW+Doppler,Mutual Information,147,bw__wavelet-LL_glszm_ZoneEntropy,[BW] wavelet-LL_glszm_ZoneEntropy,0.08353870608077174
BW+Doppler,Mutual Information,148,bw__wavelet-LH_glszm_ZoneVariance,[BW] wavelet-LH_glszm_ZoneVariance,0.08338802922914246
BW+Doppler,Mutual Information,149,bw__wavelet-LL_glrlm_LongRunEmphasis,[BW] wavelet-LL_glrlm_LongRunEmphasis,0.0832995130017189
BW+Doppler,Mutual Information,150,doppler__wavelet-LH_glszm_ZoneEntropy,[D] wavelet-LH_glszm_ZoneEntropy,0.0830535926777749
BW+Doppler,Mutual Information,151,doppler__wavelet-LH_firstorder_Variance,[D] wavelet-LH_firstorder_Variance,0.08303973024557498
BW+Doppler,Mutual Information,152,doppler__wavelet-LH_gldm_LowGrayLevelEmphasis,[D] wavelet-LH_gldm_LowGrayLevelEmphasis,0.08278781958007331
BW+Doppler,Mutual Information,153,doppler__wavelet-LL_ngtdm_Strength,[D] wavelet-LL_ngtdm_Strength,0.08258622303624419
BW+Doppler,Mutual Information,154,bw__wavelet-HH_glrlm_RunVariance,[BW] wavelet-HH_glrlm_RunVariance,0.08227189865631868
BW+Doppler,Mutual Information,155,bw__wavelet-LH_glcm_ClusterTendency,[BW] wavelet-LH_glcm_ClusterTendency,0.08209633891174284
BW+Doppler,Mutual Information,156,bw__wavelet-LH_firstorder_RootMeanSquared,[BW] wavelet-LH_firstorder_RootMeanSquared,0.08140594872399132
BW+Doppler,Mutual Information,157,bw__wavelet-HH_glrlm_ShortRunHighGrayLevelEmphasis,[BW] wavelet-HH_glrlm_ShortRunHighGrayLevelEmphasis,0.0813795824715644
BW+Doppler,Mutual Information,158,bw__wavelet-LH_firstorder_RobustMeanAbsoluteDeviation,[BW] wavelet-LH_firstorder_RobustMeanAbsoluteDeviation,0.08099060318211238
BW+Doppler,Mutual Information,159,bw__original_gldm_DependenceNonUniformity,[BW] original_gldm_DependenceNonUniformity,0.08094109080783563
BW+Doppler,Mutual Information,160,bw__wavelet-HL_glrlm_ShortRunHighGrayLevelEmphasis,[BW] wavelet-HL_glrlm_ShortRunHighGrayLevelEmphasis,0.08085217026295277
BW+Doppler,Mutual Information,161,bw__wavelet-HH_gldm_GrayLevelVariance,[BW] wavelet-HH_gldm_GrayLevelVariance,0.08075248457720963
BW+Doppler,Mutual Information,162,doppler__wavelet-LH_glcm_Autocorrelation,[D] wavelet-LH_glcm_Autocorrelation,0.08021708927152438
BW+Doppler,Mutual Information,163,bw__original_glcm_Idn,[BW] original_glcm_Idn,0.08017738927174745
BW+Doppler,Mutual Information,164,doppler__original_ngtdm_Complexity,[D] original_ngtdm_Complexity,0.08013532241101129
BW+Doppler,Mutual Information,165,doppler__wavelet-LH_firstorder_RootMeanSquared,[D] wavelet-LH_firstorder_RootMeanSquared,0.07997397085219848
BW+Doppler,Mutual Information,166,doppler__wavelet-LL_firstorder_Entropy,[D] wavelet-LL_firstorder_Entropy,0.07990183471317058
BW+Doppler,Mutual Information,167,bw__wavelet-LL_gldm_HighGrayLevelEmphasis,[BW] wavelet-LL_gldm_HighGrayLevelEmphasis,0.07950061598261438
BW+Doppler,Mutual Information,168,doppler__wavelet-HL_glszm_SmallAreaEmphasis,[D] wavelet-HL_glszm_SmallAreaEmphasis,0.07939111134394206
BW+Doppler,Mutual Information,169,bw__original_firstorder_Median,[BW] original_firstorder_Median,0.07928101653205366
BW+Doppler,Mutual Information,170,doppler__original_glrlm_ShortRunEmphasis,[D] original_glrlm_ShortRunEmphasis,0.07884263736443775
BW+Doppler,Mutual Information,171,doppler__wavelet-LH_glrlm_LongRunEmphasis,[D] wavelet-LH_glrlm_LongRunEmphasis,0.07850994298652636
BW+Doppler,Mutual Information,172,doppler__wavelet-HL_gldm_LargeDependenceEmphasis,[D] wavelet-HL_gldm_LargeDependenceEmphasis,0.07818903971647795
BW+Doppler,Mutual Information,173,doppler__wavelet-LL_glcm_DifferenceVariance,[D] wavelet-LL_glcm_DifferenceVariance,0.07787119527504283
BW+Doppler,Mutual Information,174,bw__wavelet-LL_glcm_DifferenceEntropy,[BW] wavelet-LL_glcm_DifferenceEntropy,0.07776159929856985
BW+Doppler,Mutual Information,175,bw__wavelet-HH_glszm_GrayLevelNonUniformityNormalized,[BW] wavelet-HH_glszm_GrayLevelNonUniformityNormalized,0.07767241346694909
BW+Doppler,Mutual Information,176,doppler__wavelet-LH_glcm_Correlation,[D] wavelet-LH_glcm_Correlation,0.07760154368015404
BW+Doppler,Mutual Information,177,doppler__wavelet-LH_glcm_Idm,[D] wavelet-LH_glcm_Idm,0.07748967005725005
BW+Doppler,Mutual Information,178,bw__wavelet-LL_glcm_InverseVariance,[BW] wavelet-LL_glcm_InverseVariance,0.0774803863520459
BW+Doppler,Mutual Information,179,bw__wavelet-LL_gldm_GrayLevelNonUniformity,[BW] wavelet-LL_gldm_GrayLevelNonUniformity,0.07742205717320294
BW+Doppler,Mutual Information,180,bw__wavelet-LH_firstorder_Energy,[BW] wavelet-LH_firstorder_Energy,0.0772982073870625
BW+Doppler,Mutual Information,181,bw__wavelet-LH_firstorder_TotalEnergy,[BW] wavelet-LH_firstorder_TotalEnergy,0.0772982073870625
BW+Doppler,Mutual Information,182,bw__wavelet-LH_glcm_SumEntropy,[BW] wavelet-LH_glcm_SumEntropy,0.07681716746283374
BW+Doppler,Mutual Information,183,bw__wavelet-LH_gldm_DependenceEntropy,[BW] wavelet-LH_gldm_DependenceEntropy,0.07647569353360972
BW+Doppler,Mutual Information,184,doppler__wavelet-HH_glrlm_ShortRunHighGrayLevelEmphasis,[D] wavelet-HH_glrlm_ShortRunHighGrayLevelEmphasis,0.0764031771661462
BW+Doppler,Mutual Information,185,doppler__wavelet-LL_firstorder_Maximum,[D] wavelet-LL_firstorder_Maximum,0.07604319350168542
BW+Doppler,Mutual Information,186,doppler__wavelet-HL_ngtdm_Coarseness,[D] wavelet-HL_ngtdm_Coarseness,0.07560181606236593
BW+Doppler,Mutual Information,187,bw__wavelet-HL_glcm_JointEnergy,[BW] wavelet-HL_glcm_JointEnergy,0.07555316291305103
BW+Doppler,Mutual Information,188,doppler__original_glrlm_GrayLevelVariance,[D] original_glrlm_GrayLevelVariance,0.07534056836411906
BW+Doppler,Mutual Information,189,doppler__wavelet-LH_glszm_SmallAreaLowGrayLevelEmphasis,[D] wavelet-LH_glszm_SmallAreaLowGrayLevelEmphasis,0.075233733652607
BW+Doppler,Mutual Information,190,doppler__wavelet-HL_glcm_Imc1,[D] wavelet-HL_glcm_Imc1,0.0751002166094763
BW+Doppler,Mutual Information,191,doppler__wavelet-HL_glcm_JointAverage,[D] wavelet-HL_glcm_JointAverage,0.07505816506205276
BW+Doppler,Mutual Information,192,doppler__wavelet-HL_glcm_SumAverage,[D] wavelet-HL_glcm_SumAverage,0.07505816506205276
BW+Doppler,Mutual Information,193,doppler__wavelet-LH_glrlm_GrayLevelVariance,[D] wavelet-LH_glrlm_GrayLevelVariance,0.07490324845463414
BW+Doppler,Mutual Information,194,doppler__wavelet-LH_glcm_InverseVariance,[D] wavelet-LH_glcm_InverseVariance,0.07456880499450547
BW+Doppler,Mutual Information,195,doppler__wavelet-HH_gldm_LargeDependenceLowGrayLevelEmphasis,[D] wavelet-HH_gldm_LargeDependenceLowGrayLevelEmphasis,0.07446644562602134
BW+Doppler,Mutual Information,196,bw__wavelet-HL_glrlm_RunEntropy,[BW] wavelet-HL_glrlm_RunEntropy,0.07442690978588007
BW+Doppler,Mutual Information,197,bw__wavelet-LL_firstorder_Variance,[BW] wavelet-LL_firstorder_Variance,0.07407425279674618
BW+Doppler,Mutual Information,198,doppler__wavelet-HL_glrlm_GrayLevelNonUniformity,[D] wavelet-HL_glrlm_GrayLevelNonUniformity,0.07396678097341614
BW+Doppler,Mutual Information,199,doppler__original_gldm_GrayLevelNonUniformity,[D] original_gldm_GrayLevelNonUniformity,0.07389144508117451
BW+Doppler,Mutual Information,200,doppler__original_firstorder_RobustMeanAbsoluteDeviation,[D] original_firstorder_RobustMeanAbsoluteDeviation,0.07383097464946942
BW+Doppler,Mutual Information,201,bw__wavelet-LH_glcm_JointEnergy,[BW] wavelet-LH_glcm_JointEnergy,0.0735204522141617
BW+Doppler,Mutual Information,202,doppler__wavelet-LH_gldm_SmallDependenceHighGrayLevelEmphasis,[D] wavelet-LH_gldm_SmallDependenceHighGrayLevelEmphasis,0.07301879130138689
BW+Doppler,Mutual Information,203,doppler__wavelet-LL_glrlm_RunVariance,[D] wavelet-LL_glrlm_RunVariance,0.07287209429056452
BW+Doppler,Mutual Information,204,doppler__wavelet-HH_glrlm_ShortRunEmphasis,[D] wavelet-HH_glrlm_ShortRunEmphasis,0.07246709836643506
BW+Doppler,Mutual Information,205,doppler__wavelet-LL_gldm_LargeDependenceHighGrayLevelEmphasis,[D] wavelet-LL_gldm_LargeDependenceHighGrayLevelEmphasis,0.07221221913761378
BW+Doppler,Mutual Information,206,doppler__wavelet-LL_glszm_SmallAreaHighGrayLevelEmphasis,[D] wavelet-LL_glszm_SmallAreaHighGrayLevelEmphasis,0.07193161481867483
BW+Doppler,Mutual Information,207,bw__original_firstorder_Maximum,[BW] original_firstorder_Maximum,0.07193106528083182
BW+Doppler,Mutual Information,208,doppler__original_ngtdm_Coarseness,[D] original_ngtdm_Coarseness,0.0719063823875965
BW+Doppler,Mutual Information,209,bw__wavelet-LH_glszm_GrayLevelNonUniformity,[BW] wavelet-LH_glszm_GrayLevelNonUniformity,0.0717956510297435
BW+Doppler,Mutual Information,210,bw__wavelet-LL_firstorder_Range,[BW] wavelet-LL_firstorder_Range,0.07154710284708421
BW+Doppler,Mutual Information,211,doppler__wavelet-LH_gldm_DependenceEntropy,[D] wavelet-LH_gldm_DependenceEntropy,0.07136032818017113
BW+Doppler,Mutual Information,212,bw__original_glcm_DifferenceVariance,[BW] original_glcm_DifferenceVariance,0.07128141476781513
BW+Doppler,Mutual Information,213,bw__wavelet-LH_gldm_DependenceVariance,[BW] wavelet-LH_gldm_DependenceVariance,0.07068978529306014
BW+Doppler,Mutual Information,214,bw__wavelet-LH_gldm_HighGrayLevelEmphasis,[BW] wavelet-LH_gldm_HighGrayLevelEmphasis,0.07068251344995047
BW+Doppler,Mutual Information,215,doppler__wavelet-LL_glcm_Idn,[D] wavelet-LL_glcm_Idn,0.07054665181136688
BW+Doppler,Mutual Information,216,bw__wavelet-HH_firstorder_Entropy,[BW] wavelet-HH_firstorder_Entropy,0.07011734191281338
BW+Doppler,Mutual Information,217,doppler__wavelet-LH_glrlm_LongRunLowGrayLevelEmphasis,[D] wavelet-LH_glrlm_LongRunLowGrayLevelEmphasis,0.06986580002467013
BW+Doppler,Mutual Information,218,bw__original_glszm_GrayLevelNonUniformity,[BW] original_glszm_GrayLevelNonUniformity,0.06969819848478886
BW+Doppler,Mutual Information,219,bw__wavelet-HL_firstorder_Median,[BW] wavelet-HL_firstorder_Median,0.06965818127149803
BW+Doppler,Mutual Information,220,bw__original_glszm_SizeZoneNonUniformity,[BW] original_glszm_SizeZoneNonUniformity,0.06952368953302268
BW+Doppler,Mutual Information,221,bw__wavelet-HH_firstorder_90Percentile,[BW] wavelet-HH_firstorder_90Percentile,0.0694438460814748
BW+Doppler,Mutual Information,222,doppler__wavelet-HH_gldm_LowGrayLevelEmphasis,[D] wavelet-HH_gldm_LowGrayLevelEmphasis,0.06934490591508924
BW+Doppler,Mutual Information,223,doppler__wavelet-HL_glszm_LargeAreaLowGrayLevelEmphasis,[D] wavelet-HL_glszm_LargeAreaLowGrayLevelEmphasis,0.06921424364563711
BW+Doppler,Mutual Information,224,bw__wavelet-LL_glszm_SizeZoneNonUniformityNormalized,[BW] wavelet-LL_glszm_SizeZoneNonUniformityNormalized,0.06900692830398358
BW+Doppler,Mutual Information,225,doppler__wavelet-LH_firstorder_RobustMeanAbsoluteDeviation,[D] wavelet-LH_firstorder_RobustMeanAbsoluteDeviation,0.06789183905745699
BW+Doppler,Mutual Information,226,doppler__wavelet-LL_glcm_DifferenceEntropy,[D] wavelet-LL_glcm_DifferenceEntropy,0.0675372185274663
BW+Doppler,Mutual Information,227,bw__wavelet-LH_glszm_LargeAreaLowGrayLevelEmphasis,[BW] wavelet-LH_glszm_LargeAreaLowGrayLevelEmphasis,0.06748781499500933
BW+Doppler,Mutual Information,228,doppler__wavelet-LL_firstorder_10Percentile,[D] wavelet-LL_firstorder_10Percentile,0.06743271640732318
BW+Doppler,Mutual Information,229,doppler__wavelet-HL_glrlm_RunVariance,[D] wavelet-HL_glrlm_RunVariance,0.06720257638731231
BW+Doppler,Mutual Information,230,bw__wavelet-HH_glcm_DifferenceEntropy,[BW] wavelet-HH_glcm_DifferenceEntropy,0.06713508769077414
BW+Doppler,Mutual Information,231,doppler__wavelet-LL_glszm_LowGrayLevelZoneEmphasis,[D] wavelet-LL_glszm_LowGrayLevelZoneEmphasis,0.06704207888707758
BW+Doppler,Mutual Information,232,doppler__wavelet-LH_glcm_MaximumProbability,[D] wavelet-LH_glcm_MaximumProbability,0.0666343185972591
BW+Doppler,Mutual Information,233,doppler__original_glcm_Imc2,[D] original_glcm_Imc2,0.0665281749320612
BW+Doppler,Mutual Information,234,bw__wavelet-HH_glrlm_RunEntropy,[BW] wavelet-HH_glrlm_RunEntropy,0.06633028136828178
BW+Doppler,Mutual Information,235,bw__wavelet-LH_firstorder_Skewness,[BW] wavelet-LH_firstorder_Skewness,0.06604080499342091
BW+Doppler,Mutual Information,236,bw__wavelet-LH_gldm_GrayLevelVariance,[BW] wavelet-LH_gldm_GrayLevelVariance,0.06602828359565982
BW+Doppler,Mutual Information,237,doppler__wavelet-HH_glcm_Autocorrelation,[D] wavelet-HH_glcm_Autocorrelation,0.06590613896521536
BW+Doppler,Mutual Information,238,bw__wavelet-LH_ngtdm_Coarseness,[BW] wavelet-LH_ngtdm_Coarseness,0.06580524424302969
BW+Doppler,Mutual Information,239,doppler__wavelet-LL_glrlm_GrayLevelNonUniformity,[D] wavelet-LL_glrlm_GrayLevelNonUniformity,0.06578971778413711
BW+Doppler,Mutual Information,240,bw__wavelet-LH_glcm_Idn,[BW] wavelet-LH_glcm_Idn,0.06578259173880019
BW+Doppler,Mutual Information,241,doppler__wavelet-LH_ngtdm_Contrast,[D] wavelet-LH_ngtdm_Contrast,0.0649649170194102
BW+Doppler,Mutual Information,242,bw__original_glrlm_RunEntropy,[BW] original_glrlm_RunEntropy,0.06485669010619821
BW+Doppler,Mutual Information,243,bw__wavelet-HL_gldm_GrayLevelVariance,[BW] wavelet-HL_gldm_GrayLevelVariance,0.06477393899139705
BW+Doppler,Mutual Information,244,doppler__wavelet-HH_firstorder_RobustMeanAbsoluteDeviation,[D] wavelet-HH_firstorder_RobustMeanAbsoluteDeviation,0.0647112947371451
BW+Doppler,Mutual Information,245,bw__original_glszm_ZoneVariance,[BW] original_glszm_ZoneVariance,0.06448935081024554
BW+Doppler,Mutual Information,246,doppler__wavelet-HH_gldm_SmallDependenceHighGrayLevelEmphasis,[D] wavelet-HH_gldm_SmallDependenceHighGrayLevelEmphasis,0.06427406776110178
BW+Doppler,Mutual Information,247,bw__wavelet-LL_firstorder_Skewness,[BW] wavelet-LL_firstorder_Skewness,0.06420660951184454
BW+Doppler,Mutual Information,248,bw__wavelet-LL_firstorder_10Percentile,[BW] wavelet-LL_firstorder_10Percentile,0.06413620114582397
BW+Doppler,Mutual Information,249,bw__wavelet-HH_firstorder_Skewness,[BW] wavelet-HH_firstorder_Skewness,0.0640494099841813
BW+Doppler,Mutual Information,250,doppler__wavelet-HH_glrlm_GrayLevelNonUniformity,[D] wavelet-HH_glrlm_GrayLevelNonUniformity,0.064018273588907
BW+Doppler,Mutual Information,251,doppler__original_glcm_Idmn,[D] original_glcm_Idmn,0.06389630293587478
BW+Doppler,Mutual Information,252,bw__wavelet-LL_firstorder_Uniformity,[BW] wavelet-LL_firstorder_Uniformity,0.06380211041644279
BW+Doppler,Mutual Information,253,bw__wavelet-LL_ngtdm_Contrast,[BW] wavelet-LL_ngtdm_Contrast,0.06369946381984204
BW+Doppler,Mutual Information,254,bw__original_glcm_MaximumProbability,[BW] original_glcm_MaximumProbability,0.06352412992185896
BW+Doppler,Mutual Information,255,bw__original_glcm_ClusterProminence,[BW] original_glcm_ClusterProminence,0.06350092640933869
BW+Doppler,Mutual Information,256,bw__wavelet-HL_gldm_DependenceVariance,[BW] wavelet-HL_gldm_DependenceVariance,0.0633461192423177
BW+Doppler,Mutual Information,257,bw__wavelet-LH_firstorder_InterquartileRange,[BW] wavelet-LH_firstorder_InterquartileRange,0.06328854623522107
BW+Doppler,Mutual Information,258,doppler__wavelet-HH_firstorder_Skewness,[D] wavelet-HH_firstorder_Skewness,0.06319321965500224
BW+Doppler,Mutual Information,259,bw__wavelet-LL_ngtdm_Coarseness,[BW] wavelet-LL_ngtdm_Coarseness,0.06311686024564311
BW+Doppler,Mutual Information,260,doppler__wavelet-LH_glszm_LargeAreaLowGrayLevelEmphasis,[D] wavelet-LH_glszm_LargeAreaLowGrayLevelEmphasis,0.0627470920508415
BW+Doppler,Mutual Information,261,doppler__wavelet-HL_firstorder_Skewness,[D] wavelet-HL_firstorder_Skewness,0.0625676925562546
BW+Doppler,Mutual Information,262,doppler__wavelet-LH_glcm_DifferenceVariance,[D] wavelet-LH_glcm_DifferenceVariance,0.062474117870275236
BW+Doppler,Mutual Information,263,bw__wavelet-HL_firstorder_Mean,[BW] wavelet-HL_firstorder_Mean,0.06224110598429733
BW+Doppler,Mutual Information,264,bw__wavelet-LL_firstorder_TotalEnergy,[BW] wavelet-LL_firstorder_TotalEnergy,0.06202430212319987
BW+Doppler,Mutual Information,265,bw__wavelet-LL_firstorder_Energy,[BW] wavelet-LL_firstorder_Energy,0.06202430212319987
BW+Doppler,Mutual Information,266,bw__original_glszm_ZonePercentage,[BW] original_glszm_ZonePercentage,0.061800759632515634
BW+Doppler,Mutual Information,267,bw__original_glszm_SmallAreaHighGrayLevelEmphasis,[BW] original_glszm_SmallAreaHighGrayLevelEmphasis,0.06170244857100937
BW+Doppler,Mutual Information,268,doppler__wavelet-LH_glcm_Contrast,[D] wavelet-LH_glcm_Contrast,0.06165171856359364
BW+Doppler,Mutual Information,269,bw__wavelet-HH_glcm_MaximumProbability,[BW] wavelet-HH_glcm_MaximumProbability,0.06160539570388468
BW+Doppler,Mutual Information,270,bw__wavelet-LL_firstorder_RootMeanSquared,[BW] wavelet-LL_firstorder_RootMeanSquared,0.061286665851855826
BW+Doppler,Mutual Information,271,bw__wavelet-HH_glcm_ClusterProminence,[BW] wavelet-HH_glcm_ClusterProminence,0.06125940957744347
BW+Doppler,Mutual Information,272,doppler__wavelet-LH_firstorder_Energy,[D] wavelet-LH_firstorder_Energy,0.061013009865124035
BW+Doppler,Mutual Information,273,doppler__wavelet-LH_firstorder_TotalEnergy,[D] wavelet-LH_firstorder_TotalEnergy,0.061013009865124035
BW+Doppler,Mutual Information,274,doppler__wavelet-HH_glszm_SmallAreaEmphasis,[D] wavelet-HH_glszm_SmallAreaEmphasis,0.06099083505784275
BW+Doppler,Mutual Information,275,doppler__original_firstorder_Variance,[D] original_firstorder_Variance,0.060864785268699206
BW+Doppler,Mutual Information,276,bw__wavelet-HL_glcm_Id,[BW] wavelet-HL_glcm_Id,0.06038753313814604
BW+Doppler,Mutual Information,277,doppler__original_glcm_Idm,[D] original_glcm_Idm,0.06026681428692604
BW+Doppler,Mutual Information,278,bw__wavelet-HH_glszm_GrayLevelVariance,[BW] wavelet-HH_glszm_GrayLevelVariance,0.05996953003029559
BW+Doppler,Mutual Information,279,doppler__wavelet-LH_glrlm_RunLengthNonUniformity,[D] wavelet-LH_glrlm_RunLengthNonUniformity,0.05990522730390779
BW+Doppler,Mutual Information,280,doppler__original_gldm_HighGrayLevelEmphasis,[D] original_gldm_HighGrayLevelEmphasis,0.05988193991391744
BW+Doppler,Mutual Information,281,bw__wavelet-HH_gldm_SmallDependenceLowGrayLevelEmphasis,[BW] wavelet-HH_gldm_SmallDependenceLowGrayLevelEmphasis,0.05931411792450558
BW+Doppler,Mutual Information,282,doppler__wavelet-LL_glszm_ZoneEntropy,[D] wavelet-LL_glszm_ZoneEntropy,0.05927257960169374
BW+Doppler,Mutual Information,283,doppler__wavelet-LH_firstorder_Range,[D] wavelet-LH_firstorder_Range,0.05903943418368818
BW+Doppler,Mutual Information,284,bw__wavelet-HH_glcm_ClusterTendency,[BW] wavelet-HH_glcm_ClusterTendency,0.058848637609087096
BW+Doppler,Mutual Information,285,bw__wavelet-LH_firstorder_Maximum,[BW] wavelet-LH_firstorder_Maximum,0.058181120349671156
BW+Doppler,Mutual Information,286,bw__wavelet-LL_gldm_DependenceVariance,[BW] wavelet-LL_gldm_DependenceVariance,0.0579645026105291
BW+Doppler,Mutual Information,287,doppler__original_glcm_DifferenceEntropy,[D] original_glcm_DifferenceEntropy,0.057808136839367696
BW+Doppler,Mutual Information,288,doppler__wavelet-HL_glrlm_LongRunHighGrayLevelEmphasis,[D] wavelet-HL_glrlm_LongRunHighGrayLevelEmphasis,0.05773725630529869
BW+Doppler,Mutual Information,289,bw__wavelet-HH_glcm_MCC,[BW] wavelet-HH_glcm_MCC,0.05758525140271309
BW+Doppler,Mutual Information,290,doppler__original_glcm_ClusterShade,[D] original_glcm_ClusterShade,0.057421342932028274
BW+Doppler,Mutual Information,291,doppler__wavelet-LH_gldm_DependenceNonUniformityNormalized,[D] wavelet-LH_gldm_DependenceNonUniformityNormalized,0.05722677215316163
BW+Doppler,Mutual Information,292,bw__wavelet-HL_glrlm_ShortRunLowGrayLevelEmphasis,[BW] wavelet-HL_glrlm_ShortRunLowGrayLevelEmphasis,0.05680202467121176
BW+Doppler,Mutual Information,293,bw__wavelet-HL_glrlm_RunVariance,[BW] wavelet-HL_glrlm_RunVariance,0.05655396728585771
BW+Doppler,Mutual Information,294,bw__original_glcm_Idmn,[BW] original_glcm_Idmn,0.05643233579359119
BW+Doppler,Mutual Information,295,bw__wavelet-HH_glszm_LargeAreaHighGrayLevelEmphasis,[BW] wavelet-HH_glszm_LargeAreaHighGrayLevelEmphasis,0.05628238430937005
BW+Doppler,Mutual Information,296,doppler__original_firstorder_RootMeanSquared,[D] original_firstorder_RootMeanSquared,0.056222790826682356
BW+Doppler,Mutual Information,297,doppler__wavelet-HL_gldm_DependenceVariance,[D] wavelet-HL_gldm_DependenceVariance,0.0561524517063523
BW+Doppler,Mutual Information,298,doppler__wavelet-LH_glszm_LowGrayLevelZoneEmphasis,[D] wavelet-LH_glszm_LowGrayLevelZoneEmphasis,0.055983071344900104
BW+Doppler,Mutual Information,299,doppler__original_firstorder_Skewness,[D] original_firstorder_Skewness,0.05574502923219393
BW+Doppler,Mutual Information,300,doppler__wavelet-LL_glszm_ZonePercentage,[D] wavelet-LL_glszm_ZonePercentage,0.055656789587788635
BW+Doppler,Mutual Information,301,doppler__wavelet-HH_glcm_SumEntropy,[D] wavelet-HH_glcm_SumEntropy,0.055588230329438604
BW+Doppler,Mutual Information,302,doppler__wavelet-HL_firstorder_90Percentile,[D] wavelet-HL_firstorder_90Percentile,0.055442180906290606
BW+Doppler,Mutual Information,303,bw__wavelet-LL_glcm_Idn,[BW] wavelet-LL_glcm_Idn,0.055391506449421035
BW+Doppler,Mutual Information,304,bw__wavelet-HH_glcm_DifferenceVariance,[BW] wavelet-HH_glcm_DifferenceVariance,0.055323485085262414
BW+Doppler,Mutual Information,305,bw__wavelet-HL_firstorder_MeanAbsoluteDeviation,[BW] wavelet-HL_firstorder_MeanAbsoluteDeviation,0.05524904481092996
BW+Doppler,Mutual Information,306,bw__wavelet-LL_glszm_HighGrayLevelZoneEmphasis,[BW] wavelet-LL_glszm_HighGrayLevelZoneEmphasis,0.05509638176245102
BW+Doppler,Mutual Information,307,bw__wavelet-HL_glszm_LargeAreaEmphasis,[BW] wavelet-HL_glszm_LargeAreaEmphasis,0.054896904662028456
BW+Doppler,Mutual Information,308,bw__wavelet-LH_firstorder_MeanAbsoluteDeviation,[BW] wavelet-LH_firstorder_MeanAbsoluteDeviation,0.05466130902096333
BW+Doppler,Mutual Information,309,doppler__wavelet-LL_glszm_SmallAreaEmphasis,[D] wavelet-LL_glszm_SmallAreaEmphasis,0.0545983209299461
BW+Doppler,Mutual Information,310,bw__original_firstorder_Minimum,[BW] original_firstorder_Minimum,0.054570925866992415
BW+Doppler,Mutual Information,311,bw__wavelet-HL_glcm_Autocorrelation,[BW] wavelet-HL_glcm_Autocorrelation,0.05456165663180346
BW+Doppler,Mutual Information,312,doppler__wavelet-LL_glszm_LargeAreaEmphasis,[D] wavelet-LL_glszm_LargeAreaEmphasis,0.05452708147382812
BW+Doppler,Mutual Information,313,doppler__wavelet-HH_glszm_SmallAreaHighGrayLevelEmphasis,[D] wavelet-HH_glszm_SmallAreaHighGrayLevelEmphasis,0.05444010706370506
BW+Doppler,Mutual Information,314,bw__wavelet-HL_glcm_Contrast,[BW] wavelet-HL_glcm_Contrast,0.05435893462706942
BW+Doppler,Mutual Information,315,doppler__wavelet-HL_glszm_SmallAreaLowGrayLevelEmphasis,[D] wavelet-HL_glszm_SmallAreaLowGrayLevelEmphasis,0.054128527616869926
BW+Doppler,Mutual Information,316,doppler__original_glszm_GrayLevelNonUniformity,[D] original_glszm_GrayLevelNonUniformity,0.054085463021893654
BW+Doppler,Mutual Information,317,doppler__wavelet-HL_glrlm_RunLengthNonUniformityNormalized,[D] wavelet-HL_glrlm_RunLengthNonUniformityNormalized,0.05406556759408421
BW+Doppler,Mutual Information,318,doppler__wavelet-LL_glcm_ClusterShade,[D] wavelet-LL_glcm_ClusterShade,0.05401573078319788
BW+Doppler,Mutual Information,319,doppler__wavelet-LH_firstorder_Minimum,[D] wavelet-LH_firstorder_Minimum,0.053851856220605177
BW+Doppler,Mutual Information,320,doppler__wavelet-LH_ngtdm_Complexity,[D] wavelet-LH_ngtdm_Complexity,0.05379162807906912
BW+Doppler,Mutual Information,321,doppler__original_glrlm_GrayLevelNonUniformity,[D] original_glrlm_GrayLevelNonUniformity,0.05376207551884771
BW+Doppler,Mutual Information,322,doppler__original_glcm_DifferenceAverage,[D] original_glcm_DifferenceAverage,0.053709443746160046
BW+Doppler,Mutual Information,323,bw__wavelet-LH_glszm_ZonePercentage,[BW] wavelet-LH_glszm_ZonePercentage,0.05345206405293901
BW+Doppler,Mutual Information,324,bw__wavelet-LL_firstorder_Entropy,[BW] wavelet-LL_firstorder_Entropy,0.05325058394221327
BW+Doppler,Mutual Information,325,doppler__original_firstorder_Entropy,[D] original_firstorder_Entropy,0.05297867843390236
BW+Doppler,Mutual Information,326,bw__wavelet-LH_glszm_GrayLevelVariance,[BW] wavelet-LH_glszm_GrayLevelVariance,0.05288667438063466
BW+Doppler,Mutual Information,327,bw__wavelet-HL_glszm_ZoneVariance,[BW] wavelet-HL_glszm_ZoneVariance,0.05285258506152912
BW+Doppler,Mutual Information,328,bw__wavelet-HL_glcm_DifferenceVariance,[BW] wavelet-HL_glcm_DifferenceVariance,0.0528207358304158
BW+Doppler,Mutual Information,329,bw__wavelet-LL_firstorder_Maximum,[BW] wavelet-LL_firstorder_Maximum,0.05277076172487427
BW+Doppler,Mutual Information,330,bw__wavelet-LL_glcm_Imc1,[BW] wavelet-LL_glcm_Imc1,0.052648587210997855
BW+Doppler,Mutual Information,331,doppler__wavelet-LL_glcm_SumEntropy,[D] wavelet-LL_glcm_SumEntropy,0.05252602276326579
BW+Doppler,Mutual Information,332,bw__original_gldm_LargeDependenceHighGrayLevelEmphasis,[BW] original_gldm_LargeDependenceHighGrayLevelEmphasis,0.052353928910893854
BW+Doppler,Mutual Information,333,bw__wavelet-LL_glcm_SumAverage,[BW] wavelet-LL_glcm_SumAverage,0.05234753416783278
BW+Doppler,Mutual Information,334,bw__wavelet-LL_glcm_JointAverage,[BW] wavelet-LL_glcm_JointAverage,0.05234753416783278
BW+Doppler,Mutual Information,335,bw__wavelet-LH_gldm_GrayLevelNonUniformity,[BW] wavelet-LH_gldm_GrayLevelNonUniformity,0.05212507509889308
BW+Doppler,Mutual Information,336,bw__wavelet-HH_glrlm_LongRunHighGrayLevelEmphasis,[BW] wavelet-HH_glrlm_LongRunHighGrayLevelEmphasis,0.05207017009109416
BW+Doppler,Mutual Information,337,bw__wavelet-HH_glrlm_HighGrayLevelRunEmphasis,[BW] wavelet-HH_glrlm_HighGrayLevelRunEmphasis,0.05180976521261638
BW+Doppler,Mutual Information,338,doppler__wavelet-LL_glrlm_ShortRunLowGrayLevelEmphasis,[D] wavelet-LL_glrlm_ShortRunLowGrayLevelEmphasis,0.051664534597249734
BW+Doppler,Mutual Information,339,bw__wavelet-HH_gldm_LargeDependenceLowGrayLevelEmphasis,[BW] wavelet-HH_gldm_LargeDependenceLowGrayLevelEmphasis,0.05164114861528968
BW+Doppler,Mutual Information,340,bw__original_glrlm_ShortRunHighGrayLevelEmphasis,[BW] original_glrlm_ShortRunHighGrayLevelEmphasis,0.05143426072190005
BW+Doppler,Mutual Information,341,doppler__wavelet-LL_glcm_Id,[D] wavelet-LL_glcm_Id,0.05139079635394439
BW+Doppler,Mutual Information,342,bw__original_glszm_LargeAreaEmphasis,[BW] original_glszm_LargeAreaEmphasis,0.0513726194029096
BW+Doppler,Mutual Information,343,doppler__original_ngtdm_Strength,[D] original_ngtdm_Strength,0.05122644773049423
BW+Doppler,Mutual Information,344,doppler__wavelet-LL_glcm_DifferenceAverage,[D] wavelet-LL_glcm_DifferenceAverage,0.051122524663625324
BW+Doppler,Mutual Information,345,bw__wavelet-HH_firstorder_MeanAbsoluteDeviation,[BW] wavelet-HH_firstorder_MeanAbsoluteDeviation,0.05104249169512176
BW+Doppler,Mutual Information,346,bw__wavelet-LH_glcm_ClusterProminence,[BW] wavelet-LH_glcm_ClusterProminence,0.05096208324125184
BW+Doppler,Mutual Information,347,bw__wavelet-LH_gldm_LowGrayLevelEmphasis,[BW] wavelet-LH_gldm_LowGrayLevelEmphasis,0.050927916254881245
BW+Doppler,Mutual Information,348,doppler__wavelet-LL_glcm_Idm,[D] wavelet-LL_glcm_Idm,0.050773473307645256
BW+Doppler,Mutual Information,349,bw__wavelet-LH_firstorder_Minimum,[BW] wavelet-LH_firstorder_Minimum,0.050746698640540266
BW+Doppler,Mutual Information,350,bw__wavelet-HH_glcm_JointEntropy,[BW] wavelet-HH_glcm_JointEntropy,0.050693307010853506
BW+Doppler,Mutual Information,351,doppler__original_gldm_LargeDependenceHighGrayLevelEmphasis,[D] original_gldm_LargeDependenceHighGrayLevelEmphasis,0.05067597054006301
BW+Doppler,Mutual Information,352,bw__wavelet-HH_glcm_JointEnergy,[BW] wavelet-HH_glcm_JointEnergy,0.05056937384308302
BW+Doppler,Mutual Information,353,bw__wavelet-LL_gldm_LargeDependenceLowGrayLevelEmphasis,[BW] wavelet-LL_gldm_LargeDependenceLowGrayLevelEmphasis,0.05032510146667302
BW+Doppler,Mutual Information,354,doppler__wavelet-LL_gldm_SmallDependenceEmphasis,[D] wavelet-LL_gldm_SmallDependenceEmphasis,0.05021784910671312
BW+Doppler,Mutual Information,355,bw__wavelet-HH_glcm_Autocorrelation,[BW] wavelet-HH_glcm_Autocorrelation,0.050163082670912074
BW+Doppler,Mutual Information,356,doppler__wavelet-LL_firstorder_Minimum,[D] wavelet-LL_firstorder_Minimum,0.04944296409572835
BW+Doppler,Mutual Information,357,bw__original_glrlm_ShortRunEmphasis,[BW] original_glrlm_ShortRunEmphasis,0.04934614667124282
BW+Doppler,Mutual Information,358,doppler__wavelet-HL_firstorder_Kurtosis,[D] wavelet-HL_firstorder_Kurtosis,0.04924002297321506
BW+Doppler,Mutual Information,359,doppler__wavelet-LH_glrlm_RunLengthNonUniformityNormalized,[D] wavelet-LH_glrlm_RunLengthNonUniformityNormalized,0.04918123742209746
BW+Doppler,Mutual Information,360,doppler__wavelet-LH_gldm_DependenceNonUniformity,[D] wavelet-LH_gldm_DependenceNonUniformity,0.049157233279756296
BW+Doppler,Mutual Information,361,doppler__wavelet-LH_glcm_Idn,[D] wavelet-LH_glcm_Idn,0.04904865804531222
BW+Doppler,Mutual Information,362,bw__original_glcm_Contrast,[BW] original_glcm_Contrast,0.04883824942164905
BW+Doppler,Mutual Information,363,doppler__wavelet-HL_firstorder_Entropy,[D] wavelet-HL_firstorder_Entropy,0.0488252741915951
BW+Doppler,Mutual Information,364,doppler__wavelet-HH_firstorder_Kurtosis,[D] wavelet-HH_firstorder_Kurtosis,0.0487515611786582
BW+Doppler,Mutual Information,365,bw__original_firstorder_Entropy,[BW] original_firstorder_Entropy,0.04874844937941192
BW+Doppler,Mutual Information,366,doppler__wavelet-HH_gldm_LargeDependenceEmphasis,[D] wavelet-HH_gldm_LargeDependenceEmphasis,0.04864692462000075
BW+Doppler,Mutual Information,367,bw__wavelet-HH_glrlm_GrayLevelVariance,[BW] wavelet-HH_glrlm_GrayLevelVariance,0.04856594371106571
BW+Doppler,Mutual Information,368,doppler__wavelet-HH_glrlm_RunLengthNonUniformity,[D] wavelet-HH_glrlm_RunLengthNonUniformity,0.04852606036836482
BW+Doppler,Mutual Information,369,bw__wavelet-HL_glszm_SizeZoneNonUniformity,[BW] wavelet-HL_glszm_SizeZoneNonUniformity,0.04848446658237293
BW+Doppler,Mutual Information,370,doppler__wavelet-HL_glszm_SizeZoneNonUniformityNormalized,[D] wavelet-HL_glszm_SizeZoneNonUniformityNormalized,0.04805667642804612
BW+Doppler,Mutual Information,371,doppler__wavelet-HL_gldm_GrayLevelNonUniformity,[D] wavelet-HL_gldm_GrayLevelNonUniformity,0.04800952152456239
BW+Doppler,Mutual Information,372,bw__wavelet-LH_glrlm_GrayLevelVariance,[BW] wavelet-LH_glrlm_GrayLevelVariance,0.0479165577722227
BW+Doppler,Mutual Information,373,bw__wavelet-HL_gldm_GrayLevelNonUniformity,[BW] wavelet-HL_gldm_GrayLevelNonUniformity,0.04784826509934392
BW+Doppler,Mutual Information,374,doppler__wavelet-LL_firstorder_MeanAbsoluteDeviation,[D] wavelet-LL_firstorder_MeanAbsoluteDeviation,0.04757724334368918
BW+Doppler,Mutual Information,375,doppler__wavelet-LL_ngtdm_Contrast,[D] wavelet-LL_ngtdm_Contrast,0.047369245147422356
BW+Doppler,Mutual Information,376,doppler__original_glcm_Contrast,[D] original_glcm_Contrast,0.04733620189860255
BW+Doppler,Mutual Information,377,doppler__wavelet-HH_glszm_GrayLevelNonUniformityNormalized,[D] wavelet-HH_glszm_GrayLevelNonUniformityNormalized,0.04697155967542477
BW+Doppler,Mutual Information,378,bw__wavelet-LL_gldm_SmallDependenceEmphasis,[BW] wavelet-LL_gldm_SmallDependenceEmphasis,0.04694310246330691
BW+Doppler,Mutual Information,379,bw__wavelet-HL_glcm_DifferenceAverage,[BW] wavelet-HL_glcm_DifferenceAverage,0.04686217900077594
BW+Doppler,Mutual Information,380,bw__original_firstorder_Skewness,[BW] original_firstorder_Skewness,0.04681402192597606
BW+Doppler,Mutual Information,381,doppler__wavelet-LH_firstorder_10Percentile,[D] wavelet-LH_firstorder_10Percentile,0.04677533672906753
BW+Doppler,Mutual Information,382,doppler__wavelet-LH_glszm_GrayLevelNonUniformity,[D] wavelet-LH_glszm_GrayLevelNonUniformity,0.04674966887108378
BW+Doppler,Mutual Information,383,bw__wavelet-LL_gldm_DependenceNonUniformity,[BW] wavelet-LL_gldm_DependenceNonUniformity,0.046701407029069886
BW+Doppler,Mutual Information,384,doppler__wavelet-LL_firstorder_Skewness,[D] wavelet-LL_firstorder_Skewness,0.04666566904989211
BW+Doppler,Mutual Information,385,doppler__original_glcm_JointEnergy,[D] original_glcm_JointEnergy,0.046604088273197286
BW+Doppler,Mutual Information,386,doppler__wavelet-HL_glcm_JointEntropy,[D] wavelet-HL_glcm_JointEntropy,0.046551770116946445
BW+Doppler,Mutual Information,387,bw__wavelet-HL_firstorder_10Percentile,[BW] wavelet-HL_firstorder_10Percentile,0.046540917412202454
BW+Doppler,Mutual Information,388,bw__wavelet-HL_glcm_SumAverage,[BW] wavelet-HL_glcm_SumAverage,0.0464538054746777
BW+Doppler,Mutual Information,389,bw__wavelet-HL_glcm_JointAverage,[BW] wavelet-HL_glcm_JointAverage,0.0464538054746777
BW+Doppler,Mutual Information,390,doppler__original_glrlm_RunVariance,[D] original_glrlm_RunVariance,0.04618372883880628
BW+Doppler,Mutual Information,391,doppler__wavelet-LL_gldm_SmallDependenceLowGrayLevelEmphasis,[D] wavelet-LL_gldm_SmallDependenceLowGrayLevelEmphasis,0.046149398239244466
BW+Doppler,Mutual Information,392,doppler__original_glszm_ZonePercentage,[D] original_glszm_ZonePercentage,0.046121580091832426
BW+Doppler,Mutual Information,393,bw__original_glcm_Imc2,[BW] original_glcm_Imc2,0.046118218341824946
BW+Doppler,Mutual Information,394,bw__wavelet-HL_glrlm_RunLengthNonUniformityNormalized,[BW] wavelet-HL_glrlm_RunLengthNonUniformityNormalized,0.04602775917767277
BW+Doppler,Mutual Information,395,doppler__wavelet-HL_glcm_Imc2,[D] wavelet-HL_glcm_Imc2,0.04601365616151076
BW+Doppler,Mutual Information,396,doppler__wavelet-LL_glrlm_RunEntropy,[D] wavelet-LL_glrlm_RunEntropy,0.04596044770118479
BW+Doppler,Mutual Information,397,bw__original_glszm_LowGrayLevelZoneEmphasis,[BW] original_glszm_LowGrayLevelZoneEmphasis,0.045948359140535855
BW+Doppler,Mutual Information,398,doppler__original_glcm_SumAverage,[D] original_glcm_SumAverage,0.04589432224330681
BW+Doppler,Mutual Information,399,doppler__original_glcm_JointAverage,[D] original_glcm_JointAverage,0.04589432224330681
BW+Doppler,Mutual Information,400,bw__wavelet-LH_glcm_Autocorrelation,[BW] wavelet-LH_glcm_Autocorrelation,0.045729240178809416
BW+Doppler,Mutual Information,401,doppler__wavelet-LL_glszm_HighGrayLevelZoneEmphasis,[D] wavelet-LL_glszm_HighGrayLevelZoneEmphasis,0.04571648363902758
BW+Doppler,Mutual Information,402,bw__original_glrlm_ShortRunLowGrayLevelEmphasis,[BW] original_glrlm_ShortRunLowGrayLevelEmphasis,0.04533472930342208
BW+Doppler,Mutual Information,403,bw__wavelet-HL_glszm_HighGrayLevelZoneEmphasis,[BW] wavelet-HL_glszm_HighGrayLevelZoneEmphasis,0.045189869080988654
BW+Doppler,Mutual Information,404,bw__wavelet-HH_firstorder_RobustMeanAbsoluteDeviation,[BW] wavelet-HH_firstorder_RobustMeanAbsoluteDeviation,0.04514214059329813
BW+Doppler,Mutual Information,405,doppler__wavelet-HH_firstorder_Variance,[D] wavelet-HH_firstorder_Variance,0.04512425001990916
BW+Doppler,Mutual Information,406,doppler__wavelet-LL_firstorder_Uniformity,[D] wavelet-LL_firstorder_Uniformity,0.045087696282099854
BW+Doppler,Mutual Information,407,doppler__wavelet-HH_gldm_GrayLevelVariance,[D] wavelet-HH_gldm_GrayLevelVariance,0.04508198258256546
BW+Doppler,Mutual Information,408,bw__wavelet-LL_glcm_DifferenceAverage,[BW] wavelet-LL_glcm_DifferenceAverage,0.045025582069083914
BW+Doppler,Mutual Information,409,doppler__original_glszm_SmallAreaHighGrayLevelEmphasis,[D] original_glszm_SmallAreaHighGrayLevelEmphasis,0.04474811826107339
BW+Doppler,Mutual Information,410,bw__original_glszm_LargeAreaHighGrayLevelEmphasis,[BW] original_glszm_LargeAreaHighGrayLevelEmphasis,0.0443782907239656
BW+Doppler,Mutual Information,411,doppler__wavelet-HL_glcm_SumSquares,[D] wavelet-HL_glcm_SumSquares,0.04435552714366198
BW+Doppler,Mutual Information,412,bw__original_glcm_SumSquares,[BW] original_glcm_SumSquares,0.04418304762860048
BW+Doppler,Mutual Information,413,doppler__wavelet-HH_firstorder_InterquartileRange,[D] wavelet-HH_firstorder_InterquartileRange,0.044019262130339465
BW+Doppler,Mutual Information,414,bw__wavelet-HH_gldm_HighGrayLevelEmphasis,[BW] wavelet-HH_gldm_HighGrayLevelEmphasis,0.0438261165628151
BW+Doppler,Mutual Information,415,doppler__wavelet-LH_glcm_Imc1,[D] wavelet-LH_glcm_Imc1,0.043804002936938424
BW+Doppler,Mutual Information,416,doppler__wavelet-LH_glcm_JointAverage,[D] wavelet-LH_glcm_JointAverage,0.04361808260861144
BW+Doppler,Mutual Information,417,doppler__wavelet-LH_glcm_SumAverage,[D] wavelet-LH_glcm_SumAverage,0.04361808260861144
BW+Doppler,Mutual Information,418,bw__wavelet-HH_firstorder_Kurtosis,[BW] wavelet-HH_firstorder_Kurtosis,0.04346005042311707
BW+Doppler,Mutual Information,419,doppler__original_ngtdm_Busyness,[D] original_ngtdm_Busyness,0.043442413552051695
BW+Doppler,Mutual Information,420,doppler__original_gldm_DependenceEntropy,[D] original_gldm_DependenceEntropy,0.043389719704213014
BW+Doppler,Mutual Information,421,bw__original_gldm_HighGrayLevelEmphasis,[BW] original_gldm_HighGrayLevelEmphasis,0.04331550073511914
BW+Doppler,Mutual Information,422,doppler__wavelet-LL_glcm_JointEnergy,[D] wavelet-LL_glcm_JointEnergy,0.043008852146566356
BW+Doppler,Mutual Information,423,doppler__wavelet-HL_glcm_Id,[D] wavelet-HL_glcm_Id,0.0429937597873995
BW+Doppler,Mutual Information,424,bw__original_gldm_DependenceEntropy,[BW] original_gldm_DependenceEntropy,0.04285283248477234
BW+Doppler,Mutual Information,425,bw__wavelet-LH_glrlm_ShortRunEmphasis,[BW] wavelet-LH_glrlm_ShortRunEmphasis,0.04282746185342923
BW+Doppler,Mutual Information,426,bw__original_glcm_ClusterShade,[BW] original_glcm_ClusterShade,0.04274097440117686
BW+Doppler,Mutual Information,427,doppler__original_glrlm_LongRunLowGrayLevelEmphasis,[D] original_glrlm_LongRunLowGrayLevelEmphasis,0.04273446817775173
BW+Doppler,Mutual Information,428,doppler__wavelet-HH_firstorder_RootMeanSquared,[D] wavelet-HH_firstorder_RootMeanSquared,0.042299655762730426
BW+Doppler,Mutual Information,429,bw__wavelet-LH_glrlm_ShortRunLowGrayLevelEmphasis,[BW] wavelet-LH_glrlm_ShortRunLowGrayLevelEmphasis,0.0422582379751133
BW+Doppler,Mutual Information,430,bw__original_glszm_ZoneEntropy,[BW] original_glszm_ZoneEntropy,0.042079582374605407
BW+Doppler,Mutual Information,431,bw__original_firstorder_Kurtosis,[BW] original_firstorder_Kurtosis,0.04174352421323824
BW+Doppler,Mutual Information,432,doppler__wavelet-LH_gldm_DependenceVariance,[D] wavelet-LH_gldm_DependenceVariance,0.04171224116841965
BW+Doppler,Mutual Information,433,doppler__wavelet-LL_glrlm_GrayLevelNonUniformityNormalized,[D] wavelet-LL_glrlm_GrayLevelNonUniformityNormalized,0.041635991530911465
BW+Doppler,Mutual Information,434,doppler__wavelet-HH_glszm_ZoneVariance,[D] wavelet-HH_glszm_ZoneVariance,0.0416041228968842
BW+Doppler,Mutual Information,435,doppler__wavelet-HH_glcm_JointEntropy,[D] wavelet-HH_glcm_JointEntropy,0.04138303468422322
BW+Doppler,Mutual Information,436,doppler__wavelet-HL_firstorder_Maximum,[D] wavelet-HL_firstorder_Maximum,0.04135310378346202
BW+Doppler,Mutual Information,437,bw__wavelet-HH_gldm_DependenceVariance,[BW] wavelet-HH_gldm_DependenceVariance,0.0413462184192841
BW+Doppler,Mutual Information,438,bw__wavelet-HL_glcm_DifferenceEntropy,[BW] wavelet-HL_glcm_DifferenceEntropy,0.04127891901887892
BW+Doppler,Mutual Information,439,bw__original_glrlm_RunPercentage,[BW] original_glrlm_RunPercentage,0.04068687658959913
BW+Doppler,Mutual Information,440,doppler__wavelet-LH_firstorder_Median,[D] wavelet-LH_firstorder_Median,0.04063752322624925
BW+Doppler,Mutual Information,441,bw__wavelet-HL_glcm_ClusterTendency,[BW] wavelet-HL_glcm_ClusterTendency,0.04062818436868154
BW+Doppler,Mutual Information,442,bw__original_glcm_ClusterTendency,[BW] original_glcm_ClusterTendency,0.040547340214192706
BW+Doppler,Mutual Information,443,bw__wavelet-HL_glcm_Idm,[BW] wavelet-HL_glcm_Idm,0.04037228119081937
BW+Doppler,Mutual Information,444,bw__wavelet-HL_firstorder_Uniformity,[BW] wavelet-HL_firstorder_Uniformity,0.04031435861880839
BW+Doppler,Mutual Information,445,doppler__wavelet-HH_glszm_LargeAreaEmphasis,[D] wavelet-HH_glszm_LargeAreaEmphasis,0.04019962851486181
BW+Doppler,Mutual Information,446,bw__wavelet-LL_glrlm_RunPercentage,[BW] wavelet-LL_glrlm_RunPercentage,0.04009198081224774
BW+Doppler,Mutual Information,447,bw__wavelet-LH_gldm_SmallDependenceEmphasis,[BW] wavelet-LH_gldm_SmallDependenceEmphasis,0.039861664061312085
BW+Doppler,Mutual Information,448,bw__wavelet-HH_glszm_SmallAreaHighGrayLevelEmphasis,[BW] wavelet-HH_glszm_SmallAreaHighGrayLevelEmphasis,0.03976072328793889
BW+Doppler,Mutual Information,449,doppler__wavelet-HH_glcm_JointEnergy,[D] wavelet-HH_glcm_JointEnergy,0.03962256078970028
BW+Doppler,Mutual Information,450,doppler__wavelet-LH_glszm_SizeZoneNonUniformityNormalized,[D] wavelet-LH_glszm_SizeZoneNonUniformityNormalized,0.03932578728920122
BW+Doppler,Mutual Information,451,bw__original_glszm_SmallAreaEmphasis,[BW] original_glszm_SmallAreaEmphasis,0.03912231472265204
BW+Doppler,Mutual Information,452,doppler__wavelet-HL_firstorder_TotalEnergy,[D] wavelet-HL_firstorder_TotalEnergy,0.03900587902389874
BW+Doppler,Mutual Information,453,doppler__wavelet-HL_firstorder_Energy,[D] wavelet-HL_firstorder_Energy,0.03900587902389874
BW+Doppler,Mutual Information,454,doppler__original_glrlm_RunLengthNonUniformity,[D] original_glrlm_RunLengthNonUniformity,0.038991528247753315
BW+Doppler,Mutual Information,455,bw__wavelet-LH_glszm_ZoneEntropy,[BW] wavelet-LH_glszm_ZoneEntropy,0.03881710196264043
BW+Doppler,Mutual Information,456,bw__wavelet-HH_gldm_LargeDependenceEmphasis,[BW] wavelet-HH_gldm_LargeDependenceEmphasis,0.0387735127995652
BW+Doppler,Mutual Information,457,doppler__wavelet-LH_glszm_LargeAreaEmphasis,[D] wavelet-LH_glszm_LargeAreaEmphasis,0.038645233888454866
BW+Doppler,Mutual Information,458,bw__wavelet-HL_glrlm_GrayLevelNonUniformity,[BW] wavelet-HL_glrlm_GrayLevelNonUniformity,0.03853789220807946
BW+Doppler,Mutual Information,459,bw__wavelet-LL_glrlm_GrayLevelNonUniformityNormalized,[BW] wavelet-LL_glrlm_GrayLevelNonUniformityNormalized,0.03843952844015486
BW+Doppler,Mutual Information,460,doppler__wavelet-LH_glszm_ZoneVariance,[D] wavelet-LH_glszm_ZoneVariance,0.03840020737938343
BW+Doppler,Mutual Information,461,bw__wavelet-LH_glrlm_HighGrayLevelRunEmphasis,[BW] wavelet-LH_glrlm_HighGrayLevelRunEmphasis,0.03811618547301432
BW+Doppler,Mutual Information,462,bw__wavelet-HL_ngtdm_Contrast,[BW] wavelet-HL_ngtdm_Contrast,0.03790714620424729
BW+Doppler,Mutual Information,463,doppler__wavelet-LH_glszm_LargeAreaHighGrayLevelEmphasis,[D] wavelet-LH_glszm_LargeAreaHighGrayLevelEmphasis,0.03764509914918879
BW+Doppler,Mutual Information,464,doppler__original_firstorder_TotalEnergy,[D] original_firstorder_TotalEnergy,0.0376185819449224
BW+Doppler,Mutual Information,465,doppler__original_firstorder_Energy,[D] original_firstorder_Energy,0.0376185819449224
BW+Doppler,Mutual Information,466,bw__wavelet-LH_firstorder_Kurtosis,[BW] wavelet-LH_firstorder_Kurtosis,0.037456533094658795
BW+Doppler,Mutual Information,467,bw__wavelet-HL_firstorder_RobustMeanAbsoluteDeviation,[BW] wavelet-HL_firstorder_RobustMeanAbsoluteDeviation,0.0374501234452469
BW+Doppler,Mutual Information,468,bw__original_gldm_DependenceVariance,[BW] original_gldm_DependenceVariance,0.03732245838767789
BW+Doppler,Mutual Information,469,bw__original_ngtdm_Coarseness,[BW] original_ngtdm_Coarseness,0.03715669213378381
BW+Doppler,Mutual Information,470,bw__wavelet-LH_firstorder_10Percentile,[BW] wavelet-LH_firstorder_10Percentile,0.03702547903162512
BW+Doppler,Mutual Information,471,bw__wavelet-HL_glcm_JointEntropy,[BW] wavelet-HL_glcm_JointEntropy,0.036622433971870594
BW+Doppler,Mutual Information,472,bw__wavelet-LH_glcm_MCC,[BW] wavelet-LH_glcm_MCC,0.036486512426211704
BW+Doppler,Mutual Information,473,doppler__wavelet-HH_glcm_SumAverage,[D] wavelet-HH_glcm_SumAverage,0.03636376342564862
BW+Doppler,Mutual Information,474,doppler__wavelet-HH_glcm_JointAverage,[D] wavelet-HH_glcm_JointAverage,0.03636376342564862
BW+Doppler,Mutual Information,475,doppler__wavelet-HL_glrlm_LongRunLowGrayLevelEmphasis,[D] wavelet-HL_glrlm_LongRunLowGrayLevelEmphasis,0.03626364851811914
BW+Doppler,Mutual Information,476,doppler__wavelet-LH_glcm_ClusterShade,[D] wavelet-LH_glcm_ClusterShade,0.0361912810540177
BW+Doppler,Mutual Information,477,bw__wavelet-LH_glszm_SmallAreaEmphasis,[BW] wavelet-LH_glszm_SmallAreaEmphasis,0.03616267863586953
BW+Doppler,Mutual Information,478,bw__wavelet-LL_gldm_SmallDependenceLowGrayLevelEmphasis,[BW] wavelet-LL_gldm_SmallDependenceLowGrayLevelEmphasis,0.03611988614573658
BW+Doppler,Mutual Information,479,bw__wavelet-HH_glszm_HighGrayLevelZoneEmphasis,[BW] wavelet-HH_glszm_HighGrayLevelZoneEmphasis,0.03610375415666156
BW+Doppler,Mutual Information,480,bw__wavelet-HH_glcm_SumSquares,[BW] wavelet-HH_glcm_SumSquares,0.036062923234432276
BW+Doppler,Mutual Information,481,doppler__wavelet-HL_glszm_SizeZoneNonUniformity,[D] wavelet-HL_glszm_SizeZoneNonUniformity,0.03594732880238394
BW+Doppler,Mutual Information,482,doppler__original_glcm_Id,[D] original_glcm_Id,0.03574925602122114
BW+Doppler,Mutual Information,483,doppler__wavelet-HH_glcm_Correlation,[D] wavelet-HH_glcm_Correlation,0.03566781383994733
BW+Doppler,Mutual Information,484,doppler__wavelet-LH_glszm_SmallAreaHighGrayLevelEmphasis,[D] wavelet-LH_glszm_SmallAreaHighGrayLevelEmphasis,0.03565405096362273
BW+Doppler,Mutual Information,485,doppler__wavelet-HH_glcm_Idmn,[D] wavelet-HH_glcm_Idmn,0.03555345161071033
BW+Doppler,Mutual Information,486,doppler__wavelet-HH_glcm_DifferenceVariance,[D] wavelet-HH_glcm_DifferenceVariance,0.03550901145730201
BW+Doppler,Mutual Information,487,doppler__wavelet-LL_gldm_GrayLevelNonUniformity,[D] wavelet-LL_gldm_GrayLevelNonUniformity,0.035470787073019316
BW+Doppler,Mutual Information,488,bw__wavelet-LL_gldm_DependenceNonUniformityNormalized,[BW] wavelet-LL_gldm_DependenceNonUniformityNormalized,0.035437747137812003
BW+Doppler,Mutual Information,489,bw__wavelet-LH_firstorder_Uniformity,[BW] wavelet-LH_firstorder_Uniformity,0.03537292119786262
BW+Doppler,Mutual Information,490,doppler__wavelet-LL_glcm_MaximumProbability,[D] wavelet-LL_glcm_MaximumProbability,0.035261968114200126
BW+Doppler,Mutual Information,491,bw__wavelet-LH_gldm_SmallDependenceHighGrayLevelEmphasis,[BW] wavelet-LH_gldm_SmallDependenceHighGrayLevelEmphasis,0.03512618292175307
BW+Doppler,Mutual Information,492,bw__wavelet-LL_ngtdm_Complexity,[BW] wavelet-LL_ngtdm_Complexity,0.0349915243944523
BW+Doppler,Mutual Information,493,bw__wavelet-LL_glcm_Idmn,[BW] wavelet-LL_glcm_Idmn,0.03489416325949235
BW+Doppler,Mutual Information,494,doppler__original_firstorder_Mean,[D] original_firstorder_Mean,0.03487501235816093
BW+Doppler,Mutual Information,495,doppler__wavelet-HH_glcm_Idn,[D] wavelet-HH_glcm_Idn,0.03484226681988245
BW+Doppler,Mutual Information,496,doppler__wavelet-HH_glszm_SizeZoneNonUniformityNormalized,[D] wavelet-HH_glszm_SizeZoneNonUniformityNormalized,0.03471544812156058
BW+Doppler,Mutual Information,497,bw__wavelet-HL_glrlm_GrayLevelNonUniformityNormalized,[BW] wavelet-HL_glrlm_GrayLevelNonUniformityNormalized,0.0346926628987978
BW+Doppler,Mutual Information,498,doppler__original_glcm_Imc1,[D] original_glcm_Imc1,0.03429283013183726
BW+Doppler,Mutual Information,499,bw__wavelet-HL_glcm_SumSquares,[BW] wavelet-HL_glcm_SumSquares,0.03384941169376954
BW+Doppler,Mutual Information,500,bw__wavelet-HL_gldm_LargeDependenceEmphasis,[BW] wavelet-HL_gldm_LargeDependenceEmphasis,0.03372010387192037
BW+Doppler,Mutual Information,501,doppler__original_glcm_DifferenceVariance,[D] original_glcm_DifferenceVariance,0.033569512867090534
BW+Doppler,Mutual Information,502,doppler__wavelet-HL_glcm_JointEnergy,[D] wavelet-HL_glcm_JointEnergy,0.03337481893650418
BW+Doppler,Mutual Information,503,doppler__wavelet-LL_gldm_LargeDependenceLowGrayLevelEmphasis,[D] wavelet-LL_gldm_LargeDependenceLowGrayLevelEmphasis,0.033337610181429334
BW+Doppler,Mutual Information,504,bw__original_firstorder_10Percentile,[BW] original_firstorder_10Percentile,0.03333338191427204
BW+Doppler,Mutual Information,505,doppler__wavelet-HH_glszm_ZoneEntropy,[D] wavelet-HH_glszm_ZoneEntropy,0.03283512390760768
BW+Doppler,Mutual Information,506,bw__wavelet-LL_glszm_ZoneVariance,[BW] wavelet-LL_glszm_ZoneVariance,0.03278621581720209
BW+Doppler,Mutual Information,507,doppler__wavelet-LH_gldm_LargeDependenceHighGrayLevelEmphasis,[D] wavelet-LH_gldm_LargeDependenceHighGrayLevelEmphasis,0.03270041664837042
BW+Doppler,Mutual Information,508,doppler__wavelet-LL_glszm_LargeAreaLowGrayLevelEmphasis,[D] wavelet-LL_glszm_LargeAreaLowGrayLevelEmphasis,0.03266288796241712
BW+Doppler,Mutual Information,509,bw__wavelet-LH_glcm_JointAverage,[BW] wavelet-LH_glcm_JointAverage,0.032625967563892244
BW+Doppler,Mutual Information,510,bw__wavelet-LH_glcm_SumAverage,[BW] wavelet-LH_glcm_SumAverage,0.032625967563892244
BW+Doppler,Mutual Information,511,doppler__wavelet-HH_gldm_SmallDependenceLowGrayLevelEmphasis,[D] wavelet-HH_gldm_SmallDependenceLowGrayLevelEmphasis,0.0326209518383227
BW+Doppler,Mutual Information,512,doppler__wavelet-LL_glszm_SizeZoneNonUniformity,[D] wavelet-LL_glszm_SizeZoneNonUniformity,0.032617817009081396
BW+Doppler,Mutual Information,513,bw__wavelet-HH_glrlm_GrayLevelNonUniformityNormalized,[BW] wavelet-HH_glrlm_GrayLevelNonUniformityNormalized,0.03255722239648828
BW+Doppler,Mutual Information,514,doppler__original_glrlm_HighGrayLevelRunEmphasis,[D] original_glrlm_HighGrayLevelRunEmphasis,0.032381874952769785
BW+Doppler,Mutual Information,515,doppler__wavelet-HH_firstorder_MeanAbsoluteDeviation,[D] wavelet-HH_firstorder_MeanAbsoluteDeviation,0.032201193693845775
BW+Doppler,Mutual Information,516,doppler__wavelet-HH_ngtdm_Contrast,[D] wavelet-HH_ngtdm_Contrast,0.03196098446487228
BW+Doppler,Mutual Information,517,doppler__original_glcm_Correlation,[D] original_glcm_Correlation,0.03192979385276873
BW+Doppler,Mutual Information,518,doppler__wavelet-LL_glrlm_GrayLevelVariance,[D] wavelet-LL_glrlm_GrayLevelVariance,0.03185719642169049
BW+Doppler,Mutual Information,519,bw__wavelet-LL_glcm_MCC,[BW] wavelet-LL_glcm_MCC,0.03183459122841925
BW+Doppler,Mutual Information,520,bw__wavelet-LL_glcm_ClusterProminence,[BW] wavelet-LL_glcm_ClusterProminence,0.031528511712815455
BW+Doppler,Mutual Information,521,doppler__original_gldm_SmallDependenceHighGrayLevelEmphasis,[D] original_gldm_SmallDependenceHighGrayLevelEmphasis,0.03152265761139761
BW+Doppler,Mutual Information,522,bw__wavelet-LL_firstorder_InterquartileRange,[BW] wavelet-LL_firstorder_InterquartileRange,0.03137383752941081
BW+Doppler,Mutual Information,523,doppler__wavelet-HL_glrlm_ShortRunHighGrayLevelEmphasis,[D] wavelet-HL_glrlm_ShortRunHighGrayLevelEmphasis,0.03132200889612147
BW+Doppler,Mutual Information,524,doppler__wavelet-HH_glszm_LargeAreaHighGrayLevelEmphasis,[D] wavelet-HH_glszm_LargeAreaHighGrayLevelEmphasis,0.031195079113705892
BW+Doppler,Mutual Information,525,doppler__wavelet-LH_glrlm_ShortRunLowGrayLevelEmphasis,[D] wavelet-LH_glrlm_ShortRunLowGrayLevelEmphasis,0.031062915184226103
BW+Doppler,Mutual Information,526,doppler__wavelet-HL_ngtdm_Busyness,[D] wavelet-HL_ngtdm_Busyness,0.030861402912547797
BW+Doppler,Mutual Information,527,bw__wavelet-HL_glrlm_RunLengthNonUniformity,[BW] wavelet-HL_glrlm_RunLengthNonUniformity,0.03079157952485656
BW+Doppler,Mutual Information,528,doppler__wavelet-HH_glcm_ClusterShade,[D] wavelet-HH_glcm_ClusterShade,0.030735642397007323
BW+Doppler,Mutual Information,529,doppler__wavelet-LH_firstorder_InterquartileRange,[D] wavelet-LH_firstorder_InterquartileRange,0.030669995108739023
BW+Doppler,Mutual Information,530,bw__original_glcm_JointEnergy,[BW] original_glcm_JointEnergy,0.030562256398354748
BW+Doppler,Mutual Information,531,doppler__wavelet-HL_firstorder_Variance,[D] wavelet-HL_firstorder_Variance,0.030530730422388963
BW+Doppler,Mutual Information,532,doppler__wavelet-HH_glrlm_LongRunEmphasis,[D] wavelet-HH_glrlm_LongRunEmphasis,0.03044522414710671
BW+Doppler,Mutual Information,533,doppler__original_firstorder_MeanAbsoluteDeviation,[D] original_firstorder_MeanAbsoluteDeviation,0.030367509275891713
BW+Doppler,Mutual Information,534,doppler__wavelet-LL_gldm_DependenceNonUniformity,[D] wavelet-LL_gldm_DependenceNonUniformity,0.03035123344105206
BW+Doppler,Mutual Information,535,doppler__wavelet-LL_firstorder_RobustMeanAbsoluteDeviation,[D] wavelet-LL_firstorder_RobustMeanAbsoluteDeviation,0.030319687247732263
BW+Doppler,Mutual Information,536,bw__original_glcm_Id,[BW] original_glcm_Id,0.03030287701161538
BW+Doppler,Mutual Information,537,doppler__original_glrlm_ShortRunHighGrayLevelEmphasis,[D] original_glrlm_ShortRunHighGrayLevelEmphasis,0.029795253907701325
BW+Doppler,Mutual Information,538,bw__wavelet-LL_glrlm_RunVariance,[BW] wavelet-LL_glrlm_RunVariance,0.029667100977865957
BW+Doppler,Mutual Information,539,doppler__wavelet-HL_firstorder_RobustMeanAbsoluteDeviation,[D] wavelet-HL_firstorder_RobustMeanAbsoluteDeviation,0.029429474668908773
BW+Doppler,Mutual Information,540,doppler__wavelet-LL_glrlm_LowGrayLevelRunEmphasis,[D] wavelet-LL_glrlm_LowGrayLevelRunEmphasis,0.02939716395966152
BW+Doppler,Mutual Information,541,bw__wavelet-LH_glcm_ClusterShade,[BW] wavelet-LH_glcm_ClusterShade,0.029343133995941795
BW+Doppler,Mutual Information,542,doppler__original_glrlm_GrayLevelNonUniformityNormalized,[D] original_glrlm_GrayLevelNonUniformityNormalized,0.029205515702213525
BW+Doppler,Mutual Information,543,doppler__wavelet-HL_firstorder_RootMeanSquared,[D] wavelet-HL_firstorder_RootMeanSquared,0.02913379164111496
BW+Doppler,Mutual Information,544,doppler__wavelet-LL_firstorder_Mean,[D] wavelet-LL_firstorder_Mean,0.029090083002542455
BW+Doppler,Mutual Information,545,doppler__wavelet-HL_firstorder_Uniformity,[D] wavelet-HL_firstorder_Uniformity,0.029078690946514163
BW+Doppler,Mutual Information,546,doppler__wavelet-LL_glszm_GrayLevelNonUniformityNormalized,[D] wavelet-LL_glszm_GrayLevelNonUniformityNormalized,0.029034311889410302
BW+Doppler,Mutual Information,547,bw__wavelet-HL_firstorder_InterquartileRange,[BW] wavelet-HL_firstorder_InterquartileRange,0.02901158352394173
BW+Doppler,Mutual Information,548,bw__wavelet-LL_glrlm_ShortRunEmphasis,[BW] wavelet-LL_glrlm_ShortRunEmphasis,0.028901786546777775
BW+Doppler,Mutual Information,549,bw__original_firstorder_MeanAbsoluteDeviation,[BW] original_firstorder_MeanAbsoluteDeviation,0.028645261486228035
BW+Doppler,Mutual Information,550,bw__wavelet-HH_firstorder_Maximum,[BW] wavelet-HH_firstorder_Maximum,0.028641230706989873
BW+Doppler,Mutual Information,551,bw__original_glcm_SumEntropy,[BW] original_glcm_SumEntropy,0.02860030106675393
BW+Doppler,Mutual Information,552,doppler__wavelet-LL_gldm_DependenceVariance,[D] wavelet-LL_gldm_DependenceVariance,0.028501995777860056
BW+Doppler,Mutual Information,553,doppler__wavelet-HL_gldm_GrayLevelVariance,[D] wavelet-HL_gldm_GrayLevelVariance,0.028459630795022894
BW+Doppler,Mutual Information,554,bw__wavelet-LH_glszm_SmallAreaLowGrayLevelEmphasis,[BW] wavelet-LH_glszm_SmallAreaLowGrayLevelEmphasis,0.028341704188857397
BW+Doppler,Mutual Information,555,bw__wavelet-HL_glszm_GrayLevelNonUniformityNormalized,[BW] wavelet-HL_glszm_GrayLevelNonUniformityNormalized,0.02830876901490398
BW+Doppler,Mutual Information,556,bw__wavelet-HL_gldm_DependenceNonUniformityNormalized,[BW] wavelet-HL_gldm_DependenceNonUniformityNormalized,0.028300466521387513
BW+Doppler,Mutual Information,557,bw__original_glszm_SmallAreaLowGrayLevelEmphasis,[BW] original_glszm_SmallAreaLowGrayLevelEmphasis,0.02826332935276743
BW+Doppler,Mutual Information,558,doppler__wavelet-HH_glcm_ClusterTendency,[D] wavelet-HH_glcm_ClusterTendency,0.028247250048849537
BW+Doppler,Mutual Information,559,bw__wavelet-LH_glrlm_GrayLevelNonUniformityNormalized,[BW] wavelet-LH_glrlm_GrayLevelNonUniformityNormalized,0.028023252044914848
BW+Doppler,Mutual Information,560,bw__original_firstorder_RobustMeanAbsoluteDeviation,[BW] original_firstorder_RobustMeanAbsoluteDeviation,0.027993910743997708
BW+Doppler,Mutual Information,561,bw__wavelet-HL_gldm_DependenceNonUniformity,[BW] wavelet-HL_gldm_DependenceNonUniformity,0.027743794637055563
BW+Doppler,Mutual Information,562,doppler__wavelet-HH_glcm_MCC,[D] wavelet-HH_glcm_MCC,0.02772286985089223
BW+Doppler,Mutual Information,563,bw__wavelet-LL_glcm_Correlation,[BW] wavelet-LL_glcm_Correlation,0.02751033172085182
BW+Doppler,Mutual Information,564,bw__wavelet-LH_gldm_LargeDependenceHighGrayLevelEmphasis,[BW] wavelet-LH_gldm_LargeDependenceHighGrayLevelEmphasis,0.027276538000763573
BW+Doppler,Mutual Information,565,bw__wavelet-HH_glrlm_ShortRunEmphasis,[BW] wavelet-HH_glrlm_ShortRunEmphasis,0.027036314476674095
BW+Doppler,Mutual Information,566,bw__wavelet-LL_glcm_ClusterShade,[BW] wavelet-LL_glcm_ClusterShade,0.026238531848796542
BW+Doppler,Mutual Information,567,doppler__wavelet-LL_gldm_DependenceNonUniformityNormalized,[D] wavelet-LL_gldm_DependenceNonUniformityNormalized,0.026200665062911854
BW+Doppler,Mutual Information,568,bw__wavelet-HH_firstorder_Minimum,[BW] wavelet-HH_firstorder_Minimum,0.025894710919383446
BW+Doppler,Mutual Information,569,bw__wavelet-HL_gldm_HighGrayLevelEmphasis,[BW] wavelet-HL_gldm_HighGrayLevelEmphasis,0.0256881277360983
BW+Doppler,Mutual Information,570,bw__wavelet-HL_gldm_SmallDependenceLowGrayLevelEmphasis,[BW] wavelet-HL_gldm_SmallDependenceLowGrayLevelEmphasis,0.025563339152079312
BW+Doppler,Mutual Information,571,doppler__original_gldm_SmallDependenceLowGrayLevelEmphasis,[D] original_gldm_SmallDependenceLowGrayLevelEmphasis,0.02542632441571513
BW+Doppler,Mutual Information,572,bw__wavelet-LH_ngtdm_Complexity,[BW] wavelet-LH_ngtdm_Complexity,0.02542450781264627
BW+Doppler,Mutual Information,573,doppler__wavelet-HH_firstorder_Range,[D] wavelet-HH_firstorder_Range,0.02518473948637978
BW+Doppler,Mutual Information,574,doppler__wavelet-HH_glcm_Id,[D] wavelet-HH_glcm_Id,0.025135477973141418
BW+Doppler,Mutual Information,575,bw__wavelet-LL_glcm_Autocorrelation,[BW] wavelet-LL_glcm_Autocorrelation,0.02506487801163826
BW+Doppler,Mutual Information,576,doppler__wavelet-LH_glszm_HighGrayLevelZoneEmphasis,[D] wavelet-LH_glszm_HighGrayLevelZoneEmphasis,0.024955421193054272
BW+Doppler,Mutual Information,577,bw__wavelet-HL_gldm_DependenceEntropy,[BW] wavelet-HL_gldm_DependenceEntropy,0.02493091339398834
BW+Doppler,Mutual Information,578,doppler__wavelet-LH_ngtdm_Busyness,[D] wavelet-LH_ngtdm_Busyness,0.024890305886185127
BW+Doppler,Mutual Information,579,doppler__wavelet-HH_glrlm_RunVariance,[D] wavelet-HH_glrlm_RunVariance,0.024881894472920996
BW+Doppler,Mutual Information,580,bw__wavelet-HL_glszm_ZoneEntropy,[BW] wavelet-HL_glszm_ZoneEntropy,0.024679621680609998
BW+Doppler,Mutual Information,581,doppler__original_gldm_SmallDependenceEmphasis,[D] original_gldm_SmallDependenceEmphasis,0.024659821111561175
BW+Doppler,Mutual Information,582,bw__wavelet-LL_glcm_JointEnergy,[BW] wavelet-LL_glcm_JointEnergy,0.02463647961583626
BW+Doppler,Mutual Information,583,bw__wavelet-HH_glcm_Imc1,[BW] wavelet-HH_glcm_Imc1,0.02455475136043761
BW+Doppler,Mutual Information,584,bw__wavelet-LH_glrlm_GrayLevelNonUniformity,[BW] wavelet-LH_glrlm_GrayLevelNonUniformity,0.02449105176038846
BW+Doppler,Mutual Information,585,bw__wavelet-HL_glcm_Imc2,[BW] wavelet-HL_glcm_Imc2,0.024478552857840175
BW+Doppler,Mutual Information,586,bw__wavelet-HL_glrlm_GrayLevelVariance,[BW] wavelet-HL_glrlm_GrayLevelVariance,0.024463695985745826
BW+Doppler,Mutual Information,587,bw__wavelet-LL_glrlm_RunEntropy,[BW] wavelet-LL_glrlm_RunEntropy,0.02433028844917917
BW+Doppler,Mutual Information,588,doppler__original_firstorder_Median,[D] original_firstorder_Median,0.02407529618601223
BW+Doppler,Mutual Information,589,doppler__wavelet-HL_glszm_ZonePercentage,[D] wavelet-HL_glszm_ZonePercentage,0.024037753647730975
BW+Doppler,Mutual Information,590,bw__wavelet-HH_firstorder_InterquartileRange,[BW] wavelet-HH_firstorder_InterquartileRange,0.02400997540957972
BW+Doppler,Mutual Information,591,doppler__original_glrlm_LongRunHighGrayLevelEmphasis,[D] original_glrlm_LongRunHighGrayLevelEmphasis,0.02392353306333095
BW+Doppler,Mutual Information,592,doppler__wavelet-HL_glszm_ZoneEntropy,[D] wavelet-HL_glszm_ZoneEntropy,0.023700067809081293
BW+Doppler,Mutual Information,593,bw__wavelet-LL_glszm_LargeAreaHighGrayLevelEmphasis,[BW] wavelet-LL_glszm_LargeAreaHighGrayLevelEmphasis,0.023117903406692397
BW+Doppler,Mutual Information,594,doppler__original_glszm_SizeZoneNonUniformity,[D] original_glszm_SizeZoneNonUniformity,0.023082307505545963
BW+Doppler,Mutual Information,595,bw__original_gldm_GrayLevelVariance,[BW] original_gldm_GrayLevelVariance,0.023069775237238632
BW+Doppler,Mutual Information,596,doppler__wavelet-LH_glrlm_LowGrayLevelRunEmphasis,[D] wavelet-LH_glrlm_LowGrayLevelRunEmphasis,0.023068338411053713
BW+Doppler,Mutual Information,597,doppler__wavelet-LL_glcm_SumSquares,[D] wavelet-LL_glcm_SumSquares,0.022803304397619018
BW+Doppler,Mutual Information,598,bw__original_ngtdm_Contrast,[BW] original_ngtdm_Contrast,0.02279414590866269
BW+Doppler,Mutual Information,599,doppler__wavelet-HH_glcm_Contrast,[D] wavelet-HH_glcm_Contrast,0.0227374445544819
BW+Doppler,Mutual Information,600,doppler__wavelet-HL_gldm_LargeDependenceHighGrayLevelEmphasis,[D] wavelet-HL_gldm_LargeDependenceHighGrayLevelEmphasis,0.02265020088112113
BW+Doppler,Mutual Information,601,doppler__wavelet-HL_glcm_SumEntropy,[D] wavelet-HL_glcm_SumEntropy,0.022605636374749105
BW+Doppler,Mutual Information,602,doppler__original_firstorder_Minimum,[D] original_firstorder_Minimum,0.02259860896820487
BW+Doppler,Mutual Information,603,bw__original_firstorder_Variance,[BW] original_firstorder_Variance,0.022548843125268725
BW+Doppler,Mutual Information,604,bw__wavelet-LL_glszm_SmallAreaEmphasis,[BW] wavelet-LL_glszm_SmallAreaEmphasis,0.022245828573176807
BW+Doppler,Mutual Information,605,doppler__original_glrlm_RunLengthNonUniformityNormalized,[D] original_glrlm_RunLengthNonUniformityNormalized,0.022229333086249303
BW+Doppler,Mutual Information,606,bw__original_firstorder_InterquartileRange,[BW] original_firstorder_InterquartileRange,0.021888921387277938
BW+Doppler,Mutual Information,607,bw__wavelet-LH_glrlm_RunEntropy,[BW] wavelet-LH_glrlm_RunEntropy,0.02172694248326068
BW+Doppler,Mutual Information,608,bw__original_ngtdm_Strength,[BW] original_ngtdm_Strength,0.021657395734404172
BW+Doppler,Mutual Information,609,doppler__wavelet-HH_firstorder_Energy,[D] wavelet-HH_firstorder_Energy,0.02156928881710618
BW+Doppler,Mutual Information,610,doppler__wavelet-HH_firstorder_TotalEnergy,[D] wavelet-HH_firstorder_TotalEnergy,0.02156928881710618
BW+Doppler,Mutual Information,611,bw__original_firstorder_Mean,[BW] original_firstorder_Mean,0.021550772042275845
BW+Doppler,Mutual Information,612,doppler__wavelet-LH_glrlm_HighGrayLevelRunEmphasis,[D] wavelet-LH_glrlm_HighGrayLevelRunEmphasis,0.021294545436070678
BW+Doppler,Mutual Information,613,bw__wavelet-LL_glrlm_GrayLevelNonUniformity,[BW] wavelet-LL_glrlm_GrayLevelNonUniformity,0.021135873203118383
BW+Doppler,Mutual Information,614,bw__wavelet-HL_firstorder_Minimum,[BW] wavelet-HL_firstorder_Minimum,0.021076796397762942
BW+Doppler,Mutual Information,615,doppler__wavelet-LL_gldm_GrayLevelVariance,[D] wavelet-LL_gldm_GrayLevelVariance,0.020880251776450365
BW+Doppler,Mutual Information,616,doppler__original_ngtdm_Contrast,[D] original_ngtdm_Contrast,0.020879839069804174
BW+Doppler,Mutual Information,617,doppler__wavelet-HL_firstorder_10Percentile,[D] wavelet-HL_firstorder_10Percentile,0.02085920995087398
BW+Doppler,Mutual Information,618,doppler__original_glszm_ZoneEntropy,[D] original_glszm_ZoneEntropy,0.020669063257266362
BW+Doppler,Mutual Information,619,bw__original_gldm_LargeDependenceLowGrayLevelEmphasis,[BW] original_gldm_LargeDependenceLowGrayLevelEmphasis,0.02061033540768009
BW+Doppler,Mutual Information,620,bw__wavelet-LL_glcm_Idm,[BW] wavelet-LL_glcm_Idm,0.020493441340595053
BW+Doppler,Mutual Information,621,bw__wavelet-LH_glrlm_LongRunLowGrayLevelEmphasis,[BW] wavelet-LH_glrlm_LongRunLowGrayLevelEmphasis,0.02039164024516449
BW+Doppler,Mutual Information,622,doppler__wavelet-LH_glcm_Idmn,[D] wavelet-LH_glcm_Idmn,0.019887656595028336
BW+Doppler,Mutual Information,623,doppler__wavelet-HH_glrlm_GrayLevelNonUniformityNormalized,[D] wavelet-HH_glrlm_GrayLevelNonUniformityNormalized,0.01964595695325899
BW+Doppler,Mutual Information,624,bw__original_glrlm_GrayLevelNonUniformityNormalized,[BW] original_glrlm_GrayLevelNonUniformityNormalized,0.019316929173758268
BW+Doppler,Mutual Information,625,doppler__wavelet-HL_firstorder_Mean,[D] wavelet-HL_firstorder_Mean,0.019196768361962047
BW+Doppler,Mutual Information,626,bw__original_firstorder_Range,[BW] original_firstorder_Range,0.019159015792771683
BW+Doppler,Mutual Information,627,doppler__wavelet-LL_glrlm_RunLengthNonUniformityNormalized,[D] wavelet-LL_glrlm_RunLengthNonUniformityNormalized,0.019127643230486102
BW+Doppler,Mutual Information,628,doppler__original_firstorder_Range,[D] original_firstorder_Range,0.018930070845905256
BW+Doppler,Mutual Information,629,bw__wavelet-LL_gldm_LargeDependenceEmphasis,[BW] wavelet-LL_gldm_LargeDependenceEmphasis,0.018852186942700966
BW+Doppler,Mutual Information,630,doppler__wavelet-LL_gldm_LargeDependenceEmphasis,[D] wavelet-LL_gldm_LargeDependenceEmphasis,0.018683861044081596
BW+Doppler,Mutual Information,631,doppler__wavelet-LH_glszm_SizeZoneNonUniformity,[D] wavelet-LH_glszm_SizeZoneNonUniformity,0.018644963077139032
BW+Doppler,Mutual Information,632,doppler__wavelet-HH_ngtdm_Coarseness,[D] wavelet-HH_ngtdm_Coarseness,0.018379958820210263
BW+Doppler,Mutual Information,633,doppler__wavelet-LL_glcm_InverseVariance,[D] wavelet-LL_glcm_InverseVariance,0.018326054544547388
BW+Doppler,Mutual Information,634,doppler__wavelet-LH_glcm_MCC,[D] wavelet-LH_glcm_MCC,0.018195020587374877
BW+Doppler,Mutual Information,635,doppler__wavelet-HL_glcm_DifferenceEntropy,[D] wavelet-HL_glcm_DifferenceEntropy,0.017576631727169723
BW+Doppler,Mutual Information,636,bw__wavelet-LH_firstorder_Mean,[BW] wavelet-LH_firstorder_Mean,0.01738983793139237
BW+Doppler,Mutual Information,637,doppler__wavelet-HL_gldm_DependenceNonUniformityNormalized,[D] wavelet-HL_gldm_DependenceNonUniformityNormalized,0.017366084669093285
BW+Doppler,Mutual Information,638,doppler__wavelet-HL_glcm_ClusterShade,[D] wavelet-HL_glcm_ClusterShade,0.01702584478997693
BW+Doppler,Mutual Information,639,bw__wavelet-LL_gldm_LargeDependenceHighGrayLevelEmphasis,[BW] wavelet-LL_gldm_LargeDependenceHighGrayLevelEmphasis,0.016885398223599024
BW+Doppler,Mutual Information,640,doppler__wavelet-LH_glrlm_RunVariance,[D] wavelet-LH_glrlm_RunVariance,0.016865598491438316
BW+Doppler,Mutual Information,641,bw__wavelet-LL_gldm_LowGrayLevelEmphasis,[BW] wavelet-LL_gldm_LowGrayLevelEmphasis,0.016860639164636648
BW+Doppler,Mutual Information,642,doppler__original_gldm_LargeDependenceEmphasis,[D] original_gldm_LargeDependenceEmphasis,0.01682336085937086
BW+Doppler,Mutual Information,643,bw__wavelet-LL_glcm_Id,[BW] wavelet-LL_glcm_Id,0.016814395425837736
BW+Doppler,Mutual Information,644,bw__original_gldm_LargeDependenceEmphasis,[BW] original_gldm_LargeDependenceEmphasis,0.016607177045806054
BW+Doppler,Mutual Information,645,doppler__wavelet-LL_glszm_SizeZoneNonUniformityNormalized,[D] wavelet-LL_glszm_SizeZoneNonUniformityNormalized,0.016471530316602312
BW+Doppler,Mutual Information,646,bw__wavelet-HL_glcm_InverseVariance,[BW] wavelet-HL_glcm_InverseVariance,0.016399237362982877
BW+Doppler,Mutual Information,647,doppler__wavelet-HH_glcm_SumSquares,[D] wavelet-HH_glcm_SumSquares,0.01629225868378703
BW+Doppler,Mutual Information,648,doppler__wavelet-LL_gldm_SmallDependenceHighGrayLevelEmphasis,[D] wavelet-LL_gldm_SmallDependenceHighGrayLevelEmphasis,0.016128944939056034
BW+Doppler,Mutual Information,649,bw__original_gldm_SmallDependenceLowGrayLevelEmphasis,[BW] original_gldm_SmallDependenceLowGrayLevelEmphasis,0.016079547775612157
BW+Doppler,Mutual Information,650,bw__wavelet-HH_glszm_GrayLevelNonUniformity,[BW] wavelet-HH_glszm_GrayLevelNonUniformity,0.01583998987155888
BW+Doppler,Mutual Information,651,bw__wavelet-LL_glszm_LargeAreaLowGrayLevelEmphasis,[BW] wavelet-LL_glszm_LargeAreaLowGrayLevelEmphasis,0.015700161954049774
BW+Doppler,Mutual Information,652,bw__wavelet-LH_glcm_Imc2,[BW] wavelet-LH_glcm_Imc2,0.015594589285602645
BW+Doppler,Mutual Information,653,bw__wavelet-LH_glrlm_ShortRunHighGrayLevelEmphasis,[BW] wavelet-LH_glrlm_ShortRunHighGrayLevelEmphasis,0.015530846096575068
BW+Doppler,Mutual Information,654,doppler__wavelet-LH_glrlm_ShortRunEmphasis,[D] wavelet-LH_glrlm_ShortRunEmphasis,0.015303882112199574
BW+Doppler,Mutual Information,655,doppler__wavelet-LL_glcm_ClusterTendency,[D] wavelet-LL_glcm_ClusterTendency,0.01500437506448593
BW+Doppler,Mutual Information,656,doppler__wavelet-HL_glszm_GrayLevelNonUniformityNormalized,[D] wavelet-HL_glszm_GrayLevelNonUniformityNormalized,0.01492328647546648
BW+Doppler,Mutual Information,657,bw__wavelet-LL_glszm_SizeZoneNonUniformity,[BW] wavelet-LL_glszm_SizeZoneNonUniformity,0.014727437921668418
BW+Doppler,Mutual Information,658,bw__wavelet-LL_firstorder_RobustMeanAbsoluteDeviation,[BW] wavelet-LL_firstorder_RobustMeanAbsoluteDeviation,0.014673052938715792
BW+Doppler,Mutual Information,659,bw__original_firstorder_RootMeanSquared,[BW] original_firstorder_RootMeanSquared,0.014668069092809377
BW+Doppler,Mutual Information,660,doppler__wavelet-HH_glszm_ZonePercentage,[D] wavelet-HH_glszm_ZonePercentage,0.014630376576468818
BW+Doppler,Mutual Information,661,bw__wavelet-HL_glrlm_RunPercentage,[BW] wavelet-HL_glrlm_RunPercentage,0.014622899585221338
BW+Doppler,Mutual Information,662,doppler__original_glcm_MCC,[D] original_glcm_MCC,0.014022497547068635
BW+Doppler,Mutual Information,663,doppler__wavelet-HL_glcm_ClusterProminence,[D] wavelet-HL_glcm_ClusterProminence,0.013964847532846214
BW+Doppler,Mutual Information,664,doppler__wavelet-HH_glszm_HighGrayLevelZoneEmphasis,[D] wavelet-HH_glszm_HighGrayLevelZoneEmphasis,0.013895846621148955
BW+Doppler,Mutual Information,665,bw__wavelet-LL_glrlm_RunLengthNonUniformity,[BW] wavelet-LL_glrlm_RunLengthNonUniformity,0.013458092749605521
BW+Doppler,Mutual Information,666,bw__wavelet-HH_glcm_ClusterShade,[BW] wavelet-HH_glcm_ClusterShade,0.013418266442643212
BW+Doppler,Mutual Information,667,bw__original_glrlm_LongRunHighGrayLevelEmphasis,[BW] original_glrlm_LongRunHighGrayLevelEmphasis,0.013318193936754597
BW+Doppler,Mutual Information,668,bw__original_glrlm_GrayLevelVariance,[BW] original_glrlm_GrayLevelVariance,0.013281740399065933
BW+Doppler,Mutual Information,669,bw__wavelet-HL_gldm_SmallDependenceEmphasis,[BW] wavelet-HL_gldm_SmallDependenceEmphasis,0.013132705458665406
BW+Doppler,Mutual Information,670,bw__wavelet-LL_glszm_SmallAreaHighGrayLevelEmphasis,[BW] wavelet-LL_glszm_SmallAreaHighGrayLevelEmphasis,0.013130568075797378
BW+Doppler,Mutual Information,671,bw__wavelet-HH_gldm_LowGrayLevelEmphasis,[BW] wavelet-HH_gldm_LowGrayLevelEmphasis,0.013107081515982388
BW+Doppler,Mutual Information,672,bw__wavelet-HL_gldm_SmallDependenceHighGrayLevelEmphasis,[BW] wavelet-HL_gldm_SmallDependenceHighGrayLevelEmphasis,0.013086968280919598
BW+Doppler,Mutual Information,673,bw__original_glcm_Correlation,[BW] original_glcm_Correlation,0.012898904710561876
BW+Doppler,Mutual Information,674,doppler__wavelet-HH_firstorder_Minimum,[D] wavelet-HH_firstorder_Minimum,0.012637571679098514
BW+Doppler,Mutual Information,675,doppler__wavelet-HL_firstorder_InterquartileRange,[D] wavelet-HL_firstorder_InterquartileRange,0.012426862890972945
BW+Doppler,Mutual Information,676,doppler__original_glszm_LargeAreaEmphasis,[D] original_glszm_LargeAreaEmphasis,0.01238405967845324
BW+Doppler,Mutual Information,677,doppler__wavelet-LL_firstorder_Kurtosis,[D] wavelet-LL_firstorder_Kurtosis,0.012130493328244674
BW+Doppler,Mutual Information,678,doppler__wavelet-HH_firstorder_Uniformity,[D] wavelet-HH_firstorder_Uniformity,0.011854944081281404
BW+Doppler,Mutual Information,679,bw__wavelet-HL_glcm_Idmn,[BW] wavelet-HL_glcm_Idmn,0.011818046569212148
BW+Doppler,Mutual Information,680,doppler__original_glszm_ZoneVariance,[D] original_glszm_ZoneVariance,0.011516315577067227
BW+Doppler,Mutual Information,681,doppler__wavelet-HH_firstorder_Entropy,[D] wavelet-HH_firstorder_Entropy,0.01106945518116298
BW+Doppler,Mutual Information,682,doppler__wavelet-HH_gldm_DependenceEntropy,[D] wavelet-HH_gldm_DependenceEntropy,0.010634733969828059
BW+Doppler,Mutual Information,683,bw__wavelet-HH_glcm_JointAverage,[BW] wavelet-HH_glcm_JointAverage,0.010570979553590654
BW+Doppler,Mutual Information,684,bw__wavelet-HH_glcm_SumAverage,[BW] wavelet-HH_glcm_SumAverage,0.010570979553590654
BW+Doppler,Mutual Information,685,bw__wavelet-LL_glcm_SumEntropy,[BW] wavelet-LL_glcm_SumEntropy,0.010449919821452935
BW+Doppler,Mutual Information,686,bw__original_glrlm_RunVariance,[BW] original_glrlm_RunVariance,0.010252634919487802
BW+Doppler,Mutual Information,687,doppler__wavelet-HH_gldm_GrayLevelNonUniformity,[D] wavelet-HH_gldm_GrayLevelNonUniformity,0.010224996313693335
BW+Doppler,Mutual Information,688,bw__wavelet-LL_firstorder_Minimum,[BW] wavelet-LL_firstorder_Minimum,0.010105615495456854
BW+Doppler,Mutual Information,689,bw__wavelet-HL_firstorder_Skewness,[BW] wavelet-HL_firstorder_Skewness,0.0100876291959906
BW+Doppler,Mutual Information,690,doppler__wavelet-HL_glcm_DifferenceVariance,[D] wavelet-HL_glcm_DifferenceVariance,0.009834284789428605
BW+Doppler,Mutual Information,691,bw__wavelet-LL_glrlm_LongRunLowGrayLevelEmphasis,[BW] wavelet-LL_glrlm_LongRunLowGrayLevelEmphasis,0.00970190829060491
BW+Doppler,Mutual Information,692,bw__wavelet-LH_gldm_SmallDependenceLowGrayLevelEmphasis,[BW] wavelet-LH_gldm_SmallDependenceLowGrayLevelEmphasis,0.00905878122232906
BW+Doppler,Mutual Information,693,bw__original_firstorder_TotalEnergy,[BW] original_firstorder_TotalEnergy,0.008403759854276993
BW+Doppler,Mutual Information,694,bw__original_firstorder_Energy,[BW] original_firstorder_Energy,0.008403759854276993
BW+Doppler,Mutual Information,695,doppler__wavelet-HL_glcm_Idm,[D] wavelet-HL_glcm_Idm,0.008400668548964596
BW+Doppler,Mutual Information,696,bw__wavelet-LL_gldm_SmallDependenceHighGrayLevelEmphasis,[BW] wavelet-LL_gldm_SmallDependenceHighGrayLevelEmphasis,0.008307256060648305
BW+Doppler,Mutual Information,697,doppler__wavelet-HL_firstorder_Median,[D] wavelet-HL_firstorder_Median,0.008087348785360327
BW+Doppler,Mutual Information,698,doppler__wavelet-HH_glcm_DifferenceEntropy,[D] wavelet-HH_glcm_DifferenceEntropy,0.007887026293792898
BW+Doppler,Mutual Information,699,doppler__wavelet-HL_glrlm_ShortRunLowGrayLevelEmphasis,[D] wavelet-HL_glrlm_ShortRunLowGrayLevelEmphasis,0.007751565543831385
BW+Doppler,Mutual Information,700,bw__original_glszm_GrayLevelNonUniformityNormalized,[BW] original_glszm_GrayLevelNonUniformityNormalized,0.007613035377167954
BW+Doppler,Mutual Information,701,doppler__wavelet-HH_firstorder_10Percentile,[D] wavelet-HH_firstorder_10Percentile,0.007299833747004714
BW+Doppler,Mutual Information,702,bw__wavelet-HL_glszm_LowGrayLevelZoneEmphasis,[BW] wavelet-HL_glszm_LowGrayLevelZoneEmphasis,0.007160985619973026
BW+Doppler,Mutual Information,703,doppler__wavelet-LL_glrlm_LongRunEmphasis,[D] wavelet-LL_glrlm_LongRunEmphasis,0.007055733839328893
BW+Doppler,Mutual Information,704,doppler__wavelet-HL_gldm_DependenceNonUniformity,[D] wavelet-HL_gldm_DependenceNonUniformity,0.006988805972681922
BW+Doppler,Mutual Information,705,doppler__original_gldm_DependenceVariance,[D] original_gldm_DependenceVariance,0.006756996662612869
BW+Doppler,Mutual Information,706,doppler__wavelet-LL_firstorder_Median,[D] wavelet-LL_firstorder_Median,0.006507668938552813
BW+Doppler,Mutual Information,707,doppler__original_gldm_LargeDependenceLowGrayLevelEmphasis,[D] original_gldm_LargeDependenceLowGrayLevelEmphasis,0.0060765669619817775
BW+Doppler,Mutual Information,708,doppler__wavelet-HL_ngtdm_Complexity,[D] wavelet-HL_ngtdm_Complexity,0.005904914911655235
BW+Doppler,Mutual Information,709,doppler__wavelet-LH_glrlm_RunEntropy,[D] wavelet-LH_glrlm_RunEntropy,0.005656991311077331
BW+Doppler,Mutual Information,710,doppler__original_firstorder_InterquartileRange,[D] original_firstorder_InterquartileRange,0.0054229703566337495
BW+Doppler,Mutual Information,711,doppler__wavelet-HH_glrlm_RunPercentage,[D] wavelet-HH_glrlm_RunPercentage,0.005422773214343479
BW+Doppler,Mutual Information,712,doppler__original_glcm_Idn,[D] original_glcm_Idn,0.005376954328212502
BW+Doppler,Mutual Information,713,doppler__original_glrlm_ShortRunLowGrayLevelEmphasis,[D] original_glrlm_ShortRunLowGrayLevelEmphasis,0.005108616151221268
BW+Doppler,Mutual Information,714,bw__original_glcm_Autocorrelation,[BW] original_glcm_Autocorrelation,0.005097282267439773
BW+Doppler,Mutual Information,715,bw__wavelet-LH_glcm_DifferenceVariance,[BW] wavelet-LH_glcm_DifferenceVariance,0.005064354363387702
BW+Doppler,Mutual Information,716,doppler__wavelet-HL_glcm_MCC,[D] wavelet-HL_glcm_MCC,0.004999961717332635
BW+Doppler,Mutual Information,717,doppler__original_glszm_LargeAreaHighGrayLevelEmphasis,[D] original_glszm_LargeAreaHighGrayLevelEmphasis,0.0048677092755819995
BW+Doppler,Mutual Information,718,doppler__wavelet-LL_glrlm_HighGrayLevelRunEmphasis,[D] wavelet-LL_glrlm_HighGrayLevelRunEmphasis,0.004835511887310684
BW+Doppler,Mutual Information,719,doppler__wavelet-HL_glrlm_HighGrayLevelRunEmphasis,[D] wavelet-HL_glrlm_HighGrayLevelRunEmphasis,0.004319501416086169
BW+Doppler,Mutual Information,720,doppler__wavelet-HH_glrlm_RunLengthNonUniformityNormalized,[D] wavelet-HH_glrlm_RunLengthNonUniformityNormalized,0.004260536779249424
BW+Doppler,Mutual Information,721,bw__wavelet-LH_glcm_Imc1,[BW] wavelet-LH_glcm_Imc1,0.004190694208713763
BW+Doppler,Mutual Information,722,bw__wavelet-HH_glrlm_RunLengthNonUniformity,[BW] wavelet-HH_glrlm_RunLengthNonUniformity,0.003856775017300862
BW+Doppler,Mutual Information,723,doppler__wavelet-HL_glrlm_RunPercentage,[D] wavelet-HL_glrlm_RunPercentage,0.003843662962806249
BW+Doppler,Mutual Information,724,doppler__original_glcm_SumEntropy,[D] original_glcm_SumEntropy,0.003840562715859308
BW+Doppler,Mutual Information,725,doppler__wavelet-HH_firstorder_Median,[D] wavelet-HH_firstorder_Median,0.0037290583744737926
BW+Doppler,Mutual Information,726,bw__wavelet-HL_glszm_LargeAreaHighGrayLevelEmphasis,[BW] wavelet-HL_glszm_LargeAreaHighGrayLevelEmphasis,0.003406098857256401
BW+Doppler,Mutual Information,727,doppler__original_glszm_SmallAreaLowGrayLevelEmphasis,[D] original_glszm_SmallAreaLowGrayLevelEmphasis,0.0033049555701227806
BW+Doppler,Mutual Information,728,doppler__original_glcm_InverseVariance,[D] original_glcm_InverseVariance,0.0032453888425123534
BW+Doppler,Mutual Information,729,bw__wavelet-HH_firstorder_Mean,[BW] wavelet-HH_firstorder_Mean,0.0028885313723039374
BW+Doppler,Mutual Information,730,doppler__original_firstorder_10Percentile,[D] original_firstorder_10Percentile,0.002884511469903428
BW+Doppler,Mutual Information,731,bw__wavelet-HL_firstorder_Kurtosis,[BW] wavelet-HL_firstorder_Kurtosis,0.0027339808666300147
BW+Doppler,Mutual Information,732,bw__wavelet-HL_gldm_LargeDependenceLowGrayLevelEmphasis,[BW] wavelet-HL_gldm_LargeDependenceLowGrayLevelEmphasis,0.0022884982475730453
BW+Doppler,Mutual Information,733,bw__wavelet-LL_glszm_ZonePercentage,[BW] wavelet-LL_glszm_ZonePercentage,0.0022364140206632133
BW+Doppler,Mutual Information,734,doppler__wavelet-LL_firstorder_InterquartileRange,[D] wavelet-LL_firstorder_InterquartileRange,0.002142836834431172
BW+Doppler,Mutual Information,735,bw__wavelet-HL_gldm_LowGrayLevelEmphasis,[BW] wavelet-HL_gldm_LowGrayLevelEmphasis,0.002078507753378478
BW+Doppler,Mutual Information,736,doppler__wavelet-HH_glrlm_LowGrayLevelRunEmphasis,[D] wavelet-HH_glrlm_LowGrayLevelRunEmphasis,0.0017863058351375027
BW+Doppler,Mutual Information,737,bw__original_glcm_JointEntropy,[BW] original_glcm_JointEntropy,0.0016941107021155588
BW+Doppler,Mutual Information,738,bw__wavelet-HL_glrlm_LowGrayLevelRunEmphasis,[BW] wavelet-HL_glrlm_LowGrayLevelRunEmphasis,0.0016080535362290593
BW+Doppler,Mutual Information,739,bw__wavelet-HL_glrlm_HighGrayLevelRunEmphasis,[BW] wavelet-HL_glrlm_HighGrayLevelRunEmphasis,0.0015963212169951557
BW+Doppler,Mutual Information,740,bw__original_glrlm_LongRunEmphasis,[BW] original_glrlm_LongRunEmphasis,0.001368816600771261
BW+Doppler,Mutual Information,741,doppler__wavelet-HH_gldm_DependenceVariance,[D] wavelet-HH_gldm_DependenceVariance,0.0012409163987991967
BW+Doppler,Mutual Information,742,doppler__wavelet-HL_glrlm_GrayLevelNonUniformityNormalized,[D] wavelet-HL_glrlm_GrayLevelNonUniformityNormalized,0.0011638787707808351
BW+Doppler,Mutual Information,743,doppler__wavelet-LL_glrlm_ShortRunEmphasis,[D] wavelet-LL_glrlm_ShortRunEmphasis,0.0011364984196695627
BW+Doppler,Mutual Information,744,bw__wavelet-LH_gldm_DependenceNonUniformity,[BW] wavelet-LH_gldm_DependenceNonUniformity,0.0010701634863501397
BW+Doppler,Mutual Information,745,bw__original_glcm_InverseVariance,[BW] original_glcm_InverseVariance,0.0010378357394309479
BW+Doppler,Mutual Information,746,doppler__wavelet-HL_glrlm_LowGrayLevelRunEmphasis,[D] wavelet-HL_glrlm_LowGrayLevelRunEmphasis,0.0007923793496380505
BW+Doppler,Mutual Information,747,bw__wavelet-LL_glszm_LargeAreaEmphasis,[BW] wavelet-LL_glszm_LargeAreaEmphasis,0.0007793494002232837
BW+Doppler,Mutual Information,748,doppler__original_glszm_GrayLevelNonUniformityNormalized,[D] original_glszm_GrayLevelNonUniformityNormalized,0.0007273625752688417
BW+Doppler,Mutual Information,749,doppler__wavelet-HL_glcm_Idn,[D] wavelet-HL_glcm_Idn,0.0005558447525615406
BW+Doppler,Mutual Information,750,doppler__original_glszm_SmallAreaEmphasis,[D] original_glszm_SmallAreaEmphasis,0.0005312119789502301
BW+Doppler,Mutual Information,751,bw__wavelet-LL_firstorder_Mean,[BW] wavelet-LL_firstorder_Mean,0.00038674864997645386
BW+Doppler,Mutual Information,752,bw__wavelet-LL_glrlm_RunLengthNonUniformityNormalized,[BW] wavelet-LL_glrlm_RunLengthNonUniformityNormalized,6.522123083940734e-05
BW+Doppler,Mutual Information,753,bw__original_firstorder_90Percentile,[BW] original_firstorder_90Percentile,0.0
BW+Doppler,Mutual Information,754,doppler__wavelet-HH_glcm_DifferenceAverage,[D] wavelet-HH_glcm_DifferenceAverage,0.0
BW+Doppler,Mutual Information,755,doppler__wavelet-LL_ngtdm_Complexity,[D] wavelet-LL_ngtdm_Complexity,0.0
BW+Doppler,Mutual Information,756,doppler__wavelet-LL_ngtdm_Busyness,[D] wavelet-LL_ngtdm_Busyness,0.0
BW+Doppler,Mutual Information,757,doppler__wavelet-LL_glrlm_RunLengthNonUniformity,[D] wavelet-LL_glrlm_RunLengthNonUniformity,0.0
BW+Doppler,Mutual Information,758,doppler__wavelet-LL_glrlm_RunPercentage,[D] wavelet-LL_glrlm_RunPercentage,0.0
BW+Doppler,Mutual Information,759,doppler__wavelet-LL_glszm_GrayLevelNonUniformity,[D] wavelet-LL_glszm_GrayLevelNonUniformity,0.0
BW+Doppler,Mutual Information,760,bw__wavelet-LH_glcm_Idmn,[BW] wavelet-LH_glcm_Idmn,0.0
BW+Doppler,Mutual Information,761,doppler__wavelet-HH_glcm_ClusterProminence,[D] wavelet-HH_glcm_ClusterProminence,0.0
BW+Doppler,Mutual Information,762,doppler__wavelet-LL_glszm_SmallAreaLowGrayLevelEmphasis,[D] wavelet-LL_glszm_SmallAreaLowGrayLevelEmphasis,0.0
BW+Doppler,Mutual Information,763,doppler__wavelet-LL_glrlm_ShortRunHighGrayLevelEmphasis,[D] wavelet-LL_glrlm_ShortRunHighGrayLevelEmphasis,0.0
BW+Doppler,Mutual Information,764,doppler__wavelet-LL_glszm_LargeAreaHighGrayLevelEmphasis,[D] wavelet-LL_glszm_LargeAreaHighGrayLevelEmphasis,0.0
BW+Doppler,Mutual Information,765,bw__original_glcm_DifferenceEntropy,[BW] original_glcm_DifferenceEntropy,0.0
BW+Doppler,Mutual Information,766,bw__original_glcm_DifferenceAverage,[BW] original_glcm_DifferenceAverage,0.0
BW+Doppler,Mutual Information,767,doppler__wavelet-LL_glszm_GrayLevelVariance,[D] wavelet-LL_glszm_GrayLevelVariance,0.0
BW+Doppler,Mutual Information,768,doppler__wavelet-LL_firstorder_90Percentile,[D] wavelet-LL_firstorder_90Percentile,0.0
BW+Doppler,Mutual Information,769,doppler__wavelet-LL_glrlm_LongRunLowGrayLevelEmphasis,[D] wavelet-LL_glrlm_LongRunLowGrayLevelEmphasis,0.0
BW+Doppler,Mutual Information,770,doppler__wavelet-HH_glszm_GrayLevelVariance,[D] wavelet-HH_glszm_GrayLevelVariance,0.0
BW+Doppler,Mutual Information,771,doppler__wavelet-LL_firstorder_Energy,[D] wavelet-LL_firstorder_Energy,0.0
BW+Doppler,Mutual Information,772,doppler__wavelet-LL_firstorder_Range,[D] wavelet-LL_firstorder_Range,0.0
BW+Doppler,Mutual Information,773,bw__original_glszm_HighGrayLevelZoneEmphasis,[BW] original_glszm_HighGrayLevelZoneEmphasis,0.0
BW+Doppler,Mutual Information,774,bw__original_glszm_GrayLevelVariance,[BW] original_glszm_GrayLevelVariance,0.0
BW+Doppler,Mutual Information,775,bw__original_ngtdm_Busyness,[BW] original_ngtdm_Busyness,0.0
BW+Doppler,Mutual Information,776,doppler__wavelet-LL_firstorder_RootMeanSquared,[D] wavelet-LL_firstorder_RootMeanSquared,0.0
BW+Doppler,Mutual Information,777,doppler__wavelet-HH_glszm_SizeZoneNonUniformity,[D] wavelet-HH_glszm_SizeZoneNonUniformity,0.0
BW+Doppler,Mutual Information,778,doppler__wavelet-LL_firstorder_TotalEnergy,[D] wavelet-LL_firstorder_TotalEnergy,0.0
BW+Doppler,Mutual Information,779,doppler__wavelet-LL_firstorder_Variance,[D] wavelet-LL_firstorder_Variance,0.0
BW+Doppler,Mutual Information,780,doppler__wavelet-LL_glcm_ClusterProminence,[D] wavelet-LL_glcm_ClusterProminence,0.0
BW+Doppler,Mutual Information,781,bw__original_glrlm_LowGrayLevelRunEmphasis,[BW] original_glrlm_LowGrayLevelRunEmphasis,0.0
BW+Doppler,Mutual Information,782,bw__original_glrlm_LongRunLowGrayLevelEmphasis,[BW] original_glrlm_LongRunLowGrayLevelEmphasis,0.0
BW+Doppler,Mutual Information,783,bw__original_glrlm_HighGrayLevelRunEmphasis,[BW] original_glrlm_HighGrayLevelRunEmphasis,0.0
BW+Doppler,Mutual Information,784,doppler__wavelet-HH_glszm_GrayLevelNonUniformity,[D] wavelet-HH_glszm_GrayLevelNonUniformity,0.0
BW+Doppler,Mutual Information,785,doppler__wavelet-HH_glcm_Idm,[D] wavelet-HH_glcm_Idm,0.0
BW+Doppler,Mutual Information,786,doppler__wavelet-LL_glcm_MCC,[D] wavelet-LL_glcm_MCC,0.0
BW+Doppler,Mutual Information,787,bw__original_gldm_SmallDependenceHighGrayLevelEmphasis,[BW] original_gldm_SmallDependenceHighGrayLevelEmphasis,0.0
BW+Doppler,Mutual Information,788,doppler__wavelet-HH_glrlm_HighGrayLevelRunEmphasis,[D] wavelet-HH_glrlm_HighGrayLevelRunEmphasis,0.0
BW+Doppler,Mutual Information,789,doppler__wavelet-HH_glrlm_GrayLevelVariance,[D] wavelet-HH_glrlm_GrayLevelVariance,0.0
BW+Doppler,Mutual Information,790,bw__wavelet-LH_firstorder_Range,[BW] wavelet-LH_firstorder_Range,0.0
BW+Doppler,Mutual Information,791,bw__original_glcm_SumAverage,[BW] original_glcm_SumAverage,0.0
BW+Doppler,Mutual Information,792,doppler__wavelet-HH_gldm_SmallDependenceEmphasis,[D] wavelet-HH_gldm_SmallDependenceEmphasis,0.0
BW+Doppler,Mutual Information,793,doppler__wavelet-LL_glrlm_LongRunHighGrayLevelEmphasis,[D] wavelet-LL_glrlm_LongRunHighGrayLevelEmphasis,0.0
BW+Doppler,Mutual Information,794,bw__original_glcm_MCC,[BW] original_glcm_MCC,0.0
BW+Doppler,Mutual Information,795,bw__original_glcm_JointAverage,[BW] original_glcm_JointAverage,0.0
BW+Doppler,Mutual Information,796,doppler__wavelet-HH_glcm_InverseVariance,[D] wavelet-HH_glcm_InverseVariance,0.0
BW+Doppler,Mutual Information,797,doppler__wavelet-HH_glcm_Imc1,[D] wavelet-HH_glcm_Imc1,0.0
BW+Doppler,Mutual Information,798,bw__wavelet-LH_glcm_Correlation,[BW] wavelet-LH_glcm_Correlation,0.0
BW+Doppler,Mutual Information,799,doppler__wavelet-LL_glcm_JointEntropy,[D] wavelet-LL_glcm_JointEntropy,0.0
BW+Doppler,Mutual Information,800,doppler__wavelet-HL_glcm_Idmn,[D] wavelet-HL_glcm_Idmn,0.0
BW+Doppler,Mutual Information,801,bw__wavelet-LH_gldm_DependenceNonUniformityNormalized,[BW] wavelet-LH_gldm_DependenceNonUniformityNormalized,0.0
BW+Doppler,Mutual Information,802,bw__wavelet-HH_glszm_LargeAreaEmphasis,[BW] wavelet-HH_glszm_LargeAreaEmphasis,0.0
BW+Doppler,Mutual Information,803,doppler__original_glcm_MaximumProbability,[D] original_glcm_MaximumProbability,0.0
BW+Doppler,Mutual Information,804,bw__wavelet-HH_glrlm_RunPercentage,[BW] wavelet-HH_glrlm_RunPercentage,0.0
BW+Doppler,Mutual Information,805,doppler__original_glcm_SumSquares,[D] original_glcm_SumSquares,0.0
BW+Doppler,Mutual Information,806,doppler__original_gldm_DependenceNonUniformity,[D] original_gldm_DependenceNonUniformity,0.0
BW+Doppler,Mutual Information,807,bw__wavelet-HH_glrlm_LowGrayLevelRunEmphasis,[BW] wavelet-HH_glrlm_LowGrayLevelRunEmphasis,0.0
BW+Doppler,Mutual Information,808,doppler__original_gldm_DependenceNonUniformityNormalized,[D] original_gldm_DependenceNonUniformityNormalized,0.0
BW+Doppler,Mutual Information,809,doppler__original_gldm_GrayLevelVariance,[D] original_gldm_GrayLevelVariance,0.0
BW+Doppler,Mutual Information,810,bw__wavelet-HH_glrlm_GrayLevelNonUniformity,[BW] wavelet-HH_glrlm_GrayLevelNonUniformity,0.0
BW+Doppler,Mutual Information,811,doppler__original_gldm_LowGrayLevelEmphasis,[D] original_gldm_LowGrayLevelEmphasis,0.0
BW+Doppler,Mutual Information,812,bw__wavelet-HH_gldm_SmallDependenceEmphasis,[BW] wavelet-HH_gldm_SmallDependenceEmphasis,0.0
BW+Doppler,Mutual Information,813,doppler__original_glrlm_LongRunEmphasis,[D] original_glrlm_LongRunEmphasis,0.0
BW+Doppler,Mutual Information,814,doppler__original_glrlm_LowGrayLevelRunEmphasis,[D] original_glrlm_LowGrayLevelRunEmphasis,0.0
BW+Doppler,Mutual Information,815,doppler__original_glrlm_RunPercentage,[D] original_glrlm_RunPercentage,0.0
BW+Doppler,Mutual Information,816,bw__wavelet-HH_glcm_SumEntropy,[BW] wavelet-HH_glcm_SumEntropy,0.0
BW+Doppler,Mutual Information,817,doppler__original_glszm_GrayLevelVariance,[D] original_glszm_GrayLevelVariance,0.0
BW+Doppler,Mutual Information,818,doppler__original_glszm_HighGrayLevelZoneEmphasis,[D] original_glszm_HighGrayLevelZoneEmphasis,0.0
BW+Doppler,Mutual Information,819,bw__wavelet-HH_glcm_InverseVariance,[BW] wavelet-HH_glcm_InverseVariance,0.0
BW+Doppler,Mutual Information,820,doppler__original_glszm_LargeAreaLowGrayLevelEmphasis,[D] original_glszm_LargeAreaLowGrayLevelEmphasis,0.0
BW+Doppler,Mutual Information,821,doppler__original_glszm_LowGrayLevelZoneEmphasis,[D] original_glszm_LowGrayLevelZoneEmphasis,0.0
BW+Doppler,Mutual Information,822,bw__wavelet-HH_glcm_Idm,[BW] wavelet-HH_glcm_Idm,0.0
BW+Doppler,Mutual Information,823,bw__wavelet-HH_glcm_Id,[BW] wavelet-HH_glcm_Id,0.0
BW+Doppler,Mutual Information,824,doppler__original_glszm_SizeZoneNonUniformityNormalized,[D] original_glszm_SizeZoneNonUniformityNormalized,0.0
BW+Doppler,Mutual Information,825,bw__wavelet-HH_glcm_DifferenceAverage,[BW] wavelet-HH_glcm_DifferenceAverage,0.0
BW+Doppler,Mutual Information,826,bw__wavelet-HH_glcm_Correlation,[BW] wavelet-HH_glcm_Correlation,0.0
BW+Doppler,Mutual Information,827,bw__wavelet-HH_glcm_Contrast,[BW] wavelet-HH_glcm_Contrast,0.0
BW+Doppler,Mutual Information,828,doppler__wavelet-LH_firstorder_Maximum,[D] wavelet-LH_firstorder_Maximum,0.0
BW+Doppler,Mutual Information,829,doppler__wavelet-LH_firstorder_Mean,[D] wavelet-LH_firstorder_Mean,0.0
BW+Doppler,Mutual Information,830,bw__wavelet-HH_firstorder_Median,[BW] wavelet-HH_firstorder_Median,0.0
BW+Doppler,Mutual Information,831,doppler__wavelet-LH_gldm_SmallDependenceLowGrayLevelEmphasis,[D] wavelet-LH_gldm_SmallDependenceLowGrayLevelEmphasis,0.0
BW+Doppler,Mutual Information,832,doppler__original_glcm_JointEntropy,[D] original_glcm_JointEntropy,0.0
BW+Doppler,Mutual Information,833,bw__wavelet-HH_glszm_LargeAreaLowGrayLevelEmphasis,[BW] wavelet-HH_glszm_LargeAreaLowGrayLevelEmphasis,0.0
BW+Doppler,Mutual Information,834,doppler__wavelet-HH_firstorder_Mean,[D] wavelet-HH_firstorder_Mean,0.0
BW+Doppler,Mutual Information,835,doppler__original_glcm_ClusterTendency,[D] original_glcm_ClusterTendency,0.0
BW+Doppler,Mutual Information,836,bw__wavelet-LL_glrlm_GrayLevelVariance,[BW] wavelet-LL_glrlm_GrayLevelVariance,0.0
BW+Doppler,Mutual Information,837,bw__wavelet-LL_gldm_GrayLevelVariance,[BW] wavelet-LL_gldm_GrayLevelVariance,0.0
BW+Doppler,Mutual Information,838,bw__wavelet-LL_glrlm_HighGrayLevelRunEmphasis,[BW] wavelet-LL_glrlm_HighGrayLevelRunEmphasis,0.0
BW+Doppler,Mutual Information,839,bw__wavelet-LL_glrlm_LongRunHighGrayLevelEmphasis,[BW] wavelet-LL_glrlm_LongRunHighGrayLevelEmphasis,0.0
BW+Doppler,Mutual Information,840,bw__wavelet-LL_glrlm_LowGrayLevelRunEmphasis,[BW] wavelet-LL_glrlm_LowGrayLevelRunEmphasis,0.0
BW+Doppler,Mutual Information,841,bw__wavelet-LL_glcm_SumSquares,[BW] wavelet-LL_glcm_SumSquares,0.0
BW+Doppler,Mutual Information,842,bw__wavelet-LL_glcm_MaximumProbability,[BW] wavelet-LL_glcm_MaximumProbability,0.0
BW+Doppler,Mutual Information,843,bw__wavelet-LL_glcm_JointEntropy,[BW] wavelet-LL_glcm_JointEntropy,0.0
BW+Doppler,Mutual Information,844,bw__wavelet-LL_glrlm_ShortRunHighGrayLevelEmphasis,[BW] wavelet-LL_glrlm_ShortRunHighGrayLevelEmphasis,0.0
BW+Doppler,Mutual Information,845,bw__wavelet-LL_glrlm_ShortRunLowGrayLevelEmphasis,[BW] wavelet-LL_glrlm_ShortRunLowGrayLevelEmphasis,0.0
BW+Doppler,Mutual Information,846,bw__wavelet-LL_glszm_GrayLevelNonUniformity,[BW] wavelet-LL_glszm_GrayLevelNonUniformity,0.0
BW+Doppler,Mutual Information,847,bw__wavelet-LL_glszm_GrayLevelNonUniformityNormalized,[BW] wavelet-LL_glszm_GrayLevelNonUniformityNormalized,0.0
BW+Doppler,Mutual Information,848,bw__wavelet-LL_glszm_GrayLevelVariance,[BW] wavelet-LL_glszm_GrayLevelVariance,0.0
BW+Doppler,Mutual Information,849,bw__wavelet-LL_glcm_ClusterTendency,[BW] wavelet-LL_glcm_ClusterTendency,0.0
BW+Doppler,Mutual Information,850,bw__wavelet-LL_glszm_LowGrayLevelZoneEmphasis,[BW] wavelet-LL_glszm_LowGrayLevelZoneEmphasis,0.0
BW+Doppler,Mutual Information,851,bw__wavelet-LL_glszm_SmallAreaLowGrayLevelEmphasis,[BW] wavelet-LL_glszm_SmallAreaLowGrayLevelEmphasis,0.0
BW+Doppler,Mutual Information,852,bw__wavelet-LL_firstorder_MeanAbsoluteDeviation,[BW] wavelet-LL_firstorder_MeanAbsoluteDeviation,0.0
BW+Doppler,Mutual Information,853,bw__wavelet-LL_ngtdm_Busyness,[BW] wavelet-LL_ngtdm_Busyness,0.0
BW+Doppler,Mutual Information,854,doppler__original_firstorder_90Percentile,[D] original_firstorder_90Percentile,0.0
BW+Doppler,Mutual Information,855,bw__wavelet-LL_firstorder_90Percentile,[BW] wavelet-LL_firstorder_90Percentile,0.0
BW+Doppler,Mutual Information,856,doppler__original_firstorder_Kurtosis,[D] original_firstorder_Kurtosis,0.0
BW+Doppler,Mutual Information,857,bw__wavelet-HH_ngtdm_Coarseness,[BW] wavelet-HH_ngtdm_Coarseness,0.0
BW+Doppler,Mutual Information,858,bw__wavelet-HH_glszm_ZoneVariance,[BW] wavelet-HH_glszm_ZoneVariance,0.0
BW+Doppler,Mutual Information,859,bw__wavelet-HH_glszm_ZonePercentage,[BW] wavelet-HH_glszm_ZonePercentage,0.0
BW+Doppler,Mutual Information,860,bw__wavelet-HH_glszm_ZoneEntropy,[BW] wavelet-HH_glszm_ZoneEntropy,0.0
BW+Doppler,Mutual Information,861,doppler__original_glcm_ClusterProminence,[D] original_glcm_ClusterProminence,0.0
BW+Doppler,Mutual Information,862,bw__wavelet-HH_glszm_SmallAreaEmphasis,[BW] wavelet-HH_glszm_SmallAreaEmphasis,0.0
BW+Doppler,Mutual Information,863,bw__wavelet-HH_glszm_SizeZoneNonUniformityNormalized,[BW] wavelet-HH_glszm_SizeZoneNonUniformityNormalized,0.0
BW+Doppler,Mutual Information,864,bw__wavelet-HH_glszm_SizeZoneNonUniformity,[BW] wavelet-HH_glszm_SizeZoneNonUniformity,0.0
BW+Doppler,Mutual Information,865,doppler__wavelet-LH_glrlm_LongRunHighGrayLevelEmphasis,[D] wavelet-LH_glrlm_LongRunHighGrayLevelEmphasis,0.0
BW+Doppler,Mutual Information,866,bw__wavelet-HL_ngtdm_Strength,[BW] wavelet-HL_ngtdm_Strength,0.0
BW+Doppler,Mutual Information,867,bw__wavelet-HL_ngtdm_Complexity,[BW] wavelet-HL_ngtdm_Complexity,0.0
BW+Doppler,Mutual Information,868,bw__wavelet-HL_ngtdm_Busyness,[BW] wavelet-HL_ngtdm_Busyness,0.0
BW+Doppler,Mutual Information,869,doppler__wavelet-HL_gldm_LowGrayLevelEmphasis,[D] wavelet-HL_gldm_LowGrayLevelEmphasis,0.0
BW+Doppler,Mutual Information,870,bw__wavelet-HL_firstorder_Maximum,[BW] wavelet-HL_firstorder_Maximum,0.0
BW+Doppler,Mutual Information,871,bw__wavelet-HL_firstorder_Entropy,[BW] wavelet-HL_firstorder_Entropy,0.0
BW+Doppler,Mutual Information,872,bw__wavelet-HL_firstorder_Energy,[BW] wavelet-HL_firstorder_Energy,0.0
BW+Doppler,Mutual Information,873,doppler__wavelet-HL_gldm_SmallDependenceEmphasis,[D] wavelet-HL_gldm_SmallDependenceEmphasis,0.0
BW+Doppler,Mutual Information,874,doppler__wavelet-HL_gldm_SmallDependenceHighGrayLevelEmphasis,[D] wavelet-HL_gldm_SmallDependenceHighGrayLevelEmphasis,0.0
BW+Doppler,Mutual Information,875,bw__wavelet-LH_ngtdm_Strength,[BW] wavelet-LH_ngtdm_Strength,0.0
BW+Doppler,Mutual Information,876,doppler__wavelet-HL_gldm_SmallDependenceLowGrayLevelEmphasis,[D] wavelet-HL_gldm_SmallDependenceLowGrayLevelEmphasis,0.0
BW+Doppler,Mutual Information,877,bw__wavelet-LH_ngtdm_Busyness,[BW] wavelet-LH_ngtdm_Busyness,0.0
BW+Doppler,Mutual Information,878,doppler__wavelet-HL_glrlm_GrayLevelVariance,[D] wavelet-HL_glrlm_GrayLevelVariance,0.0
BW+Doppler,Mutual Information,879,doppler__wavelet-HL_glrlm_LongRunEmphasis,[D] wavelet-HL_glrlm_LongRunEmphasis,0.0
BW+Doppler,Mutual Information,880,bw__wavelet-LH_glszm_SmallAreaHighGrayLevelEmphasis,[BW] wavelet-LH_glszm_SmallAreaHighGrayLevelEmphasis,0.0
BW+Doppler,Mutual Information,881,bw__wavelet-LH_glszm_SizeZoneNonUniformityNormalized,[BW] wavelet-LH_glszm_SizeZoneNonUniformityNormalized,0.0
BW+Doppler,Mutual Information,882,doppler__wavelet-HL_glrlm_RunLengthNonUniformity,[D] wavelet-HL_glrlm_RunLengthNonUniformity,0.0
BW+Doppler,Mutual Information,883,bw__wavelet-LH_glszm_LowGrayLevelZoneEmphasis,[BW] wavelet-LH_glszm_LowGrayLevelZoneEmphasis,0.0
BW+Doppler,Mutual Information,884,doppler__wavelet-HL_glrlm_ShortRunEmphasis,[D] wavelet-HL_glrlm_ShortRunEmphasis,0.0
BW+Doppler,Mutual Information,885,bw__wavelet-LH_glszm_HighGrayLevelZoneEmphasis,[BW] wavelet-LH_glszm_HighGrayLevelZoneEmphasis,0.0
BW+Doppler,Mutual Information,886,doppler__wavelet-HL_glszm_GrayLevelVariance,[D] wavelet-HL_glszm_GrayLevelVariance,0.0
BW+Doppler,Mutual Information,887,doppler__wavelet-HL_glszm_HighGrayLevelZoneEmphasis,[D] wavelet-HL_glszm_HighGrayLevelZoneEmphasis,0.0
BW+Doppler,Mutual Information,888,doppler__wavelet-HL_glszm_LargeAreaEmphasis,[D] wavelet-HL_glszm_LargeAreaEmphasis,0.0
BW+Doppler,Mutual Information,889,doppler__wavelet-HL_glszm_LargeAreaHighGrayLevelEmphasis,[D] wavelet-HL_glszm_LargeAreaHighGrayLevelEmphasis,0.0
BW+Doppler,Mutual Information,890,doppler__wavelet-HL_glszm_LowGrayLevelZoneEmphasis,[D] wavelet-HL_glszm_LowGrayLevelZoneEmphasis,0.0
BW+Doppler,Mutual Information,891,doppler__wavelet-HL_glszm_SmallAreaHighGrayLevelEmphasis,[D] wavelet-HL_glszm_SmallAreaHighGrayLevelEmphasis,0.0
BW+Doppler,Mutual Information,892,bw__wavelet-LH_glrlm_LowGrayLevelRunEmphasis,[BW] wavelet-LH_glrlm_LowGrayLevelRunEmphasis,0.0
BW+Doppler,Mutual Information,893,bw__wavelet-LH_glrlm_LongRunHighGrayLevelEmphasis,[BW] wavelet-LH_glrlm_LongRunHighGrayLevelEmphasis,0.0
BW+Doppler,Mutual Information,894,doppler__wavelet-HL_glszm_ZoneVariance,[D] wavelet-HL_glszm_ZoneVariance,0.0
BW+Doppler,Mutual Information,895,doppler__wavelet-HL_ngtdm_Contrast,[D] wavelet-HL_ngtdm_Contrast,0.0
BW+Doppler,Mutual Information,896,doppler__wavelet-HL_ngtdm_Strength,[D] wavelet-HL_ngtdm_Strength,0.0
BW+Doppler,Mutual Information,897,doppler__wavelet-HH_firstorder_90Percentile,[D] wavelet-HH_firstorder_90Percentile,0.0
BW+Doppler,Mutual Information,898,doppler__wavelet-HL_gldm_HighGrayLevelEmphasis,[D] wavelet-HL_gldm_HighGrayLevelEmphasis,0.0
BW+Doppler,Mutual Information,899,bw__wavelet-HL_firstorder_Range,[BW] wavelet-HL_firstorder_Range,0.0
BW+Doppler,Mutual Information,900,bw__wavelet-HL_firstorder_RootMeanSquared,[BW] wavelet-HL_firstorder_RootMeanSquared,0.0
BW+Doppler,Mutual Information,901,doppler__wavelet-HL_firstorder_Minimum,[D] wavelet-HL_firstorder_Minimum,0.0
BW+Doppler,Mutual Information,902,bw__wavelet-HL_glszm_ZonePercentage,[BW] wavelet-HL_glszm_ZonePercentage,0.0
BW+Doppler,Mutual Information,903,bw__wavelet-HL_glszm_SmallAreaLowGrayLevelEmphasis,[BW] wavelet-HL_glszm_SmallAreaLowGrayLevelEmphasis,0.0
BW+Doppler,Mutual Information,904,bw__wavelet-HL_glszm_SmallAreaHighGrayLevelEmphasis,[BW] wavelet-HL_glszm_SmallAreaHighGrayLevelEmphasis,0.0
BW+Doppler,Mutual Information,905,bw__wavelet-HL_glszm_SmallAreaEmphasis,[BW] wavelet-HL_glszm_SmallAreaEmphasis,0.0
BW+Doppler,Mutual Information,906,bw__wavelet-HL_glszm_SizeZoneNonUniformityNormalized,[BW] wavelet-HL_glszm_SizeZoneNonUniformityNormalized,0.0
BW+Doppler,Mutual Information,907,doppler__wavelet-LH_glszm_GrayLevelNonUniformityNormalized,[D] wavelet-LH_glszm_GrayLevelNonUniformityNormalized,0.0
BW+Doppler,Mutual Information,908,bw__wavelet-HL_glszm_LargeAreaLowGrayLevelEmphasis,[BW] wavelet-HL_glszm_LargeAreaLowGrayLevelEmphasis,0.0
BW+Doppler,Mutual Information,909,doppler__wavelet-LH_glszm_GrayLevelVariance,[D] wavelet-LH_glszm_GrayLevelVariance,0.0
BW+Doppler,Mutual Information,910,bw__wavelet-HL_glszm_GrayLevelVariance,[BW] wavelet-HL_glszm_GrayLevelVariance,0.0
BW+Doppler,Mutual Information,911,bw__wavelet-HL_glszm_GrayLevelNonUniformity,[BW] wavelet-HL_glszm_GrayLevelNonUniformity,0.0
BW+Doppler,Mutual Information,912,doppler__wavelet-HL_firstorder_MeanAbsoluteDeviation,[D] wavelet-HL_firstorder_MeanAbsoluteDeviation,0.0
BW+Doppler,Mutual Information,913,bw__wavelet-HL_glrlm_LongRunLowGrayLevelEmphasis,[BW] wavelet-HL_glrlm_LongRunLowGrayLevelEmphasis,0.0
BW+Doppler,Mutual Information,914,bw__wavelet-HL_glrlm_LongRunHighGrayLevelEmphasis,[BW] wavelet-HL_glrlm_LongRunHighGrayLevelEmphasis,0.0
BW+Doppler,Mutual Information,915,doppler__wavelet-HL_firstorder_Range,[D] wavelet-HL_firstorder_Range,0.0
BW+Doppler,Mutual Information,916,bw__wavelet-HL_firstorder_TotalEnergy,[BW] wavelet-HL_firstorder_TotalEnergy,0.0
BW+Doppler,Mutual Information,917,bw__wavelet-HL_gldm_LargeDependenceHighGrayLevelEmphasis,[BW] wavelet-HL_gldm_LargeDependenceHighGrayLevelEmphasis,0.0
BW+Doppler,Mutual Information,918,bw__wavelet-HL_glcm_SumEntropy,[BW] wavelet-HL_glcm_SumEntropy,0.0
BW+Doppler,Mutual Information,919,doppler__wavelet-HL_glcm_ClusterTendency,[D] wavelet-HL_glcm_ClusterTendency,0.0
BW+Doppler,Mutual Information,920,bw__wavelet-HL_glcm_MCC,[BW] wavelet-HL_glcm_MCC,0.0
BW+Doppler,Mutual Information,921,doppler__wavelet-HL_glcm_Contrast,[D] wavelet-HL_glcm_Contrast,0.0
BW+Doppler,Mutual Information,922,doppler__wavelet-HL_glcm_Correlation,[D] wavelet-HL_glcm_Correlation,0.0
BW+Doppler,Mutual Information,923,doppler__wavelet-HL_glcm_DifferenceAverage,[D] wavelet-HL_glcm_DifferenceAverage,0.0
BW+Doppler,Mutual Information,924,bw__wavelet-HL_glcm_Idn,[BW] wavelet-HL_glcm_Idn,0.0
BW+Doppler,Mutual Information,925,bw__wavelet-HL_glcm_Correlation,[BW] wavelet-HL_glcm_Correlation,0.0
BW+Doppler,Mutual Information,926,doppler__wavelet-HL_glcm_MaximumProbability,[D] wavelet-HL_glcm_MaximumProbability,0.0
BW+Doppler,Mutual Information,927,bw__wavelet-HL_glcm_ClusterShade,[BW] wavelet-HL_glcm_ClusterShade,0.0
BW+Doppler,Mutual Information,928,bw__wavelet-HL_glcm_ClusterProminence,[BW] wavelet-HL_glcm_ClusterProminence,0.0
BW+Doppler,Mutual Information,929,bw__wavelet-HL_firstorder_Variance,[BW] wavelet-HL_firstorder_Variance,0.0
BW+Doppler,Mutual Information,930,bw__wavelet-LL_ngtdm_Strength,[BW] wavelet-LL_ngtdm_Strength,0.0
